date,draw_time,d1,d2,d3,combo
2002-06-13,9PM,1,9,9,199
2002-06-14,9PM,1,9,3,193
2002-06-15,9PM,0,4,8,048
2002-06-16,9PM,9,5,9,959
2002-06-17,9PM,8,1,4,814
2002-06-18,9PM,7,0,6,706
2002-06-19,9PM,8,5,6,856
2002-06-20,9PM,6,5,4,654
2002-06-21,9PM,5,9,6,596
2002-06-22,9PM,1,6,6,166
2002-06-23,9PM,4,3,7,437
2002-06-24,9PM,3,4,2,342
2002-06-25,9PM,7,1,3,713
2002-06-26,9PM,2,7,0,270
2002-06-27,9PM,0,9,2,092
2002-06-28,9PM,3,3,4,334
2002-06-29,9PM,3,1,2,312
2002-06-30,9PM,9,8,2,982
2002-07-01,9PM,9,4,8,948
2002-07-02,9PM,8,9,2,892
2002-07-03,9PM,7,0,8,708
2002-07-04,9PM,3,8,7,387
2002-07-05,9PM,0,1,8,018
2002-07-06,9PM,6,2,2,622
2002-07-07,9PM,2,7,0,270
2002-07-08,9PM,2,8,6,286
2002-07-09,9PM,6,0,6,606
2002-07-10,9PM,2,0,5,205
2002-07-11,9PM,7,6,9,769
2002-07-12,9PM,6,7,6,676
2002-07-13,9PM,1,6,7,167
2002-07-14,9PM,6,8,3,683
2002-07-15,9PM,1,6,2,162
2002-07-16,9PM,5,9,9,599
2002-07-17,9PM,6,2,3,623
2002-07-18,9PM,3,7,8,378
2002-07-19,9PM,5,0,2,502
2002-07-20,9PM,1,8,2,182
2002-07-21,9PM,6,0,1,601
2002-07-22,9PM,0,8,9,089
2002-07-23,9PM,0,9,6,096
2002-07-24,9PM,4,0,1,401
2002-07-25,9PM,5,9,7,597
2002-07-26,9PM,2,1,5,215
2002-07-27,9PM,9,8,9,989
2002-07-28,9PM,4,6,0,460
2002-07-29,9PM,6,5,4,654
2002-07-30,9PM,4,2,8,428
2002-07-31,9PM,9,2,3,923
2002-08-01,9PM,6,8,4,684
2002-08-02,9PM,0,7,3,073
2002-08-03,9PM,2,9,7,297
2002-08-04,9PM,4,6,3,463
2002-08-05,9PM,7,1,7,717
2002-08-06,9PM,9,0,8,908
2002-08-07,9PM,9,2,3,923
2002-08-08,9PM,7,9,0,790
2002-08-09,9PM,2,2,3,223
2002-08-10,9PM,3,2,5,325
2002-08-11,9PM,6,2,4,624
2002-08-12,9PM,0,9,7,097
2002-08-13,9PM,5,5,4,554
2002-08-14,9PM,9,4,5,945
2002-08-15,9PM,2,7,8,278
2002-08-16,9PM,1,2,7,127
2002-08-17,9PM,2,1,0,210
2002-08-18,9PM,9,4,5,945
2002-08-19,9PM,9,0,4,904
2002-08-20,9PM,2,6,5,265
2002-08-21,9PM,9,5,2,952
2002-08-22,9PM,7,4,7,747
2002-08-23,9PM,7,3,3,733
2002-08-24,9PM,4,6,5,465
2002-08-25,9PM,8,7,8,878
2002-08-26,9PM,3,4,0,340
2002-08-27,9PM,8,8,3,883
2002-08-28,9PM,7,5,9,759
2002-08-29,9PM,9,2,2,922
2002-08-30,9PM,6,1,6,616
2002-08-31,9PM,7,8,5,785
2002-09-01,9PM,0,1,6,016
2002-09-02,9PM,4,2,2,422
2002-09-03,9PM,3,7,2,372
2002-09-04,9PM,9,1,9,919
2002-09-05,9PM,4,4,7,447
2002-09-06,9PM,0,4,4,044
2002-09-07,9PM,0,7,3,073
2002-09-08,9PM,5,6,0,560
2002-09-09,9PM,7,7,0,770
2002-09-10,9PM,1,3,8,138
2002-09-11,9PM,8,6,1,861
2002-09-12,9PM,2,0,3,203
2002-09-13,9PM,1,8,3,183
2002-09-14,9PM,5,2,9,529
2002-09-15,9PM,3,9,2,392
2002-09-16,9PM,5,2,3,523
2002-09-17,9PM,2,0,9,209
2002-09-18,9PM,0,1,3,013
2002-09-19,9PM,2,5,5,255
2002-09-20,9PM,1,7,4,174
2002-09-21,9PM,1,9,5,195
2002-09-22,9PM,9,7,2,972
2002-09-23,9PM,9,3,6,936
2002-09-24,9PM,1,4,2,142
2002-09-25,9PM,3,6,9,369
2002-09-26,9PM,7,4,5,745
2002-09-27,9PM,0,9,0,090
2002-09-28,9PM,0,9,6,096
2002-09-29,9PM,9,0,7,907
2002-09-30,9PM,2,2,9,229
2002-10-01,9PM,8,6,1,861
2002-10-02,9PM,0,2,3,023
2002-10-03,9PM,0,5,5,055
2002-10-04,9PM,0,3,8,038
2002-10-05,9PM,4,1,3,413
2002-10-06,9PM,0,6,3,063
2002-10-07,9PM,1,1,7,117
2002-10-08,9PM,4,8,4,484
2002-10-09,9PM,2,2,6,226
2002-10-10,9PM,5,6,5,565
2002-10-11,9PM,2,3,6,236
2002-10-12,9PM,7,9,3,793
2002-10-13,9PM,2,7,3,273
2002-10-14,9PM,8,2,4,824
2002-10-15,9PM,9,1,3,913
2002-10-16,9PM,8,3,4,834
2002-10-17,9PM,9,3,0,930
2002-10-18,9PM,3,6,5,365
2002-10-19,9PM,9,3,9,939
2002-10-20,9PM,7,9,6,796
2002-10-21,9PM,6,0,1,601
2002-10-22,9PM,3,0,4,304
2002-10-23,9PM,9,7,9,979
2002-10-24,9PM,5,4,0,540
2002-10-25,9PM,6,1,8,618
2002-10-26,9PM,7,8,9,789
2002-10-27,9PM,1,8,0,180
2002-10-28,9PM,0,0,4,004
2002-10-29,9PM,7,0,3,703
2002-10-30,9PM,2,2,1,221
2002-10-31,9PM,8,6,4,864
2002-11-01,9PM,5,9,6,596
2002-11-02,9PM,4,4,3,443
2002-11-03,9PM,5,0,3,503
2002-11-04,9PM,4,6,2,462
2002-11-05,9PM,4,4,0,440
2002-11-06,9PM,8,2,0,820
2002-11-07,9PM,4,0,8,408
2002-11-08,9PM,0,9,1,091
2002-11-09,9PM,1,9,3,193
2002-11-10,9PM,8,6,3,863
2002-11-11,9PM,8,4,8,848
2002-11-12,9PM,5,5,8,558
2002-11-13,9PM,4,1,2,412
2002-11-14,9PM,2,4,3,243
2002-11-15,9PM,7,2,4,724
2002-11-16,9PM,0,4,9,049
2002-11-17,9PM,3,6,1,361
2002-11-18,9PM,0,8,9,089
2002-11-19,9PM,9,5,0,950
2002-11-20,9PM,9,3,4,934
2002-11-21,9PM,9,8,6,986
2002-11-22,9PM,7,1,5,715
2002-11-23,9PM,4,2,7,427
2002-11-24,9PM,3,9,3,393
2002-11-25,9PM,0,8,8,088
2002-11-26,9PM,7,3,4,734
2002-11-27,9PM,1,5,4,154
2002-11-28,9PM,3,9,2,392
2002-11-29,9PM,9,0,3,903
2002-11-30,9PM,9,8,2,982
2002-12-01,9PM,2,5,2,252
2002-12-02,9PM,2,9,6,296
2002-12-03,9PM,5,1,7,517
2002-12-04,9PM,8,9,9,899
2002-12-05,9PM,2,7,9,279
2002-12-06,9PM,3,2,3,323
2002-12-07,9PM,7,6,5,765
2002-12-08,9PM,1,3,4,134
2002-12-09,9PM,8,7,4,874
2002-12-10,9PM,7,7,9,779
2002-12-11,9PM,2,4,0,240
2002-12-12,9PM,5,8,1,581
2002-12-13,9PM,6,2,1,621
2002-12-14,9PM,4,9,8,498
2002-12-15,9PM,6,6,6,666
2002-12-16,9PM,6,6,6,666
2002-12-17,9PM,4,2,6,426
2002-12-18,9PM,5,1,3,513
2002-12-19,9PM,4,5,3,453
2002-12-20,9PM,6,1,8,618
2002-12-21,9PM,0,0,5,005
2002-12-22,9PM,2,6,0,260
2002-12-23,9PM,2,6,5,265
2002-12-24,9PM,1,3,1,131
2002-12-26,9PM,2,0,3,203
2002-12-27,9PM,7,9,6,796
2002-12-28,9PM,5,6,1,561
2002-12-29,9PM,0,9,2,092
2002-12-30,9PM,7,0,7,707
2002-12-31,9PM,6,0,0,600
2003-01-02,9PM,5,7,3,573
2003-01-03,9PM,6,7,3,673
2003-01-04,9PM,2,7,7,277
2003-01-05,9PM,9,7,9,979
2003-01-06,9PM,3,6,2,362
2003-01-07,9PM,3,2,4,324
2003-01-08,9PM,1,5,3,153
2003-01-09,9PM,9,3,9,939
2003-01-10,9PM,8,1,0,810
2003-01-11,9PM,4,0,1,401
2003-01-12,9PM,7,2,0,720
2003-01-13,9PM,9,1,3,913
2003-01-14,9PM,9,9,5,995
2003-01-15,9PM,5,7,8,578
2003-01-16,9PM,8,1,1,811
2003-01-17,9PM,0,1,9,019
2003-01-18,9PM,7,1,3,713
2003-01-19,9PM,7,3,5,735
2003-01-20,9PM,6,8,5,685
2003-01-21,9PM,3,9,2,392
2003-01-22,9PM,2,1,8,218
2003-01-23,9PM,8,4,1,841
2003-01-24,9PM,5,5,2,552
2003-01-25,9PM,7,5,5,755
2003-01-26,9PM,3,4,1,341
2003-01-27,9PM,2,8,0,280
2003-01-28,9PM,8,4,7,847
2003-01-29,9PM,6,6,9,669
2003-01-30,9PM,7,3,8,738
2003-01-31,9PM,8,7,5,875
2003-02-01,9PM,8,0,0,800
2003-02-02,9PM,7,8,4,784
2003-02-03,9PM,8,9,0,890
2003-02-04,9PM,9,0,3,903
2003-02-05,9PM,0,3,6,036
2003-02-06,9PM,1,2,0,120
2003-02-07,9PM,7,5,8,758
2003-02-08,9PM,2,9,8,298
2003-02-09,9PM,2,6,2,262
2003-02-10,9PM,5,8,5,585
2003-02-11,9PM,9,8,6,986
2003-02-12,9PM,9,5,6,956
2003-02-13,9PM,3,7,5,375
2003-02-14,9PM,7,1,1,711
2003-02-15,9PM,5,5,4,554
2003-02-16,9PM,3,8,6,386
2003-02-17,9PM,3,5,6,356
2003-02-18,9PM,4,3,5,435
2003-02-19,9PM,9,6,8,968
2003-02-20,9PM,4,3,1,431
2003-02-21,9PM,3,6,5,365
2003-02-22,9PM,2,5,2,252
2003-02-23,9PM,9,1,5,915
2003-02-24,9PM,4,7,0,470
2003-02-25,9PM,6,6,8,668
2003-02-26,9PM,8,0,8,808
2003-02-27,9PM,8,9,6,896
2003-02-28,9PM,9,3,7,937
2003-03-01,9PM,8,4,4,844
2003-03-02,9PM,2,8,1,281
2003-03-03,9PM,4,3,4,434
2003-03-04,9PM,2,7,9,279
2003-03-05,9PM,7,9,6,796
2003-03-06,9PM,1,1,5,115
2003-03-07,9PM,4,3,9,439
2003-03-08,9PM,8,7,2,872
2003-03-09,9PM,2,4,8,248
2003-03-10,9PM,0,9,8,098
2003-03-11,9PM,6,3,8,638
2003-03-12,9PM,2,6,4,264
2003-03-13,9PM,5,0,1,501
2003-03-14,9PM,3,5,1,351
2003-03-15,9PM,9,0,6,906
2003-03-16,9PM,8,8,5,885
2003-03-17,9PM,1,7,9,179
2003-03-18,9PM,5,1,9,519
2003-03-19,9PM,9,7,0,970
2003-03-20,9PM,2,6,2,262
2003-03-21,9PM,4,7,9,479
2003-03-22,9PM,7,2,6,726
2003-03-23,9PM,3,8,2,382
2003-03-24,9PM,8,8,3,883
2003-03-25,9PM,8,1,1,811
2003-03-26,9PM,7,2,0,720
2003-03-27,9PM,8,9,3,893
2003-03-28,9PM,8,2,8,828
2003-03-29,9PM,1,8,6,186
2003-03-30,9PM,6,8,5,685
2003-03-31,9PM,4,9,9,499
2003-04-01,9PM,6,3,2,632
2003-04-02,9PM,7,0,7,707
2003-04-03,9PM,5,0,4,504
2003-04-04,9PM,3,0,8,308
2003-04-05,9PM,4,5,1,451
2003-04-06,9PM,2,4,1,241
2003-04-07,9PM,1,1,5,115
2003-04-08,9PM,9,9,7,997
2003-04-09,9PM,3,8,8,388
2003-04-10,9PM,1,5,7,157
2003-04-11,9PM,7,5,6,756
2003-04-12,9PM,9,5,3,953
2003-04-13,9PM,6,4,9,649
2003-04-14,9PM,6,0,9,609
2003-04-15,9PM,5,0,5,505
2003-04-16,9PM,8,9,4,894
2003-04-21,9PM,5,0,4,504
2003-04-22,9PM,9,0,5,905
2003-04-23,9PM,6,9,5,695
2003-04-24,9PM,4,1,8,418
2003-04-25,9PM,2,6,9,269
2003-04-26,9PM,7,4,3,743
2003-04-27,9PM,4,0,8,408
2003-04-28,9PM,5,8,2,582
2003-04-29,9PM,7,6,8,768
2003-04-30,9PM,3,6,4,364
2003-05-01,9PM,6,8,5,685
2003-05-02,9PM,1,1,5,115
2003-05-03,9PM,5,5,2,552
2003-05-04,9PM,0,3,9,039
2003-05-05,9PM,9,2,3,923
2003-05-06,9PM,8,1,8,818
2003-05-07,9PM,1,6,2,162
2003-05-08,9PM,0,7,3,073
2003-05-09,9PM,6,6,8,668
2003-05-10,9PM,9,4,3,943
2003-05-11,9PM,9,3,7,937
2003-05-12,9PM,9,9,0,990
2003-05-13,9PM,9,4,7,947
2003-05-14,9PM,2,6,5,265
2003-05-15,9PM,7,8,1,781
2003-05-16,9PM,9,4,0,940
2003-05-17,9PM,6,6,3,663
2003-05-18,9PM,1,9,5,195
2003-05-19,9PM,3,6,6,366
2003-05-20,9PM,4,7,5,475
2003-05-21,9PM,7,1,3,713
2003-05-22,9PM,4,6,9,469
2003-05-23,9PM,3,7,9,379
2003-05-24,9PM,1,6,6,166
2003-05-25,9PM,9,0,4,904
2003-05-26,9PM,4,1,0,410
2003-05-27,9PM,0,4,8,048
2003-05-28,9PM,6,6,1,661
2003-05-29,9PM,8,1,1,811
2003-05-30,9PM,9,7,0,970
2003-05-31,9PM,8,3,7,837
2003-06-01,9PM,1,0,8,108
2003-06-02,9PM,9,3,3,933
2003-06-03,9PM,3,3,0,330
2003-06-04,9PM,3,0,7,307
2003-06-05,9PM,5,8,6,586
2003-06-06,9PM,6,6,7,667
2003-06-07,9PM,7,8,0,780
2003-06-08,9PM,7,2,6,726
2003-06-09,9PM,8,7,8,878
2003-06-10,9PM,9,3,7,937
2003-06-11,9PM,5,9,4,594
2003-06-12,9PM,8,8,5,885
2003-06-13,9PM,8,3,0,830
2003-06-14,9PM,1,1,3,113
2003-06-15,9PM,4,5,0,450
2003-06-16,9PM,8,8,0,880
2003-06-17,9PM,4,4,8,448
2003-06-18,9PM,9,5,9,959
2003-06-19,9PM,3,5,7,357
2003-06-20,9PM,8,2,0,820
2003-06-21,9PM,2,3,0,230
2003-06-22,9PM,2,0,8,208
2003-06-23,9PM,5,6,1,561
2003-06-24,9PM,4,8,9,489
2003-06-25,9PM,0,7,2,072
2003-06-26,9PM,6,9,9,699
2003-06-27,9PM,3,4,7,347
2003-06-28,9PM,7,5,9,759
2003-06-29,9PM,1,5,4,154
2003-06-30,9PM,3,5,0,350
2003-07-01,9PM,2,3,2,232
2003-07-02,9PM,5,7,2,572
2003-07-03,9PM,8,7,5,875
2003-07-04,9PM,6,1,9,619
2003-07-05,9PM,2,6,3,263
2003-07-06,9PM,8,0,4,804
2003-07-07,9PM,6,4,7,647
2003-07-08,9PM,4,5,2,452
2003-07-09,9PM,2,4,6,246
2003-07-10,9PM,2,0,9,209
2003-07-11,9PM,0,4,0,040
2003-07-12,9PM,0,2,8,028
2003-07-13,9PM,1,1,4,114
2003-07-14,9PM,1,7,2,172
2003-07-15,9PM,1,6,1,161
2003-07-16,9PM,3,3,8,338
2003-07-17,9PM,9,1,0,910
2003-07-18,9PM,8,0,2,802
2003-07-19,9PM,9,1,8,918
2003-07-20,9PM,7,3,5,735
2003-07-21,9PM,8,5,5,855
2003-07-22,9PM,2,6,0,260
2003-07-23,9PM,3,1,9,319
2003-07-24,9PM,2,2,3,223
2003-07-25,9PM,1,1,2,112
2003-07-26,9PM,5,9,9,599
2003-07-27,9PM,9,0,9,909
2003-07-28,9PM,8,6,9,869
2003-07-29,9PM,5,7,0,570
2003-07-30,9PM,8,5,6,856
2003-07-31,9PM,0,1,9,019
2003-08-01,9PM,6,5,0,650
2003-08-02,9PM,6,1,6,616
2003-08-03,9PM,3,5,2,352
2003-08-04,9PM,9,9,3,993
2003-08-05,9PM,5,0,1,501
2003-08-06,9PM,4,7,7,477
2003-08-07,9PM,3,3,4,334
2003-08-08,9PM,9,8,4,984
2003-08-09,9PM,0,4,5,045
2003-08-10,9PM,0,7,5,075
2003-08-11,9PM,5,5,8,558
2003-08-12,9PM,9,7,3,973
2003-08-13,9PM,1,1,8,118
2003-08-14,9PM,5,7,4,574
2003-08-15,9PM,3,7,0,370
2003-08-16,9PM,3,4,6,346
2003-08-17,9PM,4,8,5,485
2003-08-18,9PM,5,0,3,503
2003-08-19,9PM,3,4,1,341
2003-08-20,9PM,5,3,6,536
2003-08-21,9PM,9,7,6,976
2003-08-22,9PM,9,5,1,951
2003-08-23,9PM,3,3,2,332
2003-08-24,9PM,3,2,9,329
2003-08-25,9PM,3,8,0,380
2003-08-26,9PM,5,7,8,578
2003-08-27,9PM,4,7,3,473
2003-08-28,9PM,0,9,4,094
2003-08-29,9PM,7,9,6,796
2003-08-30,9PM,5,3,4,534
2003-08-31,9PM,6,8,6,686
2003-09-01,9PM,7,8,2,782
2003-09-02,9PM,7,7,5,775
2003-09-03,9PM,9,4,0,940
2003-09-04,9PM,6,2,6,626
2003-09-05,9PM,5,3,4,534
2003-09-06,9PM,8,9,9,899
2003-09-07,9PM,1,3,9,139
2003-09-08,9PM,1,0,9,109
2003-09-09,9PM,0,6,3,063
2003-09-10,9PM,8,8,9,889
2003-09-11,9PM,0,2,4,024
2003-09-12,9PM,9,2,8,928
2003-09-13,9PM,4,2,1,421
2003-09-14,9PM,3,6,9,369
2003-09-15,9PM,1,7,9,179
2003-09-16,9PM,4,9,2,492
2003-09-17,9PM,3,3,5,335
2003-09-18,9PM,4,4,3,443
2003-09-19,9PM,1,4,7,147
2003-09-20,9PM,6,0,2,602
2003-09-21,9PM,7,9,2,792
2003-09-22,9PM,8,5,7,857
2003-09-23,9PM,2,5,7,257
2003-09-24,9PM,9,4,3,943
2003-09-25,9PM,8,2,6,826
2003-09-26,9PM,4,1,6,416
2003-09-27,9PM,1,7,8,178
2003-09-28,9PM,8,8,8,888
2003-09-29,9PM,6,6,6,666
2003-09-30,9PM,7,6,7,767
2003-10-01,9PM,4,0,2,402
2003-10-02,9PM,5,2,0,520
2003-10-03,9PM,3,8,4,384
2003-10-04,9PM,2,8,0,280
2003-10-05,9PM,0,5,3,053
2003-10-06,9PM,0,1,7,017
2003-10-07,9PM,2,6,5,265
2003-10-08,9PM,4,1,0,410
2003-10-09,9PM,7,1,1,711
2003-10-10,9PM,3,6,7,367
2003-10-11,9PM,9,5,0,950
2003-10-12,9PM,9,6,4,964
2003-10-13,9PM,3,4,1,341
2003-10-14,9PM,1,8,6,186
2003-10-15,9PM,8,7,4,874
2003-10-16,9PM,3,7,8,378
2003-10-17,9PM,2,4,2,242
2003-10-18,9PM,0,0,7,007
2003-10-19,9PM,1,1,9,119
2003-10-20,9PM,2,6,7,267
2003-10-21,9PM,0,7,7,077
2003-10-22,9PM,2,6,0,260
2003-10-23,9PM,8,9,9,899
2003-10-24,9PM,8,2,8,828
2003-10-25,9PM,1,2,8,128
2003-10-26,9PM,8,3,7,837
2003-10-27,9PM,9,7,7,977
2003-10-28,9PM,4,9,8,498
2003-10-29,9PM,9,2,4,924
2003-10-30,9PM,3,3,0,330
2003-10-31,9PM,0,1,1,011
2003-11-01,9PM,7,9,1,791
2003-11-02,9PM,2,7,9,279
2003-11-03,9PM,6,6,1,661
2003-11-04,9PM,0,1,7,017
2003-11-05,9PM,5,6,1,561
2003-11-06,9PM,4,4,4,444
2003-11-07,9PM,0,5,4,054
2003-11-08,9PM,7,0,0,700
2003-11-09,9PM,9,1,3,913
2003-11-10,9PM,9,1,9,919
2003-11-11,9PM,7,6,4,764
2003-11-12,9PM,6,6,0,660
2003-11-13,9PM,8,9,5,895
2003-11-14,9PM,9,6,3,963
2003-11-15,9PM,7,8,5,785
2003-11-16,9PM,7,6,4,764
2003-11-17,9PM,6,1,5,615
2003-11-18,9PM,0,5,7,057
2003-11-19,9PM,8,5,9,859
2003-11-20,9PM,4,4,5,445
2003-11-21,9PM,3,7,0,370
2003-11-22,9PM,3,5,9,359
2003-11-23,9PM,5,2,0,520
2003-11-24,9PM,5,6,4,564
2003-11-25,9PM,3,6,7,367
2003-11-26,9PM,0,9,2,092
2003-11-27,9PM,7,8,0,780
2003-11-28,9PM,9,1,7,917
2003-11-29,9PM,2,1,4,214
2003-11-30,9PM,7,2,2,722
2003-12-01,9PM,1,4,4,144
2003-12-02,9PM,4,6,7,467
2003-12-03,9PM,6,8,5,685
2003-12-04,9PM,2,8,1,281
2003-12-05,9PM,8,0,3,803
2003-12-06,9PM,9,8,2,982
2003-12-07,9PM,6,4,7,647
2003-12-08,9PM,1,6,4,164
2003-12-09,9PM,9,3,5,935
2003-12-10,9PM,6,4,4,644
2003-12-11,9PM,9,3,6,936
2003-12-12,9PM,8,0,7,807
2003-12-13,9PM,4,8,3,483
2003-12-14,9PM,4,4,5,445
2003-12-15,9PM,1,3,6,136
2003-12-16,9PM,7,1,9,719
2003-12-17,9PM,9,7,4,974
2003-12-18,9PM,0,2,2,022
2003-12-19,9PM,1,2,6,126
2003-12-20,9PM,6,9,5,695
2003-12-21,9PM,8,6,0,860
2003-12-22,9PM,8,8,1,881
2003-12-23,9PM,3,4,5,345
2003-12-24,9PM,9,9,7,997
2003-12-26,9PM,4,7,3,473
2003-12-27,9PM,8,8,5,885
2003-12-28,9PM,4,0,9,409
2003-12-29,9PM,3,1,7,317
2003-12-30,9PM,6,7,7,677
2003-12-31,9PM,4,3,9,439
2004-01-02,9PM,4,8,7,487
2004-01-03,9PM,3,1,3,313
2004-01-04,9PM,3,1,1,311
2004-01-05,9PM,1,3,2,132
2004-01-06,9PM,4,2,3,423
2004-01-07,9PM,0,0,4,004
2004-01-08,9PM,0,2,9,029
2004-01-09,9PM,1,1,4,114
2004-01-10,9PM,2,6,7,267
2004-01-11,9PM,2,3,4,234
2004-01-12,9PM,6,2,3,623
2004-01-13,9PM,9,6,4,964
2004-01-14,9PM,7,8,1,781
2004-01-15,9PM,2,7,9,279
2004-01-16,9PM,4,7,4,474
2004-01-17,9PM,7,8,2,782
2004-01-18,9PM,7,7,4,774
2004-01-19,9PM,4,7,9,479
2004-01-20,9PM,5,8,0,580
2004-01-21,9PM,6,1,2,612
2004-01-22,9PM,4,2,8,428
2004-01-23,9PM,0,1,6,016
2004-01-24,9PM,4,8,4,484
2004-01-25,9PM,9,9,7,997
2004-01-26,9PM,3,1,2,312
2004-01-27,9PM,4,9,6,496
2004-01-28,9PM,6,0,5,605
2004-01-29,9PM,4,6,4,464
2004-01-30,9PM,0,2,4,024
2004-01-31,9PM,6,2,1,621
2004-02-01,9PM,0,8,8,088
2004-02-02,9PM,4,4,3,443
2004-02-03,9PM,9,4,4,944
2004-02-04,9PM,6,0,2,602
2004-02-05,9PM,9,8,0,980
2004-02-06,9PM,9,3,1,931
2004-02-07,9PM,7,1,2,712
2004-02-08,9PM,3,0,7,307
2004-02-09,9PM,9,2,1,921
2004-02-10,9PM,0,6,0,060
2004-02-11,9PM,1,7,3,173
2004-02-12,9PM,0,1,2,012
2004-02-13,9PM,6,2,5,625
2004-02-14,9PM,4,1,1,411
2004-02-15,9PM,8,1,5,815
2004-02-16,9PM,0,3,7,037
2004-02-17,9PM,7,9,0,790
2004-02-18,9PM,6,8,1,681
2004-02-19,9PM,8,4,9,849
2004-02-20,9PM,3,0,6,306
2004-02-21,9PM,9,7,7,977
2004-02-22,9PM,4,1,6,416
2004-02-23,9PM,7,1,6,716
2004-02-24,9PM,3,8,5,385
2004-02-25,9PM,8,5,2,852
2004-02-26,9PM,9,7,4,974
2004-02-27,9PM,7,0,9,709
2004-02-28,9PM,4,3,1,431
2004-02-29,9PM,1,6,5,165
2004-03-01,9PM,5,8,9,589
2004-03-02,9PM,2,8,8,288
2004-03-03,9PM,8,0,0,800
2004-03-04,9PM,3,2,6,326
2004-03-05,9PM,2,9,2,292
2004-03-06,9PM,2,2,8,228
2004-03-07,9PM,8,2,5,825
2004-03-08,9PM,9,4,9,949
2004-03-09,9PM,9,4,4,944
2004-03-10,9PM,1,3,5,135
2004-03-11,9PM,3,4,3,343
2004-03-12,9PM,4,2,3,423
2004-03-13,9PM,2,1,4,214
2004-03-14,9PM,7,8,1,781
2004-03-15,9PM,9,2,7,927
2004-03-16,9PM,3,2,3,323
2004-03-17,9PM,4,8,4,484
2004-03-18,9PM,8,4,1,841
2004-03-19,9PM,0,1,0,010
2004-03-20,9PM,0,2,2,022
2004-03-21,9PM,4,3,6,436
2004-03-22,9PM,6,9,6,696
2004-03-23,9PM,0,3,7,037
2004-03-24,9PM,7,2,2,722
2004-03-25,9PM,1,0,3,103
2004-03-26,9PM,3,9,4,394
2004-03-27,9PM,4,6,2,462
2004-03-28,9PM,5,9,6,596
2004-03-29,9PM,4,3,9,439
2004-03-30,9PM,9,1,0,910
2004-03-31,9PM,0,6,3,063
2004-04-01,9PM,2,4,1,241
2004-04-02,9PM,8,6,2,862
2004-04-03,9PM,3,0,4,304
2004-04-04,9PM,1,6,1,161
2004-04-05,9PM,3,3,6,336
2004-04-06,9PM,9,1,8,918
2004-04-07,9PM,1,2,3,123
2004-04-12,9PM,1,3,4,134
2004-04-13,9PM,5,3,4,534
2004-04-14,9PM,9,2,1,921
2004-04-15,9PM,7,7,0,770
2004-04-16,9PM,6,1,0,610
2004-04-17,9PM,8,6,5,865
2004-04-18,9PM,8,4,3,843
2004-04-19,9PM,9,0,4,904
2004-04-20,9PM,3,4,7,347
2004-04-21,9PM,7,3,0,730
2004-04-22,9PM,3,6,4,364
2004-04-23,9PM,4,1,8,418
2004-04-24,9PM,3,7,7,377
2004-04-25,9PM,1,3,7,137
2004-04-26,9PM,0,6,8,068
2004-04-27,9PM,3,8,7,387
2004-04-28,9PM,5,9,9,599
2004-04-29,9PM,2,3,6,236
2004-04-30,9PM,9,3,5,935
2004-05-01,9PM,3,3,9,339
2004-05-02,9PM,0,1,9,019
2004-05-03,9PM,7,5,8,758
2004-05-04,9PM,1,9,7,197
2004-05-05,9PM,0,7,3,073
2004-05-06,9PM,8,6,9,869
2004-05-07,9PM,6,1,9,619
2004-05-08,9PM,7,8,5,785
2004-05-09,9PM,9,3,7,937
2004-05-10,9PM,4,2,9,429
2004-05-11,9PM,2,1,5,215
2004-05-12,9PM,7,9,7,797
2004-05-13,9PM,9,1,9,919
2004-05-14,9PM,5,3,2,532
2004-05-15,9PM,7,5,6,756
2004-05-16,9PM,7,5,6,756
2004-05-17,9PM,7,0,0,700
2004-05-18,9PM,8,1,7,817
2004-05-19,9PM,9,1,2,912
2004-05-20,9PM,2,9,8,298
2004-05-21,9PM,5,6,0,560
2004-05-22,9PM,5,7,4,574
2004-05-23,9PM,2,4,8,248
2004-05-24,9PM,9,7,2,972
2004-05-25,9PM,8,8,6,886
2004-05-26,9PM,0,5,8,058
2004-05-27,9PM,0,0,2,002
2004-05-28,9PM,7,0,0,700
2004-05-29,9PM,2,1,7,217
2004-05-30,9PM,0,9,6,096
2004-05-31,9PM,9,2,8,928
2004-06-01,9PM,0,4,9,049
2004-06-02,9PM,4,5,5,455
2004-06-03,9PM,5,3,5,535
2004-06-04,9PM,9,6,9,969
2004-06-05,9PM,9,3,0,930
2004-06-06,9PM,7,2,9,729
2004-06-07,9PM,3,6,6,366
2004-06-08,9PM,7,5,1,751
2004-06-09,9PM,5,4,5,545
2004-06-10,9PM,1,3,1,131
2004-06-11,9PM,6,6,2,662
2004-06-12,9PM,2,0,2,202
2004-06-13,9PM,7,2,0,720
2004-06-14,9PM,4,5,1,451
2004-06-15,9PM,4,3,9,439
2004-06-16,9PM,6,3,3,633
2004-06-17,9PM,4,6,9,469
2004-06-18,9PM,0,7,5,075
2004-06-19,9PM,3,3,2,332
2004-06-20,9PM,7,3,5,735
2004-06-21,9PM,3,3,0,330
2004-06-22,9PM,4,5,1,451
2004-06-23,9PM,5,0,4,504
2004-06-24,9PM,2,3,6,236
2004-06-25,9PM,1,8,7,187
2004-06-26,9PM,9,7,3,973
2004-06-27,9PM,2,8,2,282
2004-06-28,9PM,5,6,2,562
2004-06-29,9PM,5,3,0,530
2004-06-30,9PM,7,4,0,740
2004-07-01,9PM,9,5,7,957
2004-07-02,9PM,9,5,4,954
2004-07-03,9PM,7,6,5,765
2004-07-04,9PM,6,0,4,604
2004-07-05,9PM,8,4,0,840
2004-07-06,9PM,2,0,2,202
2004-07-07,9PM,3,1,3,313
2004-07-08,9PM,3,6,9,369
2004-07-09,9PM,5,4,8,548
2004-07-10,9PM,0,6,8,068
2004-07-11,9PM,7,1,6,716
2004-07-12,9PM,5,6,1,561
2004-07-13,9PM,7,2,1,721
2004-07-14,9PM,6,2,1,621
2004-07-15,9PM,1,7,7,177
2004-07-16,9PM,3,1,8,318
2004-07-17,9PM,8,1,5,815
2004-07-18,9PM,3,3,7,337
2004-07-19,9PM,8,3,7,837
2004-07-20,9PM,7,1,9,719
2004-07-21,9PM,5,6,3,563
2004-07-22,9PM,9,3,3,933
2004-07-23,9PM,5,8,8,588
2004-07-24,9PM,3,7,5,375
2004-07-25,9PM,2,2,9,229
2004-07-26,9PM,9,6,3,963
2004-07-27,9PM,8,4,5,845
2004-07-28,9PM,6,8,9,689
2004-07-29,9PM,2,7,0,270
2004-07-30,9PM,4,1,0,410
2004-07-31,9PM,2,2,1,221
2004-08-01,9PM,4,0,4,404
2004-08-02,9PM,2,8,7,287
2004-08-03,9PM,7,9,3,793
2004-08-04,9PM,0,0,6,006
2004-08-05,9PM,4,6,6,466
2004-08-06,9PM,8,3,8,838
2004-08-07,9PM,0,4,7,047
2004-08-08,9PM,1,6,1,161
2004-08-09,9PM,1,4,0,140
2004-08-10,9PM,8,2,5,825
2004-08-11,9PM,4,5,8,458
2004-08-12,9PM,0,8,7,087
2004-08-13,9PM,3,7,9,379
2004-08-14,9PM,8,9,2,892
2004-08-15,9PM,4,2,5,425
2004-08-16,9PM,6,0,7,607
2004-08-17,9PM,0,6,7,067
2004-08-18,9PM,1,8,9,189
2004-08-19,9PM,7,0,5,705
2004-08-20,9PM,1,1,9,119
2004-08-21,9PM,5,0,1,501
2004-08-22,9PM,8,5,4,854
2004-08-23,9PM,6,5,4,654
2004-08-24,9PM,8,5,6,856
2004-08-25,9PM,5,6,7,567
2004-08-26,9PM,3,4,3,343
2004-08-27,9PM,4,0,4,404
2004-08-28,9PM,1,9,5,195
2004-08-29,9PM,6,2,4,624
2004-08-30,9PM,7,5,2,752
2004-08-31,9PM,7,8,4,784
2004-09-01,9PM,8,7,8,878
2004-09-02,9PM,1,6,0,160
2004-09-03,9PM,0,4,6,046
2004-09-04,9PM,9,5,4,954
2004-09-05,9PM,7,0,4,704
2004-09-06,9PM,7,2,1,721
2004-09-07,9PM,7,5,4,754
2004-09-08,9PM,8,2,6,826
2004-09-09,9PM,5,5,0,550
2004-09-10,9PM,4,3,1,431
2004-09-11,9PM,0,1,1,011
2004-09-12,9PM,2,6,9,269
2004-09-13,9PM,9,8,6,986
2004-09-14,9PM,4,3,2,432
2004-09-15,9PM,7,8,3,783
2004-09-16,9PM,8,3,9,839
2004-09-17,9PM,2,3,3,233
2004-09-18,9PM,1,0,7,107
2004-09-19,9PM,3,4,5,345
2004-09-20,9PM,0,9,3,093
2004-09-21,9PM,5,2,6,526
2004-09-22,9PM,8,5,4,854
2004-09-23,9PM,1,0,3,103
2004-09-24,9PM,5,1,5,515
2004-09-25,9PM,7,3,9,739
2004-09-26,9PM,5,7,7,577
2004-09-27,9PM,4,9,0,490
2004-09-28,9PM,6,5,9,659
2004-09-29,9PM,9,6,7,967
2004-09-30,9PM,9,7,0,970
2004-10-01,9PM,6,9,5,695
2004-10-02,9PM,8,0,8,808
2004-10-03,9PM,9,7,0,970
2004-10-04,9PM,1,4,3,143
2004-10-05,9PM,8,7,1,871
2004-10-06,9PM,7,3,0,730
2004-10-07,9PM,2,4,8,248
2004-10-08,9PM,3,9,8,398
2004-10-09,9PM,5,0,3,503
2004-10-10,9PM,8,4,1,841
2004-10-11,9PM,4,7,3,473
2004-10-12,9PM,2,2,0,220
2004-10-13,9PM,0,6,7,067
2004-10-14,9PM,4,4,5,445
2004-10-15,9PM,0,0,8,008
2004-10-16,9PM,5,3,2,532
2004-10-17,9PM,9,5,6,956
2004-10-18,9PM,9,8,4,984
2004-10-19,9PM,0,0,3,003
2004-10-20,9PM,7,0,0,700
2004-10-21,9PM,9,6,9,969
2004-10-22,9PM,9,9,8,998
2004-10-23,9PM,6,7,1,671
2004-10-24,9PM,6,3,0,630
2004-10-25,9PM,7,7,9,779
2004-10-26,9PM,7,5,1,751
2004-10-27,9PM,4,1,2,412
2004-10-28,9PM,4,7,8,478
2004-10-29,9PM,3,9,5,395
2004-10-30,9PM,6,5,3,653
2004-10-31,9PM,8,6,1,861
2004-11-01,9PM,5,9,7,597
2004-11-02,9PM,5,4,8,548
2004-11-03,9PM,1,0,1,101
2004-11-04,9PM,6,9,9,699
2004-11-05,9PM,9,5,4,954
2004-11-06,9PM,7,1,5,715
2004-11-07,9PM,7,7,3,773
2004-11-08,9PM,7,2,1,721
2004-11-09,9PM,8,3,6,836
2004-11-10,9PM,1,3,4,134
2004-11-11,9PM,8,0,4,804
2004-11-12,9PM,2,4,5,245
2004-11-13,9PM,8,6,0,860
2004-11-14,9PM,5,7,2,572
2004-11-15,9PM,2,7,5,275
2004-11-16,9PM,6,6,3,663
2004-11-17,9PM,5,7,7,577
2004-11-18,9PM,5,4,0,540
2004-11-19,9PM,0,5,8,058
2004-11-20,9PM,5,6,8,568
2004-11-21,9PM,7,0,2,702
2004-11-22,9PM,5,7,3,573
2004-11-23,9PM,5,3,8,538
2004-11-24,9PM,1,1,7,117
2004-11-25,9PM,4,7,8,478
2004-11-26,9PM,2,6,0,260
2004-11-27,9PM,4,1,7,417
2004-11-28,9PM,4,8,1,481
2004-11-29,9PM,3,2,5,325
2004-11-30,9PM,7,3,0,730
2004-12-01,9PM,4,1,6,416
2004-12-02,9PM,5,4,9,549
2004-12-03,9PM,3,7,7,377
2004-12-04,9PM,5,4,6,546
2004-12-05,9PM,2,2,6,226
2004-12-06,9PM,0,0,1,001
2004-12-07,9PM,3,0,0,300
2004-12-08,9PM,2,0,5,205
2004-12-09,9PM,2,0,7,207
2004-12-10,9PM,6,6,9,669
2004-12-11,9PM,8,6,5,865
2004-12-12,9PM,8,1,0,810
2004-12-13,9PM,3,2,6,326
2004-12-14,9PM,3,7,5,375
2004-12-15,9PM,5,6,3,563
2004-12-16,9PM,4,5,3,453
2004-12-17,9PM,0,5,2,052
2004-12-18,9PM,0,3,0,030
2004-12-19,9PM,6,8,1,681
2004-12-20,9PM,5,9,9,599
2004-12-21,9PM,3,7,6,376
2004-12-22,9PM,9,9,7,997
2004-12-23,9PM,3,7,1,371
2004-12-24,9PM,1,5,5,155
2004-12-26,9PM,3,8,0,380
2004-12-27,9PM,1,5,4,154
2004-12-28,9PM,7,0,2,702
2004-12-29,9PM,9,6,5,965
2004-12-30,9PM,7,4,1,741
2004-12-31,9PM,4,4,3,443
2005-01-02,9PM,4,7,3,473
2005-01-03,9PM,6,4,7,647
2005-01-04,9PM,2,9,0,290
2005-01-05,9PM,5,2,5,525
2005-01-06,9PM,6,7,2,672
2005-01-07,9PM,3,1,4,314
2005-01-08,9PM,1,5,2,152
2005-01-09,9PM,3,8,2,382
2005-01-10,9PM,1,1,2,112
2005-01-11,9PM,2,8,5,285
2005-01-12,9PM,7,5,4,754
2005-01-13,9PM,7,9,0,790
2005-01-14,9PM,6,7,0,670
2005-01-15,9PM,0,3,0,030
2005-01-16,9PM,9,6,8,968
2005-01-17,9PM,5,0,2,502
2005-01-18,9PM,3,3,2,332
2005-01-19,9PM,7,7,3,773
2005-01-20,9PM,1,0,8,108
2005-01-21,9PM,5,4,6,546
2005-01-22,9PM,0,4,3,043
2005-01-23,9PM,5,1,3,513
2005-01-24,9PM,0,9,4,094
2005-01-25,9PM,1,8,5,185
2005-01-26,9PM,9,6,4,964
2005-01-27,9PM,1,6,7,167
2005-01-28,9PM,4,7,3,473
2005-01-29,9PM,8,8,7,887
2005-01-30,9PM,5,4,6,546
2005-01-31,9PM,4,1,7,417
2005-02-01,9PM,0,0,4,004
2005-02-02,9PM,7,5,5,755
2005-02-03,9PM,8,2,3,823
2005-02-04,9PM,2,5,0,250
2005-02-05,9PM,6,1,0,610
2005-02-06,9PM,9,1,8,918
2005-02-07,9PM,9,3,2,932
2005-02-08,9PM,8,4,5,845
2005-02-09,9PM,5,0,9,509
2005-02-10,9PM,4,2,5,425
2005-02-11,9PM,4,1,7,417
2005-02-12,9PM,4,4,7,447
2005-02-13,9PM,9,6,6,966
2005-02-14,9PM,1,4,3,143
2005-02-15,9PM,2,8,9,289
2005-02-16,9PM,4,6,7,467
2005-02-17,9PM,4,9,0,490
2005-02-18,9PM,9,8,9,989
2005-02-19,9PM,1,0,6,106
2005-02-20,9PM,9,0,0,900
2005-02-21,9PM,2,0,7,207
2005-02-22,9PM,2,9,7,297
2005-02-23,9PM,3,8,9,389
2005-02-24,9PM,0,9,3,093
2005-02-25,9PM,4,9,9,499
2005-02-26,9PM,1,2,6,126
2005-02-27,9PM,9,8,0,980
2005-02-28,9PM,8,6,0,860
2005-03-01,9PM,7,7,0,770
2005-03-02,9PM,8,1,4,814
2005-03-03,9PM,5,2,5,525
2005-03-04,9PM,1,0,8,108
2005-03-05,9PM,4,6,1,461
2005-03-06,9PM,2,2,5,225
2005-03-07,9PM,6,9,3,693
2005-03-08,9PM,1,8,6,186
2005-03-09,9PM,4,2,1,421
2005-03-10,9PM,9,0,0,900
2005-03-11,9PM,1,9,9,199
2005-03-12,9PM,2,6,9,269
2005-03-13,9PM,2,6,9,269
2005-03-14,9PM,5,2,5,525
2005-03-15,9PM,8,1,5,815
2005-03-16,9PM,8,2,0,820
2005-03-17,9PM,1,2,6,126
2005-03-18,9PM,1,5,2,152
2005-03-19,9PM,2,0,8,208
2005-03-20,9PM,0,2,6,026
2005-03-21,9PM,9,3,5,935
2005-03-22,9PM,3,4,8,348
2005-03-23,9PM,4,2,3,423
2005-03-24,9PM,9,3,2,932
2005-03-28,9PM,6,7,0,670
2005-03-29,9PM,4,9,4,494
2005-03-30,9PM,0,3,7,037
2005-03-31,9PM,7,2,2,722
2005-04-01,9PM,4,1,4,414
2005-04-02,9PM,9,2,5,925
2005-04-03,9PM,4,7,4,474
2005-04-04,9PM,6,8,1,681
2005-04-05,9PM,0,5,4,054
2005-04-06,9PM,7,5,6,756
2005-04-07,9PM,4,2,6,426
2005-04-08,9PM,3,6,3,363
2005-04-09,9PM,1,3,8,138
2005-04-10,9PM,2,1,8,218
2005-04-11,9PM,8,2,7,827
2005-04-12,9PM,0,3,1,031
2005-04-13,9PM,6,2,0,620
2005-04-14,9PM,2,3,0,230
2005-04-15,9PM,1,5,4,154
2005-04-16,9PM,5,8,7,587
2005-04-17,9PM,9,9,5,995
2005-04-18,9PM,0,7,5,075
2005-04-19,9PM,6,8,6,686
2005-04-20,9PM,3,4,2,342
2005-04-21,9PM,3,4,9,349
2005-04-22,9PM,9,1,9,919
2005-04-23,9PM,8,8,5,885
2005-04-24,9PM,8,8,5,885
2005-04-25,9PM,0,6,4,064
2005-04-26,9PM,8,1,0,810
2005-04-27,9PM,5,0,8,508
2005-04-28,9PM,4,8,6,486
2005-04-29,9PM,1,2,3,123
2005-04-30,9PM,6,4,2,642
2005-05-01,9PM,7,8,8,788
2005-05-02,9PM,6,5,0,650
2005-05-03,9PM,3,9,0,390
2005-05-04,9PM,3,0,1,301
2005-05-05,9PM,4,6,2,462
2005-05-06,9PM,6,9,4,694
2005-05-07,9PM,3,6,7,367
2005-05-08,9PM,0,9,9,099
2005-05-09,9PM,4,9,6,496
2005-05-10,9PM,3,1,3,313
2005-05-11,9PM,4,3,9,439
2005-05-12,9PM,5,0,9,509
2005-05-13,9PM,6,7,8,678
2005-05-14,9PM,6,7,4,674
2005-05-15,9PM,7,5,0,750
2005-05-16,9PM,1,6,0,160
2005-05-17,9PM,8,4,1,841
2005-05-18,9PM,8,8,7,887
2005-05-19,9PM,3,7,6,376
2005-05-20,9PM,3,0,3,303
2005-05-21,9PM,0,8,2,082
2005-05-22,9PM,3,2,7,327
2005-05-23,9PM,7,9,3,793
2005-05-24,9PM,5,8,3,583
2005-05-25,9PM,7,9,3,793
2005-05-26,9PM,2,4,1,241
2005-05-27,9PM,3,0,5,305
2005-05-28,9PM,5,8,0,580
2005-05-29,9PM,8,0,2,802
2005-05-30,9PM,8,1,7,817
2005-05-31,9PM,1,2,4,124
2005-06-01,9PM,4,0,0,400
2005-06-02,9PM,0,6,6,066
2005-06-03,9PM,8,3,4,834
2005-06-04,9PM,2,4,4,244
2005-06-05,9PM,0,4,1,041
2005-06-06,9PM,2,9,6,296
2005-06-07,9PM,9,2,0,920
2005-06-08,9PM,6,9,7,697
2005-06-09,9PM,8,4,3,843
2005-06-10,9PM,5,0,3,503
2005-06-11,9PM,0,9,4,094
2005-06-12,9PM,3,3,9,339
2005-06-13,9PM,5,3,6,536
2005-06-14,9PM,0,8,7,087
2005-06-15,9PM,7,9,5,795
2005-06-16,9PM,9,4,0,940
2005-06-17,9PM,3,8,1,381
2005-06-18,9PM,1,9,2,192
2005-06-19,9PM,6,6,9,669
2005-06-20,9PM,4,1,4,414
2005-06-21,9PM,8,9,3,893
2005-06-22,9PM,9,3,0,930
2005-06-23,9PM,6,2,5,625
2005-06-24,9PM,3,2,8,328
2005-06-25,9PM,0,9,6,096
2005-06-26,9PM,0,5,4,054
2005-06-27,9PM,6,2,3,623
2005-06-28,9PM,7,0,5,705
2005-06-29,9PM,3,3,4,334
2005-06-30,9PM,2,4,9,249
2005-07-01,9PM,0,0,2,002
2005-07-02,9PM,0,6,9,069
2005-07-03,9PM,0,5,8,058
2005-07-04,9PM,2,0,3,203
2005-07-05,9PM,4,1,3,413
2005-07-06,9PM,4,6,6,466
2005-07-07,9PM,9,8,6,986
2005-07-08,9PM,1,1,5,115
2005-07-09,9PM,5,8,2,582
2005-07-10,9PM,3,0,3,303
2005-07-11,9PM,7,9,9,799
2005-07-12,9PM,9,7,2,972
2005-07-13,9PM,6,6,3,663
2005-07-14,9PM,3,1,2,312
2005-07-15,9PM,8,4,2,842
2005-07-16,9PM,8,1,1,811
2005-07-17,9PM,9,2,4,924
2005-07-18,9PM,2,6,0,260
2005-07-19,9PM,3,3,3,333
2005-07-20,9PM,7,8,8,788
2005-07-21,9PM,1,1,2,112
2005-07-22,9PM,8,4,7,847
2005-07-23,9PM,5,8,0,580
2005-07-24,9PM,8,0,7,807
2005-07-25,9PM,3,3,2,332
2005-07-26,9PM,6,8,7,687
2005-07-27,9PM,7,4,1,741
2005-07-28,9PM,2,3,1,231
2005-07-29,9PM,7,2,4,724
2005-07-30,9PM,0,7,9,079
2005-07-31,9PM,7,7,7,777
2005-08-01,9PM,9,4,7,947
2005-08-02,9PM,9,2,2,922
2005-08-03,9PM,5,8,0,580
2005-08-04,9PM,2,9,6,296
2005-08-05,9PM,6,0,5,605
2005-08-06,9PM,9,3,5,935
2005-08-07,9PM,4,3,4,434
2005-08-08,9PM,5,6,3,563
2005-08-09,9PM,7,1,8,718
2005-08-10,9PM,2,9,1,291
2005-08-11,9PM,8,3,4,834
2005-08-12,9PM,5,0,9,509
2005-08-13,9PM,1,5,6,156
2005-08-14,9PM,5,9,9,599
2005-08-15,9PM,3,3,7,337
2005-08-16,9PM,9,2,3,923
2005-08-17,9PM,7,1,8,718
2005-08-18,9PM,6,7,1,671
2005-08-19,9PM,4,8,4,484
2005-08-20,9PM,6,4,8,648
2005-08-21,9PM,5,7,3,573
2005-08-22,9PM,9,6,1,961
2005-08-23,9PM,9,6,1,961
2005-08-24,9PM,6,6,6,666
2005-08-25,9PM,5,3,8,538
2005-08-26,9PM,6,7,0,670
2005-08-27,9PM,8,6,2,862
2005-08-28,9PM,2,5,7,257
2005-08-29,9PM,3,2,5,325
2005-08-30,9PM,7,1,5,715
2005-08-31,9PM,3,3,3,333
2005-09-01,9PM,8,4,8,848
2005-09-02,9PM,8,2,2,822
2005-09-03,9PM,7,7,7,777
2005-09-04,9PM,2,3,1,231
2005-09-05,9PM,5,6,2,562
2005-09-06,9PM,4,1,5,415
2005-09-07,9PM,0,9,9,099
2005-09-08,9PM,2,7,4,274
2005-09-09,9PM,1,0,3,103
2005-09-10,9PM,2,3,6,236
2005-09-11,9PM,3,9,4,394
2005-09-12,9PM,2,0,8,208
2005-09-13,9PM,0,1,4,014
2005-09-14,9PM,4,5,3,453
2005-09-15,9PM,3,7,0,370
2005-09-16,9PM,6,1,3,613
2005-09-17,9PM,4,3,9,439
2005-09-18,9PM,3,8,7,387
2005-09-19,9PM,9,3,4,934
2005-09-20,9PM,6,8,4,684
2005-09-21,9PM,1,1,5,115
2005-09-22,9PM,1,9,1,191
2005-09-23,9PM,6,3,8,638
2005-09-24,9PM,4,6,6,466
2005-09-25,9PM,6,1,1,611
2005-09-26,9PM,3,7,9,379
2005-09-27,9PM,9,1,8,918
2005-09-28,9PM,9,5,1,951
2005-09-29,9PM,3,9,4,394
2005-09-30,9PM,4,2,3,423
2005-10-01,9PM,8,6,5,865
2005-10-02,9PM,7,8,5,785
2005-10-03,9PM,4,3,8,438
2005-10-04,9PM,2,1,2,212
2005-10-05,9PM,2,8,3,283
2005-10-06,9PM,7,8,7,787
2005-10-07,9PM,4,1,8,418
2005-10-08,9PM,8,2,7,827
2005-10-09,9PM,8,4,8,848
2005-10-10,9PM,0,9,1,091
2005-10-11,9PM,6,0,9,609
2005-10-12,9PM,1,3,4,134
2005-10-13,9PM,7,1,1,711
2005-10-14,9PM,9,1,7,917
2005-10-15,9PM,8,9,6,896
2005-10-16,9PM,5,1,1,511
2005-10-17,9PM,0,5,4,054
2005-10-18,9PM,0,9,6,096
2005-10-19,9PM,0,0,8,008
2005-10-20,9PM,9,4,3,943
2005-10-21,9PM,2,2,5,225
2005-10-22,9PM,6,5,5,655
2005-10-23,9PM,5,7,4,574
2005-10-24,9PM,3,2,8,328
2005-10-25,9PM,6,9,2,692
2005-10-26,9PM,3,4,0,340
2005-10-27,9PM,0,3,5,035
2005-10-28,9PM,7,5,1,751
2005-10-29,9PM,8,2,4,824
2005-10-30,9PM,5,9,0,590
2005-10-31,9PM,4,9,3,493
2005-11-01,9PM,4,1,1,411
2005-11-02,9PM,5,9,5,595
2005-11-03,9PM,0,4,4,044
2005-11-04,9PM,0,5,5,055
2005-11-05,9PM,9,2,1,921
2005-11-06,9PM,8,4,5,845
2005-11-07,9PM,7,2,3,723
2005-11-08,9PM,7,8,0,780
2005-11-09,9PM,0,2,1,021
2005-11-10,9PM,0,0,4,004
2005-11-11,9PM,6,2,6,626
2005-11-12,9PM,8,4,3,843
2005-11-13,9PM,0,0,4,004
2005-11-14,9PM,7,5,4,754
2005-11-15,9PM,3,8,0,380
2005-11-16,9PM,0,2,1,021
2005-11-17,9PM,1,0,6,106
2005-11-18,9PM,5,5,6,556
2005-11-19,9PM,5,2,1,521
2005-11-20,9PM,1,4,2,142
2005-11-21,9PM,5,3,5,535
2005-11-22,9PM,2,5,1,251
2005-11-23,9PM,9,9,6,996
2005-11-24,9PM,8,6,7,867
2005-11-25,9PM,1,5,6,156
2005-11-26,9PM,1,6,1,161
2005-11-27,9PM,9,9,2,992
2005-11-28,9PM,7,5,8,758
2005-11-29,9PM,8,2,1,821
2005-11-30,9PM,0,0,3,003
2005-12-01,9PM,5,1,7,517
2005-12-02,9PM,5,5,8,558
2005-12-03,9PM,8,3,0,830
2005-12-04,9PM,9,2,8,928
2005-12-05,9PM,0,6,4,064
2005-12-06,9PM,7,0,2,702
2005-12-07,9PM,1,9,3,193
2005-12-08,9PM,7,6,7,767
2005-12-09,9PM,3,9,7,397
2005-12-10,9PM,8,1,6,816
2005-12-11,9PM,1,5,0,150
2005-12-12,9PM,8,4,1,841
2005-12-13,9PM,0,8,8,088
2005-12-14,9PM,3,8,6,386
2005-12-15,9PM,7,1,3,713
2005-12-16,9PM,8,4,7,847
2005-12-17,9PM,3,3,5,335
2005-12-18,9PM,6,8,8,688
2005-12-19,9PM,0,0,9,009
2005-12-20,9PM,1,7,8,178
2005-12-21,9PM,1,6,7,167
2005-12-22,9PM,4,3,7,437
2005-12-23,9PM,1,0,9,109
2005-12-24,9PM,6,5,0,650
2005-12-26,9PM,0,7,9,079
2005-12-27,9PM,8,2,8,828
2005-12-28,9PM,1,7,0,170
2005-12-29,9PM,2,9,7,297
2005-12-30,9PM,0,0,7,007
2005-12-31,9PM,8,0,9,809
2006-01-02,9PM,9,0,4,904
2006-01-03,9PM,1,1,7,117
2006-01-04,9PM,5,8,7,587
2006-01-05,9PM,1,0,8,108
2006-01-06,9PM,4,8,4,484
2006-01-07,9PM,1,7,3,173
2006-01-08,9PM,0,3,3,033
2006-01-09,9PM,6,3,2,632
2006-01-10,9PM,7,9,3,793
2006-01-11,9PM,6,0,6,606
2006-01-12,9PM,9,8,2,982
2006-01-13,9PM,3,4,8,348
2006-01-14,9PM,0,1,8,018
2006-01-15,9PM,2,1,1,211
2006-01-16,9PM,5,4,9,549
2006-01-17,9PM,5,5,9,559
2006-01-18,9PM,1,7,7,177
2006-01-19,9PM,4,9,5,495
2006-01-20,9PM,6,4,8,648
2006-01-21,9PM,5,2,1,521
2006-01-22,9PM,5,0,2,502
2006-01-23,9PM,1,8,2,182
2006-01-24,9PM,7,6,2,762
2006-01-25,9PM,4,1,5,415
2006-01-26,9PM,7,2,8,728
2006-01-27,9PM,6,1,7,617
2006-01-28,9PM,1,5,2,152
2006-01-29,9PM,6,0,0,600
2006-01-30,9PM,7,3,4,734
2006-01-31,9PM,2,4,5,245
2006-02-01,9PM,5,1,4,514
2006-02-02,9PM,5,9,7,597
2006-02-03,9PM,5,7,6,576
2006-02-04,9PM,2,1,7,217
2006-02-05,9PM,7,0,0,700
2006-02-06,9PM,9,8,1,981
2006-02-07,9PM,0,9,7,097
2006-02-08,9PM,5,6,0,560
2006-02-09,9PM,0,8,9,089
2006-02-10,9PM,3,0,7,307
2006-02-11,9PM,1,3,8,138
2006-02-12,9PM,0,0,6,006
2006-02-13,9PM,8,4,1,841
2006-02-14,9PM,1,1,3,113
2006-02-15,9PM,3,3,7,337
2006-02-16,9PM,5,9,2,592
2006-02-17,9PM,3,0,9,309
2006-02-18,9PM,4,3,6,436
2006-02-19,9PM,2,8,9,289
2006-02-20,9PM,8,5,1,851
2006-02-21,9PM,1,2,1,121
2006-02-22,9PM,1,8,4,184
2006-02-23,9PM,5,3,8,538
2006-02-24,9PM,1,7,0,170
2006-02-25,9PM,5,1,4,514
2006-02-26,9PM,3,4,8,348
2006-02-27,9PM,4,4,3,443
2006-02-28,9PM,1,2,9,129
2006-03-01,9PM,4,5,9,459
2006-03-02,9PM,3,2,1,321
2006-03-03,9PM,8,1,8,818
2006-03-04,9PM,9,5,7,957
2006-03-05,9PM,7,8,8,788
2006-03-06,9PM,4,8,1,481
2006-03-07,9PM,0,1,2,012
2006-03-08,9PM,4,3,3,433
2006-03-09,9PM,8,7,9,879
2006-03-10,9PM,6,2,6,626
2006-03-11,9PM,6,7,7,677
2006-03-12,9PM,0,6,9,069
2006-03-13,9PM,0,0,4,004
2006-03-14,9PM,9,4,9,949
2006-03-15,9PM,4,9,0,490
2006-03-16,9PM,3,7,8,378
2006-03-17,9PM,7,1,2,712
2006-03-18,9PM,4,9,5,495
2006-03-19,9PM,4,2,4,424
2006-03-20,9PM,4,6,4,464
2006-03-21,9PM,3,7,3,373
2006-03-22,9PM,9,8,8,988
2006-03-23,9PM,1,1,9,119
2006-03-24,9PM,7,7,6,776
2006-03-25,9PM,3,5,9,359
2006-03-26,9PM,0,3,7,037
2006-03-27,9PM,5,8,4,584
2006-03-28,9PM,3,0,0,300
2006-03-29,9PM,3,3,7,337
2006-03-30,9PM,1,4,0,140
2006-03-31,9PM,5,6,5,565
2006-04-01,9PM,4,5,3,453
2006-04-02,9PM,6,7,1,671
2006-04-03,9PM,9,1,0,910
2006-04-04,9PM,8,2,0,820
2006-04-05,9PM,8,3,4,834
2006-04-06,9PM,1,5,2,152
2006-04-07,9PM,6,0,0,600
2006-04-08,9PM,1,9,9,199
2006-04-09,9PM,5,9,2,592
2006-04-10,9PM,1,8,5,185
2006-04-11,9PM,1,2,0,120
2006-04-12,9PM,7,4,5,745
2006-04-17,9PM,4,6,4,464
2006-04-18,9PM,6,0,1,601
2006-04-19,9PM,3,4,9,349
2006-04-20,9PM,7,8,4,784
2006-04-21,9PM,9,2,1,921
2006-04-22,9PM,8,2,7,827
2006-04-23,9PM,0,4,2,042
2006-04-24,9PM,0,7,2,072
2006-04-25,9PM,4,5,3,453
2006-04-26,9PM,6,0,2,602
2006-04-27,9PM,6,9,4,694
2006-04-28,9PM,5,1,7,517
2006-04-29,9PM,7,9,7,797
2006-04-30,9PM,6,9,8,698
2006-05-01,9PM,4,0,5,405
2006-05-02,9PM,2,2,1,221
2006-05-03,9PM,1,9,4,194
2006-05-04,9PM,2,8,3,283
2006-05-05,9PM,8,7,7,877
2006-05-06,9PM,2,6,3,263
2006-05-07,9PM,1,3,9,139
2006-05-08,9PM,4,8,6,486
2006-05-09,9PM,0,7,6,076
2006-05-10,9PM,3,5,4,354
2006-05-11,9PM,2,3,4,234
2006-05-12,9PM,8,3,5,835
2006-05-13,9PM,3,8,3,383
2006-05-14,9PM,9,8,4,984
2006-05-15,9PM,4,5,0,450
2006-05-16,9PM,3,6,1,361
2006-05-17,9PM,2,3,1,231
2006-05-18,9PM,8,1,5,815
2006-05-19,9PM,6,5,3,653
2006-05-20,9PM,0,3,2,032
2006-05-21,9PM,2,2,8,228
2006-05-22,9PM,9,7,3,973
2006-05-23,9PM,4,1,7,417
2006-05-24,9PM,2,9,8,298
2006-05-25,9PM,4,5,6,456
2006-05-26,9PM,1,3,0,130
2006-05-27,9PM,5,9,7,597
2006-05-28,9PM,5,3,7,537
2006-05-29,9PM,4,0,7,407
2006-05-30,9PM,8,2,4,824
2006-05-31,9PM,5,2,0,520
2006-06-01,9PM,8,5,0,850
2006-06-02,9PM,9,5,6,956
2006-06-03,9PM,4,7,0,470
2006-06-04,9PM,9,2,7,927
2006-06-05,9PM,3,5,9,359
2006-06-06,9PM,6,9,3,693
2006-06-07,9PM,7,9,7,797
2006-06-08,9PM,5,3,2,532
2006-06-09,9PM,1,7,7,177
2006-06-10,9PM,3,5,3,353
2006-06-11,9PM,5,8,8,588
2006-06-12,9PM,2,0,9,209
2006-06-13,9PM,8,6,8,868
2006-06-14,9PM,8,5,4,854
2006-06-15,9PM,5,6,8,568
2006-06-16,9PM,5,6,7,567
2006-06-17,9PM,5,9,7,597
2006-06-18,9PM,1,0,1,101
2006-06-19,9PM,8,5,8,858
2006-06-20,9PM,0,0,3,003
2006-06-21,9PM,3,8,1,381
2006-06-22,9PM,3,7,7,377
2006-06-23,9PM,0,5,1,051
2006-06-24,9PM,8,6,6,866
2006-06-25,9PM,7,2,6,726
2006-06-26,9PM,0,9,6,096
2006-06-27,9PM,2,3,8,238
2006-06-28,9PM,7,2,8,728
2006-06-29,9PM,6,1,9,619
2006-06-30,9PM,3,8,1,381
2006-07-01,9PM,5,9,7,597
2006-07-02,9PM,1,5,0,150
2006-07-03,9PM,0,5,9,059
2006-07-04,9PM,9,7,9,979
2006-07-05,9PM,5,0,7,507
2006-07-06,9PM,3,3,7,337
2006-07-07,9PM,9,5,9,959
2006-07-08,9PM,5,5,4,554
2006-07-09,9PM,0,3,9,039
2006-07-10,9PM,4,0,3,403
2006-07-11,9PM,7,4,5,745
2006-07-12,9PM,0,9,7,097
2006-07-13,9PM,8,8,1,881
2006-07-14,9PM,7,8,6,786
2006-07-15,9PM,3,5,1,351
2006-07-16,9PM,8,4,1,841
2006-07-17,9PM,7,7,1,771
2006-07-18,9PM,1,6,8,168
2006-07-19,9PM,5,9,2,592
2006-07-20,9PM,6,0,4,604
2006-07-21,9PM,8,3,8,838
2006-07-22,9PM,8,8,8,888
2006-07-23,9PM,3,4,4,344
2006-07-24,9PM,7,4,9,749
2006-07-25,9PM,5,0,1,501
2006-07-26,9PM,8,8,4,884
2006-07-27,9PM,3,1,5,315
2006-07-28,9PM,2,6,5,265
2006-07-29,9PM,8,8,2,882
2006-07-30,9PM,2,6,6,266
2006-07-31,9PM,5,2,2,522
2006-08-01,9PM,1,0,5,105
2006-08-02,9PM,8,9,4,894
2006-08-03,9PM,6,2,7,627
2006-08-04,9PM,2,5,5,255
2006-08-05,9PM,2,7,5,275
2006-08-06,9PM,3,2,3,323
2006-08-07,9PM,5,6,9,569
2006-08-08,9PM,3,0,6,306
2006-08-09,9PM,8,7,0,870
2006-08-10,9PM,4,5,8,458
2006-08-11,9PM,0,4,2,042
2006-08-12,9PM,9,5,3,953
2006-08-13,9PM,2,1,2,212
2006-08-14,9PM,2,6,5,265
2006-08-15,9PM,8,9,8,898
2006-08-16,9PM,7,7,0,770
2006-08-17,9PM,6,8,1,681
2006-08-18,9PM,2,6,0,260
2006-08-20,9PM,4,4,1,441
2006-08-21,9PM,5,8,9,589
2006-08-22,9PM,6,0,2,602
2006-08-23,9PM,2,4,9,249
2006-08-24,9PM,3,5,3,353
2006-08-25,9PM,2,8,8,288
2006-08-26,9PM,5,8,0,580
2006-08-27,9PM,5,7,8,578
2006-08-28,9PM,6,4,0,640
2006-08-29,9PM,7,6,2,762
2006-08-30,9PM,9,3,6,936
2006-08-31,9PM,5,8,0,580
2006-09-01,9PM,5,0,2,502
2006-09-02,9PM,3,5,0,350
2006-09-03,9PM,9,8,8,988
2006-09-04,9PM,1,0,8,108
2006-09-05,9PM,3,9,2,392
2006-09-06,9PM,7,4,3,743
2006-09-07,9PM,4,3,8,438
2006-09-08,9PM,4,8,7,487
2006-09-09,9PM,3,2,1,321
2006-09-10,9PM,1,0,6,106
2006-09-11,9PM,3,5,8,358
2006-09-12,9PM,3,8,0,380
2006-09-13,9PM,5,1,4,514
2006-09-14,9PM,9,3,2,932
2006-09-15,9PM,1,8,1,181
2006-09-16,9PM,9,3,3,933
2006-09-17,9PM,5,7,4,574
2006-09-18,9PM,2,4,5,245
2006-09-19,9PM,4,0,3,403
2006-09-20,9PM,0,5,3,053
2006-09-21,9PM,6,4,9,649
2006-09-22,9PM,4,5,0,450
2006-09-23,9PM,6,0,6,606
2006-09-24,9PM,4,5,5,455
2006-09-25,9PM,6,7,7,677
2006-09-26,9PM,0,0,5,005
2006-09-27,9PM,4,4,5,445
2006-09-28,9PM,1,1,7,117
2006-09-29,9PM,2,2,9,229
2006-09-30,9PM,5,0,0,500
2006-10-01,9PM,2,3,5,235
2006-10-02,9PM,0,9,6,096
2006-10-03,9PM,2,9,1,291
2006-10-04,9PM,6,1,8,618
2006-10-05,9PM,8,0,8,808
2006-10-06,9PM,8,5,1,851
2006-10-07,9PM,0,5,7,057
2006-10-08,9PM,2,2,5,225
2006-10-09,9PM,8,0,4,804
2006-10-10,9PM,9,4,7,947
2006-10-11,9PM,8,6,1,861
2006-10-12,9PM,9,7,7,977
2006-10-13,9PM,5,3,5,535
2006-10-14,9PM,5,8,9,589
2006-10-15,9PM,5,0,6,506
2006-10-16,9PM,5,8,0,580
2006-10-17,9PM,8,4,8,848
2006-10-18,9PM,4,1,5,415
2006-10-19,9PM,6,4,7,647
2006-10-20,9PM,2,8,7,287
2006-10-21,9PM,2,4,6,246
2006-10-22,9PM,9,9,4,994
2006-10-23,9PM,6,4,8,648
2006-10-24,9PM,9,8,1,981
2006-10-25,9PM,3,7,5,375
2006-10-26,9PM,1,8,1,181
2006-10-27,9PM,7,7,7,777
2006-10-28,9PM,8,7,5,875
2006-10-29,9PM,8,6,2,862
2006-10-30,9PM,0,2,2,022
2006-10-31,9PM,3,5,8,358
2006-11-01,9PM,8,3,2,832
2006-11-02,9PM,7,7,1,771
2006-11-03,9PM,8,3,6,836
2006-11-04,9PM,7,0,3,703
2006-11-05,9PM,7,7,8,778
2006-11-06,9PM,0,4,9,049
2006-11-07,9PM,1,2,2,122
2006-11-08,2PM,5,3,5,535
2006-11-08,9PM,3,2,9,329
2006-11-09,2PM,6,2,5,625
2006-11-09,9PM,5,4,7,547
2006-11-10,9PM,6,5,3,653
2006-11-11,9PM,3,4,3,343
2006-11-12,9PM,0,5,9,059
2006-11-13,2PM,3,2,7,327
2006-11-13,9PM,8,1,7,817
2006-11-14,9PM,7,8,6,786
2006-11-15,2PM,2,0,5,205
2006-11-15,9PM,3,7,8,378
2006-11-16,2PM,1,4,3,143
2006-11-16,9PM,7,0,2,702
2006-11-17,2PM,9,0,9,909
2006-11-17,9PM,1,6,7,167
2006-11-18,2PM,1,5,8,158
2006-11-18,9PM,6,9,6,696
2006-11-19,2PM,5,5,3,553
2006-11-19,9PM,3,4,2,342
2006-11-20,2PM,9,2,1,921
2006-11-20,9PM,8,6,7,867
2006-11-21,2PM,9,9,0,990
2006-11-21,9PM,1,3,1,131
2006-11-22,2PM,9,8,1,981
2006-11-22,9PM,6,2,2,622
2006-11-23,2PM,6,5,4,654
2006-11-23,9PM,7,3,6,736
2006-11-24,2PM,8,4,9,849
2006-11-24,9PM,3,9,2,392
2006-11-25,2PM,1,9,1,191
2006-11-25,9PM,4,0,8,408
2006-11-26,2PM,4,0,1,401
2006-11-26,9PM,6,1,6,616
2006-11-27,2PM,6,2,8,628
2006-11-27,9PM,6,1,1,611
2006-11-28,2PM,3,6,2,362
2006-11-28,9PM,4,5,2,452
2006-11-29,2PM,6,3,4,634
2006-11-29,9PM,2,4,8,248
2006-11-30,2PM,6,5,1,651
2006-11-30,9PM,5,7,4,574
2006-12-01,2PM,9,9,6,996
2006-12-01,9PM,9,4,9,949
2006-12-02,2PM,9,5,6,956
2006-12-02,9PM,9,4,0,940
2006-12-03,2PM,2,2,0,220
2006-12-03,9PM,7,5,3,753
2006-12-04,2PM,9,8,9,989
2006-12-04,9PM,9,0,0,900
2006-12-05,2PM,9,8,7,987
2006-12-05,9PM,6,1,7,617
2006-12-06,2PM,7,9,4,794
2006-12-06,9PM,0,7,9,079
2006-12-07,2PM,4,4,8,448
2006-12-07,9PM,6,9,6,696
2006-12-08,2PM,4,7,9,479
2006-12-08,9PM,7,2,6,726
2006-12-09,2PM,8,4,5,845
2006-12-09,9PM,1,0,1,101
2006-12-10,2PM,5,2,1,521
2006-12-10,9PM,9,4,0,940
2006-12-11,2PM,2,6,3,263
2006-12-11,9PM,4,1,1,411
2006-12-12,2PM,4,6,4,464
2006-12-12,9PM,1,9,0,190
2006-12-13,2PM,8,2,6,826
2006-12-13,9PM,5,9,8,598
2006-12-14,2PM,0,1,8,018
2006-12-14,9PM,0,1,0,010
2006-12-15,2PM,4,1,6,416
2006-12-15,9PM,0,7,5,075
2006-12-16,2PM,3,4,1,341
2006-12-16,9PM,7,9,0,790
2006-12-17,2PM,3,0,8,308
2006-12-17,9PM,4,8,9,489
2006-12-18,2PM,9,0,9,909
2006-12-18,9PM,6,0,7,607
2006-12-19,2PM,4,1,8,418
2006-12-19,9PM,5,7,6,576
2006-12-20,2PM,2,7,1,271
2006-12-20,9PM,2,3,5,235
2006-12-21,2PM,4,9,9,499
2006-12-21,9PM,6,2,1,621
2006-12-22,2PM,5,8,8,588
2006-12-22,9PM,2,2,8,228
2006-12-23,2PM,4,1,8,418
2006-12-23,9PM,9,4,5,945
2006-12-24,2PM,1,5,2,152
2006-12-24,9PM,2,1,6,216
2006-12-26,2PM,1,6,3,163
2006-12-26,9PM,6,9,5,695
2006-12-27,2PM,2,0,2,202
2006-12-27,9PM,4,0,7,407
2006-12-28,2PM,7,9,8,798
2006-12-28,9PM,6,1,3,613
2006-12-29,2PM,3,2,5,325
2006-12-29,9PM,9,6,2,962
2006-12-30,2PM,6,1,7,617
2006-12-30,9PM,5,1,0,510
2006-12-31,2PM,1,9,7,197
2006-12-31,9PM,5,0,5,505
2013-01-02,11AM,4,7,3,473
2013-01-02,4PM,3,2,8,328
2013-01-02,9PM,9,2,6,926
2013-01-03,11AM,8,4,1,841
2013-01-03,4PM,7,3,0,730
2013-01-03,9PM,9,5,9,959
2013-01-04,11AM,5,6,4,564
2013-01-04,4PM,0,4,7,047
2013-01-04,9PM,8,8,6,886
2013-01-05,11AM,7,5,2,752
2013-01-05,4PM,0,2,7,027
2013-01-05,9PM,0,8,5,085
2013-01-06,11AM,6,2,0,620
2013-01-06,4PM,7,3,7,737
2013-01-06,9PM,5,2,9,529
2013-01-07,11AM,1,7,0,170
2013-01-07,4PM,8,6,9,869
2013-01-07,9PM,9,9,6,996
2013-01-08,11AM,8,0,7,807
2013-01-08,4PM,8,1,8,818
2013-01-08,9PM,3,8,6,386
2013-01-09,11AM,6,1,9,619
2013-01-09,4PM,4,6,8,468
2013-01-09,9PM,9,2,6,926
2013-01-10,11AM,4,0,2,402
2013-01-10,4PM,4,5,3,453
2013-01-10,9PM,1,3,4,134
2013-01-11,11AM,7,9,0,790
2013-01-11,4PM,6,4,0,640
2013-01-11,9PM,7,9,0,790
2013-01-12,11AM,0,5,2,052
2013-01-12,4PM,6,3,2,632
2013-01-12,9PM,8,2,0,820
2013-01-13,11AM,5,2,5,525
2013-01-13,4PM,4,0,3,403
2013-01-13,9PM,1,2,6,126
2013-01-14,11AM,1,5,0,150
2013-01-14,4PM,1,3,9,139
2013-01-14,9PM,6,0,1,601
2013-01-15,11AM,5,1,3,513
2013-01-15,4PM,3,6,8,368
2013-01-15,9PM,0,5,9,059
2013-01-16,11AM,2,5,3,253
2013-01-16,4PM,8,8,7,887
2013-01-16,9PM,9,0,7,907
2013-01-17,11AM,4,6,0,460
2013-01-17,4PM,6,9,2,692
2013-01-17,9PM,5,3,5,535
2013-01-18,11AM,0,0,1,001
2013-01-18,4PM,8,1,1,811
2013-01-18,9PM,8,3,5,835
2013-01-19,11AM,6,4,8,648
2013-01-19,4PM,3,8,7,387
2013-01-19,9PM,8,2,7,827
2013-01-20,11AM,2,0,4,204
2013-01-20,4PM,1,1,3,113
2013-01-20,9PM,9,4,5,945
2013-01-21,11AM,3,6,8,368
2013-01-21,4PM,5,0,4,504
2013-01-21,9PM,6,7,8,678
2013-01-22,11AM,1,3,3,133
2013-01-22,4PM,0,5,4,054
2013-01-22,9PM,0,4,2,042
2013-01-23,11AM,5,6,7,567
2013-01-23,4PM,9,7,7,977
2013-01-23,9PM,2,4,6,246
2013-01-24,11AM,7,3,7,737
2013-01-24,4PM,4,1,3,413
2013-01-24,9PM,1,8,4,184
2013-01-25,11AM,8,2,7,827
2013-01-25,4PM,7,9,4,794
2013-01-25,9PM,3,0,1,301
2013-01-26,11AM,3,3,9,339
2013-01-26,4PM,2,6,3,263
2013-01-26,9PM,3,2,3,323
2013-01-27,11AM,2,3,2,232
2013-01-27,4PM,8,1,1,811
2013-01-27,9PM,8,7,1,871
2013-01-28,11AM,7,5,3,753
2013-01-28,4PM,5,0,6,506
2013-01-28,9PM,7,6,0,760
2013-01-29,11AM,6,2,8,628
2013-01-29,4PM,2,5,0,250
2013-01-29,9PM,8,1,9,819
2013-01-30,11AM,5,4,8,548
2013-01-30,4PM,9,7,6,976
2013-01-30,9PM,5,1,6,516
2013-01-31,11AM,4,1,1,411
2013-01-31,4PM,4,3,0,430
2013-01-31,9PM,5,4,1,541
2013-02-01,11AM,5,9,4,594
2013-02-01,4PM,5,5,9,559
2013-02-01,9PM,1,7,0,170
2013-02-02,11AM,8,8,8,888
2013-02-02,4PM,7,4,0,740
2013-02-02,9PM,7,7,6,776
2013-02-03,11AM,9,1,8,918
2013-02-03,4PM,0,9,7,097
2013-02-03,9PM,9,8,7,987
2013-02-04,11AM,6,8,1,681
2013-02-04,4PM,7,2,0,720
2013-02-04,9PM,1,3,8,138
2013-02-05,11AM,0,0,6,006
2013-02-05,4PM,6,5,9,659
2013-02-05,9PM,4,1,7,417
2013-02-06,11AM,1,8,3,183
2013-02-06,4PM,0,3,3,033
2013-02-06,9PM,3,6,3,363
2013-02-07,11AM,8,8,0,880
2013-02-07,4PM,7,6,5,765
2013-02-07,9PM,4,1,0,410
2013-02-08,11AM,5,7,3,573
2013-02-08,4PM,5,2,7,527
2013-02-08,9PM,3,9,6,396
2013-02-09,11AM,0,4,8,048
2013-02-09,4PM,1,2,7,127
2013-02-09,9PM,6,2,6,626
2013-02-10,11AM,2,3,7,237
2013-02-10,4PM,8,6,4,864
2013-02-10,9PM,6,7,8,678
2013-02-11,11AM,4,0,2,402
2013-02-11,4PM,8,3,1,831
2013-02-11,9PM,9,6,7,967
2013-02-12,11AM,3,8,9,389
2013-02-12,4PM,6,1,1,611
2013-02-12,9PM,6,6,1,661
2013-02-13,11AM,0,3,2,032
2013-02-13,4PM,8,9,2,892
2013-02-13,9PM,5,5,1,551
2013-02-14,11AM,0,6,6,066
2013-02-14,4PM,1,3,9,139
2013-02-14,9PM,4,1,5,415
2013-02-15,11AM,2,4,6,246
2013-02-15,4PM,4,2,2,422
2013-02-15,9PM,9,3,4,934
2013-02-16,11AM,3,2,3,323
2013-02-16,4PM,2,8,8,288
2013-02-16,9PM,2,0,4,204
2013-02-17,11AM,1,2,4,124
2013-02-17,4PM,6,2,4,624
2013-02-17,9PM,3,0,6,306
2013-02-18,11AM,4,7,8,478
2013-02-18,4PM,8,6,9,869
2013-02-18,9PM,2,3,7,237
2013-02-19,11AM,2,5,4,254
2013-02-19,4PM,2,3,1,231
2013-02-19,9PM,5,8,9,589
2013-02-20,11AM,7,1,3,713
2013-02-20,4PM,9,9,3,993
2013-02-20,9PM,3,3,9,339
2013-02-21,11AM,2,5,4,254
2013-02-21,4PM,5,2,0,520
2013-02-21,9PM,8,8,6,886
2013-02-22,11AM,9,0,5,905
2013-02-22,4PM,4,5,3,453
2013-02-22,9PM,4,6,2,462
2013-02-23,11AM,0,1,1,011
2013-02-23,4PM,4,0,8,408
2013-02-23,9PM,7,5,4,754
2013-02-24,11AM,4,9,5,495
2013-02-24,4PM,4,7,0,470
2013-02-24,9PM,5,3,4,534
2013-02-25,11AM,8,9,6,896
2013-02-25,4PM,6,9,6,696
2013-02-25,9PM,0,0,1,001
2013-02-26,11AM,5,6,5,565
2013-02-26,4PM,4,6,8,468
2013-02-26,9PM,1,0,1,101
2013-02-27,11AM,7,6,0,760
2013-02-27,4PM,9,4,7,947
2013-02-27,9PM,3,3,7,337
2013-02-28,11AM,6,4,0,640
2013-02-28,4PM,2,0,1,201
2013-02-28,9PM,1,5,2,152
2013-03-01,11AM,7,3,2,732
2013-03-01,4PM,3,5,3,353
2013-03-01,9PM,8,3,3,833
2013-03-02,11AM,1,6,2,162
2013-03-02,4PM,8,0,0,800
2013-03-02,9PM,6,0,6,606
2013-03-03,11AM,2,6,6,266
2013-03-03,4PM,6,2,7,627
2013-03-03,9PM,3,8,0,380
2013-03-04,11AM,9,9,2,992
2013-03-04,4PM,4,5,8,458
2013-03-04,9PM,0,2,3,023
2013-03-05,11AM,4,9,1,491
2013-03-05,4PM,0,2,8,028
2013-03-05,9PM,3,1,7,317
2013-03-06,11AM,2,8,7,287
2013-03-06,4PM,1,9,8,198
2013-03-06,9PM,8,7,2,872
2013-03-07,11AM,8,3,5,835
2013-03-07,4PM,4,6,0,460
2013-03-07,9PM,6,4,8,648
2013-03-08,11AM,6,0,2,602
2013-03-08,4PM,0,1,5,015
2013-03-08,9PM,1,6,2,162
2013-03-09,11AM,4,2,1,421
2013-03-09,4PM,4,2,1,421
2013-03-09,9PM,4,4,4,444
2013-03-10,11AM,6,2,3,623
2013-03-10,4PM,6,3,8,638
2013-03-10,9PM,7,3,1,731
2013-03-11,11AM,9,6,5,965
2013-03-11,4PM,7,4,0,740
2013-03-11,9PM,8,2,5,825
2013-03-12,11AM,8,2,4,824
2013-03-12,4PM,4,0,8,408
2013-03-12,9PM,9,4,7,947
2013-03-13,11AM,1,5,6,156
2013-03-13,4PM,7,5,2,752
2013-03-13,9PM,1,6,9,169
2013-03-14,11AM,6,6,6,666
2013-03-14,4PM,9,5,2,952
2013-03-14,9PM,2,9,4,294
2013-03-15,11AM,3,9,7,397
2013-03-15,4PM,1,7,0,170
2013-03-15,9PM,7,3,9,739
2013-03-16,11AM,3,3,6,336
2013-03-16,4PM,1,6,3,163
2013-03-16,9PM,5,0,5,505
2013-03-17,11AM,0,2,3,023
2013-03-17,4PM,1,1,4,114
2013-03-17,9PM,8,1,0,810
2013-03-18,11AM,8,7,6,876
2013-03-18,4PM,3,8,5,385
2013-03-18,9PM,4,4,0,440
2013-03-19,11AM,9,4,3,943
2013-03-19,4PM,0,3,6,036
2013-03-19,9PM,9,7,6,976
2013-03-20,11AM,7,8,3,783
2013-03-20,4PM,8,1,6,816
2013-03-20,9PM,6,1,6,616
2013-03-21,11AM,5,4,6,546
2013-03-21,4PM,6,6,0,660
2013-03-21,9PM,6,1,1,611
2013-03-22,11AM,6,8,2,682
2013-03-22,4PM,9,3,9,939
2013-03-22,9PM,7,8,3,783
2013-03-23,11AM,6,8,0,680
2013-03-23,4PM,6,8,2,682
2013-03-23,9PM,9,3,7,937
2013-03-24,11AM,0,1,7,017
2013-03-24,4PM,3,1,8,318
2013-03-24,9PM,8,4,9,849
2013-03-25,11AM,5,2,6,526
2013-03-25,4PM,1,0,2,102
2013-03-25,9PM,7,2,5,725
2013-03-26,11AM,4,9,7,497
2013-03-26,4PM,7,0,0,700
2013-03-26,9PM,2,2,0,220
2013-03-27,11AM,3,9,6,396
2013-03-27,4PM,7,4,9,749
2013-03-27,9PM,6,5,3,653
2013-04-01,11AM,9,2,3,923
2013-04-01,4PM,8,2,5,825
2013-04-01,9PM,7,8,7,787
2013-04-02,11AM,6,5,7,657
2013-04-02,4PM,1,6,3,163
2013-04-02,9PM,0,4,3,043
2013-04-03,11AM,3,3,1,331
2013-04-03,4PM,6,6,3,663
2013-04-03,9PM,3,7,4,374
2013-04-04,11AM,4,2,1,421
2013-04-04,4PM,5,8,3,583
2013-04-04,9PM,9,7,0,970
2013-04-05,11AM,1,8,4,184
2013-04-05,4PM,0,7,3,073
2013-04-05,9PM,4,9,9,499
2013-04-06,11AM,9,0,2,902
2013-04-06,4PM,4,1,0,410
2013-04-06,9PM,4,2,5,425
2013-04-07,11AM,4,2,5,425
2013-04-07,4PM,4,4,6,446
2013-04-07,9PM,1,5,6,156
2013-04-08,11AM,8,8,7,887
2013-04-08,4PM,3,5,1,351
2013-04-08,9PM,4,3,9,439
2013-04-09,11AM,2,8,0,280
2013-04-09,4PM,5,3,6,536
2013-04-09,9PM,1,8,4,184
2013-04-10,11AM,2,2,4,224
2013-04-10,4PM,1,7,6,176
2013-04-10,9PM,4,2,6,426
2013-04-11,11AM,0,8,8,088
2013-04-11,4PM,6,3,1,631
2013-04-11,9PM,0,1,2,012
2013-04-12,11AM,0,8,3,083
2013-04-12,4PM,7,2,1,721
2013-04-12,9PM,2,2,3,223
2013-04-13,11AM,2,8,7,287
2013-04-13,4PM,3,7,9,379
2013-04-13,9PM,3,5,6,356
2013-04-14,11AM,5,9,7,597
2013-04-14,4PM,6,6,1,661
2013-04-14,9PM,2,6,4,264
2013-04-15,11AM,9,9,8,998
2013-04-15,4PM,5,0,7,507
2013-04-15,9PM,9,7,1,971
2013-04-16,11AM,3,7,1,371
2013-04-16,4PM,7,4,8,748
2013-04-16,9PM,9,8,7,987
2013-04-17,11AM,8,3,9,839
2013-04-17,4PM,7,0,9,709
2013-04-17,9PM,5,1,8,518
2013-04-18,11AM,3,5,2,352
2013-04-18,4PM,8,0,9,809
2013-04-18,9PM,3,6,4,364
2013-04-19,11AM,6,3,7,637
2013-04-19,4PM,0,8,8,088
2013-04-19,9PM,2,7,9,279
2013-04-20,11AM,2,7,8,278
2013-04-20,4PM,2,8,6,286
2013-04-20,9PM,8,9,5,895
2013-04-21,11AM,2,4,1,241
2013-04-21,4PM,0,2,2,022
2013-04-21,9PM,2,8,7,287
2013-04-22,11AM,8,3,9,839
2013-04-22,4PM,4,1,9,419
2013-04-22,9PM,2,1,1,211
2013-04-23,11AM,4,7,4,474
2013-04-23,4PM,0,2,5,025
2013-04-23,9PM,8,1,4,814
2013-04-24,11AM,1,6,7,167
2013-04-24,4PM,8,4,5,845
2013-04-24,9PM,6,5,1,651
2013-04-25,11AM,7,5,1,751
2013-04-25,4PM,3,1,5,315
2013-04-25,9PM,5,9,5,595
2013-04-26,11AM,1,2,4,124
2013-04-26,4PM,2,2,8,228
2013-04-26,9PM,3,5,9,359
2013-04-27,11AM,6,3,9,639
2013-04-27,4PM,4,1,6,416
2013-04-27,9PM,0,1,3,013
2013-04-28,11AM,1,3,3,133
2013-04-28,4PM,7,1,4,714
2013-04-28,9PM,7,7,3,773
2013-04-29,11AM,7,8,8,788
2013-04-29,4PM,1,5,3,153
2013-04-29,9PM,4,2,6,426
2013-04-30,11AM,8,3,3,833
2013-04-30,4PM,3,5,0,350
2013-04-30,9PM,7,4,9,749
2013-05-01,11AM,8,6,8,868
2013-05-01,4PM,3,4,6,346
2013-05-01,9PM,2,7,7,277
2013-05-02,11AM,9,9,5,995
2013-05-02,4PM,5,4,2,542
2013-05-02,9PM,7,8,2,782
2013-05-03,11AM,2,1,6,216
2013-05-03,4PM,0,4,5,045
2013-05-03,9PM,5,8,2,582
2013-05-04,11AM,6,7,0,670
2013-05-04,4PM,2,6,0,260
2013-05-04,9PM,5,3,4,534
2013-05-05,11AM,2,1,7,217
2013-05-05,4PM,4,2,6,426
2013-05-05,9PM,5,3,5,535
2013-05-06,11AM,9,7,5,975
2013-05-06,4PM,9,5,5,955
2013-05-06,9PM,9,3,3,933
2013-05-07,11AM,4,6,2,462
2013-05-07,4PM,8,1,7,817
2013-05-07,9PM,0,6,4,064
2013-05-08,11AM,9,3,3,933
2013-05-08,4PM,9,7,6,976
2013-05-08,9PM,1,5,6,156
2013-05-09,11AM,0,7,7,077
2013-05-09,4PM,1,4,8,148
2013-05-09,9PM,4,3,3,433
2013-05-10,11AM,9,8,0,980
2013-05-10,4PM,0,5,8,058
2013-05-10,9PM,9,6,4,964
2013-05-11,11AM,4,4,0,440
2013-05-11,4PM,8,1,2,812
2013-05-11,9PM,1,7,6,176
2013-05-12,11AM,6,6,5,665
2013-05-12,4PM,2,7,2,272
2013-05-12,9PM,5,5,2,552
2013-05-13,11AM,8,8,6,886
2013-05-13,4PM,6,0,1,601
2013-05-13,9PM,7,6,0,760
2013-05-14,11AM,9,9,7,997
2013-05-14,4PM,4,1,4,414
2013-05-14,9PM,9,8,8,988
2013-05-15,11AM,0,5,6,056
2013-05-15,4PM,2,2,3,223
2013-05-15,9PM,8,0,3,803
2013-05-16,11AM,2,1,1,211
2013-05-16,4PM,8,3,8,838
2013-05-16,9PM,3,8,6,386
2013-05-17,11AM,0,0,4,004
2013-05-17,4PM,9,4,0,940
2013-05-17,9PM,7,7,3,773
2013-05-18,11AM,5,2,2,522
2013-05-18,4PM,9,6,0,960
2013-05-18,9PM,5,5,4,554
2013-05-19,11AM,8,7,8,878
2013-05-19,4PM,2,6,8,268
2013-05-19,9PM,2,2,8,228
2013-05-20,11AM,2,1,3,213
2013-05-20,4PM,0,4,6,046
2013-05-20,9PM,8,6,0,860
2013-05-21,11AM,0,3,3,033
2013-05-21,4PM,9,2,6,926
2013-05-21,9PM,9,1,0,910
2013-05-22,11AM,8,9,6,896
2013-05-22,4PM,9,5,7,957
2013-05-22,9PM,3,4,6,346
2013-05-23,11AM,8,3,2,832
2013-05-23,4PM,5,9,1,591
2013-05-23,9PM,7,8,6,786
2013-05-24,11AM,8,8,4,884
2013-05-24,4PM,4,5,5,455
2013-05-24,9PM,0,5,0,050
2013-05-25,11AM,3,3,3,333
2013-05-25,4PM,7,7,7,777
2013-05-25,9PM,9,8,7,987
2013-05-26,11AM,6,1,3,613
2013-05-26,4PM,6,7,9,679
2013-05-26,9PM,6,8,8,688
2013-05-27,11AM,1,9,1,191
2013-05-27,4PM,1,8,6,186
2013-05-27,9PM,5,4,6,546
2013-05-28,11AM,8,3,3,833
2013-05-28,4PM,7,0,8,708
2013-05-28,9PM,3,0,2,302
2013-05-29,11AM,8,3,0,830
2013-05-29,4PM,1,4,3,143
2013-05-29,9PM,0,3,7,037
2013-05-30,11AM,0,9,0,090
2013-05-30,4PM,1,4,2,142
2013-05-30,9PM,1,5,8,158
2013-05-31,11AM,0,2,5,025
2013-05-31,4PM,8,2,5,825
2013-05-31,9PM,9,9,8,998
2013-06-01,11AM,2,3,0,230
2013-06-01,4PM,6,6,8,668
2013-06-01,9PM,8,1,7,817
2013-06-02,11AM,5,6,8,568
2013-06-02,4PM,9,9,1,991
2013-06-02,9PM,7,3,9,739
2013-06-03,11AM,5,2,6,526
2013-06-03,4PM,0,3,2,032
2013-06-03,9PM,8,7,1,871
2013-06-04,11AM,6,7,5,675
2013-06-04,4PM,6,1,2,612
2013-06-04,9PM,7,4,1,741
2013-06-05,11AM,5,9,1,591
2013-06-05,4PM,4,1,4,414
2013-06-05,9PM,7,9,4,794
2013-06-06,11AM,2,6,9,269
2013-06-06,4PM,8,7,7,877
2013-06-06,9PM,7,1,5,715
2013-06-07,11AM,3,8,9,389
2013-06-07,4PM,2,2,5,225
2013-06-07,9PM,1,9,3,193
2013-06-08,11AM,2,4,9,249
2013-06-08,4PM,6,6,0,660
2013-06-08,9PM,7,5,4,754
2013-06-09,11AM,4,3,6,436
2013-06-09,4PM,2,7,2,272
2013-06-09,9PM,7,1,4,714
2013-06-10,11AM,7,7,1,771
2013-06-10,4PM,1,4,8,148
2013-06-10,9PM,3,6,1,361
2013-06-11,11AM,6,5,4,654
2013-06-11,4PM,6,6,0,660
2013-06-11,9PM,8,2,5,825
2013-06-12,11AM,9,5,7,957
2013-06-12,4PM,8,1,9,819
2013-06-12,9PM,7,5,5,755
2013-06-13,11AM,3,0,3,303
2013-06-13,4PM,3,5,7,357
2013-06-13,9PM,8,3,9,839
2013-06-14,11AM,6,8,9,689
2013-06-14,4PM,7,6,2,762
2013-06-14,9PM,9,1,3,913
2013-06-15,11AM,3,5,4,354
2013-06-15,4PM,5,4,6,546
2013-06-15,9PM,9,8,5,985
2013-06-16,11AM,8,2,4,824
2013-06-16,4PM,9,4,8,948
2013-06-16,9PM,1,3,2,132
2013-06-17,11AM,7,1,3,713
2013-06-17,4PM,5,4,9,549
2013-06-17,9PM,9,5,9,959
2013-06-18,11AM,7,1,9,719
2013-06-18,4PM,2,9,6,296
2013-06-18,9PM,9,7,5,975
2013-06-19,11AM,2,5,7,257
2013-06-19,4PM,1,9,8,198
2013-06-19,9PM,6,5,1,651
2013-06-20,11AM,1,9,5,195
2013-06-20,4PM,2,2,1,221
2013-06-20,9PM,7,0,4,704
2013-06-21,11AM,5,9,6,596
2013-06-21,4PM,6,5,1,651
2013-06-21,9PM,7,5,4,754
2013-06-22,11AM,6,3,7,637
2013-06-22,4PM,3,6,7,367
2013-06-22,9PM,1,6,3,163
2013-06-23,11AM,1,7,3,173
2013-06-23,4PM,2,1,7,217
2013-06-23,9PM,7,8,4,784
2013-06-24,11AM,4,7,0,470
2013-06-24,4PM,5,3,1,531
2013-06-24,9PM,5,7,3,573
2013-06-25,11AM,5,5,7,557
2013-06-25,4PM,7,2,3,723
2013-06-25,9PM,4,6,1,461
2013-06-26,11AM,7,9,0,790
2013-06-26,4PM,0,1,3,013
2013-06-26,9PM,8,0,5,805
2013-06-27,11AM,8,3,9,839
2013-06-27,4PM,4,4,3,443
2013-06-27,9PM,0,3,6,036
2013-06-28,11AM,8,5,0,850
2013-06-28,4PM,1,5,7,157
2013-06-28,9PM,8,5,8,858
2013-06-29,11AM,6,9,6,696
2013-06-29,4PM,9,7,2,972
2013-06-29,9PM,0,4,1,041
2013-06-30,11AM,3,0,7,307
2013-06-30,4PM,1,7,0,170
2013-06-30,9PM,1,2,9,129
2013-07-01,11AM,4,6,6,466
2013-07-01,4PM,0,0,1,001
2013-07-01,9PM,4,1,9,419
2013-07-02,11AM,3,7,2,372
2013-07-02,4PM,5,6,0,560
2013-07-02,9PM,5,4,8,548
2013-07-03,11AM,3,6,2,362
2013-07-03,4PM,3,4,1,341
2013-07-03,9PM,1,9,9,199
2013-07-04,11AM,1,5,5,155
2013-07-04,4PM,2,3,0,230
2013-07-04,9PM,3,5,7,357
2013-07-05,11AM,8,1,3,813
2013-07-05,4PM,4,2,3,423
2013-07-05,9PM,6,9,7,697
2013-07-06,11AM,1,1,9,119
2013-07-06,4PM,2,3,8,238
2013-07-06,9PM,6,5,2,652
2013-07-07,11AM,2,1,4,214
2013-07-07,4PM,6,6,1,661
2013-07-07,9PM,4,0,5,405
2013-07-08,11AM,9,4,3,943
2013-07-08,4PM,8,9,8,898
2013-07-08,9PM,5,3,2,532
2013-07-09,11AM,0,9,7,097
2013-07-09,4PM,6,3,7,637
2013-07-09,9PM,3,4,4,344
2013-07-10,11AM,6,8,1,681
2013-07-10,4PM,7,7,7,777
2013-07-10,9PM,2,8,7,287
2013-07-11,11AM,1,2,9,129
2013-07-11,4PM,6,1,5,615
2013-07-11,9PM,0,4,7,047
2013-07-12,11AM,6,1,6,616
2013-07-12,4PM,0,5,8,058
2013-07-12,9PM,0,7,6,076
2013-07-13,11AM,3,0,2,302
2013-07-13,4PM,0,6,3,063
2013-07-13,9PM,3,7,6,376
2013-07-14,11AM,4,3,5,435
2013-07-14,4PM,6,9,1,691
2013-07-14,9PM,7,7,8,778
2013-07-15,11AM,2,7,8,278
2013-07-15,4PM,0,9,4,094
2013-07-15,9PM,9,9,2,992
2013-07-16,11AM,9,5,5,955
2013-07-16,4PM,0,4,4,044
2013-07-16,9PM,0,2,0,020
2013-07-17,11AM,8,4,7,847
2013-07-17,4PM,4,7,9,479
2013-07-17,9PM,7,6,2,762
2013-07-18,11AM,1,2,1,121
2013-07-18,4PM,0,6,3,063
2013-07-18,9PM,3,3,2,332
2013-07-19,11AM,2,7,1,271
2013-07-19,4PM,1,5,8,158
2013-07-19,9PM,6,4,4,644
2013-07-20,11AM,0,1,4,014
2013-07-20,4PM,7,3,8,738
2013-07-20,9PM,8,2,9,829
2013-07-21,11AM,6,8,4,684
2013-07-21,4PM,8,7,6,876
2013-07-21,9PM,1,5,9,159
2013-07-22,11AM,8,8,6,886
2013-07-22,4PM,6,8,8,688
2013-07-22,9PM,0,1,1,011
2013-07-23,11AM,2,5,9,259
2013-07-23,4PM,1,1,5,115
2013-07-23,9PM,7,4,0,740
2013-07-24,11AM,5,2,5,525
2013-07-24,4PM,8,3,8,838
2013-07-24,9PM,1,3,2,132
2013-07-25,11AM,8,5,6,856
2013-07-25,4PM,7,7,8,778
2013-07-25,9PM,2,0,1,201
2013-07-26,11AM,1,6,9,169
2013-07-26,4PM,4,0,9,409
2013-07-26,9PM,9,1,5,915
2013-07-27,11AM,4,8,1,481
2013-07-27,4PM,4,1,5,415
2013-07-27,9PM,2,9,9,299
2013-07-28,11AM,6,1,9,619
2013-07-28,4PM,9,8,9,989
2013-07-28,9PM,3,6,1,361
2013-07-29,11AM,9,1,5,915
2013-07-29,4PM,2,8,5,285
2013-07-29,9PM,1,8,7,187
2013-07-30,11AM,2,2,7,227
2013-07-30,4PM,7,8,4,784
2013-07-30,9PM,8,8,4,884
2013-07-31,11AM,9,5,0,950
2013-07-31,4PM,6,0,3,603
2013-07-31,9PM,5,8,5,585
2013-08-01,11AM,6,8,8,688
2013-08-01,4PM,0,3,5,035
2013-08-01,9PM,2,2,1,221
2013-08-02,11AM,3,0,1,301
2013-08-02,4PM,2,7,2,272
2013-08-02,9PM,1,0,8,108
2013-08-03,11AM,2,5,3,253
2013-08-03,4PM,2,4,5,245
2013-08-03,9PM,6,6,6,666
2013-08-04,11AM,9,7,5,975
2013-08-04,4PM,7,2,4,724
2013-08-04,9PM,7,0,4,704
2013-08-05,11AM,7,6,6,766
2013-08-05,4PM,8,3,4,834
2013-08-05,9PM,0,1,9,019
2013-08-06,11AM,6,2,8,628
2013-08-06,4PM,3,6,4,364
2013-08-06,9PM,9,3,5,935
2013-08-07,11AM,1,5,4,154
2013-08-07,4PM,4,2,6,426
2013-08-07,9PM,3,6,7,367
2013-08-08,11AM,4,1,1,411
2013-08-08,4PM,8,7,7,877
2013-08-08,9PM,7,9,3,793
2013-08-09,11AM,2,1,1,211
2013-08-09,4PM,9,4,1,941
2013-08-09,9PM,5,9,4,594
2013-08-10,11AM,8,2,7,827
2013-08-10,4PM,2,9,6,296
2013-08-10,9PM,8,1,8,818
2013-08-11,11AM,2,7,0,270
2013-08-11,4PM,3,8,5,385
2013-08-11,9PM,7,7,9,779
2013-08-12,11AM,9,8,9,989
2013-08-12,4PM,4,3,6,436
2013-08-12,9PM,2,8,0,280
2013-08-13,11AM,6,2,8,628
2013-08-13,4PM,2,1,3,213
2013-08-13,9PM,3,2,0,320
2013-08-14,11AM,3,8,2,382
2013-08-14,4PM,3,9,7,397
2013-08-14,9PM,6,7,1,671
2013-08-15,11AM,5,0,0,500
2013-08-15,4PM,3,0,0,300
2013-08-15,9PM,8,0,4,804
2013-08-16,11AM,0,4,8,048
2013-08-16,4PM,8,3,4,834
2013-08-16,9PM,4,3,1,431
2013-08-17,11AM,5,7,2,572
2013-08-17,4PM,3,8,4,384
2013-08-17,9PM,3,4,5,345
2013-08-18,11AM,9,0,0,900
2013-08-18,4PM,7,9,3,793
2013-08-18,9PM,7,1,9,719
2013-08-19,11AM,0,4,0,040
2013-08-19,4PM,1,4,3,143
2013-08-19,9PM,7,7,3,773
2013-08-20,11AM,5,8,2,582
2013-08-20,4PM,4,2,2,422
2013-08-20,9PM,3,4,1,341
2013-08-21,11AM,7,4,7,747
2013-08-21,4PM,6,1,7,617
2013-08-21,9PM,3,5,0,350
2013-08-22,11AM,6,1,8,618
2013-08-22,4PM,7,8,7,787
2013-08-22,9PM,3,8,8,388
2013-08-23,11AM,7,3,5,735
2013-08-23,4PM,7,5,1,751
2013-08-23,9PM,8,3,3,833
2013-08-24,11AM,4,6,5,465
2013-08-24,4PM,6,8,9,689
2013-08-24,9PM,4,8,1,481
2013-08-25,11AM,2,4,4,244
2013-08-25,4PM,3,1,0,310
2013-08-25,9PM,0,0,9,009
2013-08-26,11AM,3,4,7,347
2013-08-26,4PM,9,0,6,906
2013-08-26,9PM,1,3,8,138
2013-08-27,11AM,0,2,8,028
2013-08-27,4PM,0,2,6,026
2013-08-27,9PM,3,6,9,369
2013-08-28,11AM,9,7,6,976
2013-08-28,4PM,5,6,9,569
2013-08-28,9PM,6,6,9,669
2013-08-29,11AM,5,0,3,503
2013-08-29,4PM,3,8,4,384
2013-08-29,9PM,9,4,1,941
2013-08-30,11AM,6,0,4,604
2013-08-30,4PM,6,1,5,615
2013-08-30,9PM,5,1,4,514
2013-08-31,11AM,3,3,8,338
2013-08-31,4PM,0,4,5,045
2013-08-31,9PM,7,6,9,769
2013-09-01,11AM,6,8,5,685
2013-09-01,4PM,1,5,2,152
2013-09-01,9PM,1,0,7,107
2013-09-02,11AM,5,9,8,598
2013-09-02,4PM,2,6,2,262
2013-09-02,9PM,2,1,9,219
2013-09-03,11AM,1,5,5,155
2013-09-03,4PM,4,8,0,480
2013-09-03,9PM,6,2,0,620
2013-09-04,11AM,2,0,8,208
2013-09-04,4PM,8,6,7,867
2013-09-04,9PM,4,0,2,402
2013-09-05,11AM,4,4,0,440
2013-09-05,4PM,0,8,0,080
2013-09-05,9PM,2,5,7,257
2013-09-06,11AM,7,9,7,797
2013-09-06,4PM,5,1,6,516
2013-09-06,9PM,0,8,8,088
2013-09-07,11AM,4,5,4,454
2013-09-07,4PM,1,0,8,108
2013-09-07,9PM,5,4,1,541
2013-09-08,11AM,5,6,1,561
2013-09-08,4PM,5,2,5,525
2013-09-08,9PM,7,6,5,765
2013-09-09,11AM,0,3,4,034
2013-09-09,4PM,6,1,1,611
2013-09-09,9PM,2,8,3,283
2013-09-10,11AM,3,7,6,376
2013-09-10,4PM,7,2,3,723
2013-09-10,9PM,3,0,2,302
2013-09-11,11AM,1,7,7,177
2013-09-11,4PM,5,1,0,510
2013-09-11,9PM,0,6,9,069
2013-09-12,11AM,6,2,3,623
2013-09-12,4PM,2,0,4,204
2013-09-12,9PM,4,5,8,458
2013-09-13,11AM,9,4,0,940
2013-09-13,4PM,6,9,3,693
2013-09-13,9PM,3,5,8,358
2013-09-14,11AM,9,7,3,973
2013-09-14,4PM,9,4,5,945
2013-09-14,9PM,4,8,6,486
2013-09-15,11AM,7,0,7,707
2013-09-15,4PM,3,3,0,330
2013-09-15,9PM,0,3,5,035
2013-09-16,11AM,8,7,8,878
2013-09-16,4PM,0,6,6,066
2013-09-16,9PM,1,4,7,147
2013-09-17,11AM,3,0,2,302
2013-09-17,4PM,5,1,8,518
2013-09-17,9PM,5,6,8,568
2013-09-18,11AM,4,6,3,463
2013-09-18,4PM,6,5,7,657
2013-09-18,9PM,2,0,8,208
2013-09-19,11AM,1,3,7,137
2013-09-19,4PM,1,0,9,109
2013-09-19,9PM,3,9,4,394
2013-09-20,11AM,6,6,9,669
2013-09-20,4PM,5,6,9,569
2013-09-20,9PM,7,2,2,722
2013-09-21,11AM,0,4,4,044
2013-09-21,4PM,2,8,2,282
2013-09-21,9PM,9,7,6,976
2013-09-22,11AM,6,9,4,694
2013-09-22,4PM,1,7,8,178
2013-09-22,9PM,3,0,2,302
2013-09-23,11AM,2,9,2,292
2013-09-23,4PM,8,9,8,898
2013-09-23,9PM,1,3,1,131
2013-09-24,11AM,9,1,3,913
2013-09-24,4PM,0,5,9,059
2013-09-24,9PM,4,7,1,471
2013-09-25,11AM,4,6,8,468
2013-09-25,4PM,3,1,8,318
2013-09-25,9PM,8,3,7,837
2013-09-26,11AM,5,4,4,544
2013-09-26,4PM,2,4,6,246
2013-09-26,9PM,7,8,6,786
2013-09-27,11AM,6,5,7,657
2013-09-27,4PM,9,4,4,944
2013-09-27,9PM,9,0,1,901
2013-09-28,11AM,1,2,9,129
2013-09-28,4PM,0,3,2,032
2013-09-28,9PM,3,1,5,315
2013-09-29,11AM,0,9,0,090
2013-09-29,4PM,2,1,2,212
2013-09-29,9PM,1,1,9,119
2013-09-30,11AM,9,7,2,972
2013-09-30,4PM,6,0,8,608
2013-09-30,9PM,8,0,7,807
2013-10-01,11AM,0,4,7,047
2013-10-01,4PM,8,2,6,826
2013-10-01,9PM,3,0,7,307
2013-10-02,11AM,9,5,5,955
2013-10-02,4PM,0,3,5,035
2013-10-02,9PM,3,0,1,301
2013-10-03,11AM,7,9,0,790
2013-10-03,4PM,4,7,4,474
2013-10-03,9PM,1,2,4,124
2013-10-04,11AM,0,2,1,021
2013-10-04,4PM,2,7,1,271
2013-10-04,9PM,6,8,8,688
2013-10-05,11AM,3,1,7,317
2013-10-05,4PM,3,0,3,303
2013-10-05,9PM,5,6,6,566
2013-10-06,11AM,3,3,1,331
2013-10-06,4PM,9,0,8,908
2013-10-06,9PM,5,6,1,561
2013-10-07,11AM,9,6,3,963
2013-10-07,4PM,0,7,8,078
2013-10-07,9PM,7,2,6,726
2013-10-08,11AM,0,0,2,002
2013-10-08,4PM,7,5,7,757
2013-10-08,9PM,9,3,3,933
2013-10-09,11AM,9,1,6,916
2013-10-09,4PM,7,0,0,700
2013-10-09,9PM,5,5,4,554
2013-10-10,11AM,6,3,6,636
2013-10-10,4PM,1,8,7,187
2013-10-10,9PM,2,5,8,258
2013-10-11,11AM,3,7,8,378
2013-10-11,4PM,9,4,4,944
2013-10-11,9PM,4,9,8,498
2013-10-12,11AM,2,9,1,291
2013-10-12,4PM,5,1,9,519
2013-10-12,9PM,4,7,8,478
2013-10-13,11AM,4,1,4,414
2013-10-13,4PM,1,5,0,150
2013-10-13,9PM,4,7,4,474
2013-10-14,11AM,1,3,1,131
2013-10-14,4PM,3,6,1,361
2013-10-14,9PM,1,5,0,150
2013-10-15,11AM,1,4,6,146
2013-10-15,4PM,7,1,6,716
2013-10-15,9PM,7,5,0,750
2013-10-16,11AM,9,8,2,982
2013-10-16,4PM,0,6,3,063
2013-10-16,9PM,0,9,3,093
2013-10-17,11AM,4,7,1,471
2013-10-17,4PM,3,1,8,318
2013-10-17,9PM,9,2,3,923
2013-10-18,11AM,5,1,3,513
2013-10-18,4PM,9,1,8,918
2013-10-18,9PM,3,5,9,359
2013-10-19,11AM,6,5,5,655
2013-10-19,4PM,0,5,7,057
2013-10-19,9PM,6,5,2,652
2013-10-20,11AM,2,9,9,299
2013-10-20,4PM,4,0,2,402
2013-10-20,9PM,9,7,5,975
2013-10-21,11AM,2,2,9,229
2013-10-21,4PM,5,7,3,573
2013-10-21,9PM,6,3,0,630
2013-10-22,11AM,0,1,6,016
2013-10-22,4PM,3,8,1,381
2013-10-22,9PM,1,6,7,167
2013-10-23,11AM,5,4,9,549
2013-10-23,4PM,0,7,2,072
2013-10-23,9PM,9,1,7,917
2013-10-24,11AM,7,7,1,771
2013-10-24,4PM,7,2,6,726
2013-10-24,9PM,1,5,9,159
2013-10-25,11AM,6,4,3,643
2013-10-25,4PM,8,7,7,877
2013-10-25,9PM,0,3,1,031
2013-10-26,11AM,1,1,5,115
2013-10-26,4PM,1,7,0,170
2013-10-26,9PM,5,5,3,553
2013-10-27,11AM,5,3,6,536
2013-10-27,4PM,4,9,2,492
2013-10-27,9PM,6,7,4,674
2013-10-28,11AM,2,4,3,243
2013-10-28,4PM,9,2,8,928
2013-10-28,9PM,4,6,6,466
2013-10-29,11AM,7,6,3,763
2013-10-29,4PM,9,2,0,920
2013-10-29,9PM,9,8,2,982
2013-10-30,11AM,1,8,8,188
2013-10-30,4PM,5,6,4,564
2013-10-30,9PM,2,4,4,244
2013-10-31,11AM,4,7,4,474
2013-10-31,4PM,3,7,3,373
2013-10-31,9PM,3,7,6,376
2013-11-01,11AM,2,7,2,272
2013-11-01,4PM,1,8,6,186
2013-11-01,9PM,2,6,8,268
2013-11-02,11AM,0,4,0,040
2013-11-02,4PM,6,7,9,679
2013-11-02,9PM,7,6,7,767
2013-11-03,11AM,9,9,9,999
2013-11-03,4PM,7,5,0,750
2013-11-03,9PM,9,1,0,910
2013-11-04,11AM,5,9,4,594
2013-11-04,4PM,4,2,0,420
2013-11-04,9PM,4,7,2,472
2013-11-05,11AM,4,3,9,439
2013-11-05,4PM,6,0,6,606
2013-11-05,9PM,2,7,8,278
2013-11-06,11AM,1,6,4,164
2013-11-06,4PM,0,5,7,057
2013-11-06,9PM,3,2,0,320
2013-11-07,11AM,8,1,0,810
2013-11-07,4PM,4,4,9,449
2013-11-07,9PM,4,1,4,414
2013-11-08,11AM,6,7,6,676
2013-11-08,4PM,5,4,4,544
2013-11-08,9PM,5,9,1,591
2013-11-09,11AM,1,7,5,175
2013-11-09,4PM,7,3,0,730
2013-11-09,9PM,6,5,4,654
2013-11-10,11AM,4,2,0,420
2013-11-10,4PM,0,4,7,047
2013-11-10,9PM,6,9,1,691
2013-11-11,11AM,4,8,0,480
2013-11-11,4PM,9,7,1,971
2013-11-11,9PM,4,6,5,465
2013-11-12,11AM,7,8,9,789
2013-11-12,4PM,9,1,6,916
2013-11-12,9PM,6,7,5,675
2013-11-13,11AM,3,0,0,300
2013-11-13,4PM,9,8,9,989
2013-11-13,9PM,9,5,7,957
2013-11-14,11AM,1,0,6,106
2013-11-14,4PM,9,6,9,969
2013-11-14,9PM,3,7,3,373
2013-11-15,11AM,2,2,3,223
2013-11-15,4PM,3,3,1,331
2013-11-15,9PM,0,2,6,026
2013-11-16,11AM,4,8,8,488
2013-11-16,4PM,7,5,6,756
2013-11-16,9PM,3,2,4,324
2013-11-17,11AM,4,6,1,461
2013-11-17,4PM,0,9,5,095
2013-11-17,9PM,1,2,1,121
2013-11-18,11AM,7,0,3,703
2013-11-18,4PM,4,6,8,468
2013-11-18,9PM,7,4,6,746
2013-11-19,11AM,5,9,8,598
2013-11-19,4PM,3,9,7,397
2013-11-19,9PM,6,6,7,667
2013-11-20,11AM,0,9,8,098
2013-11-20,4PM,0,7,1,071
2013-11-20,9PM,8,0,2,802
2013-11-21,11AM,7,9,4,794
2013-11-21,4PM,3,7,2,372
2013-11-21,9PM,1,6,3,163
2013-11-22,11AM,9,6,0,960
2013-11-22,4PM,5,8,8,588
2013-11-22,9PM,8,7,7,877
2013-11-23,11AM,1,6,9,169
2013-11-23,4PM,0,2,6,026
2013-11-23,9PM,5,7,0,570
2013-11-24,11AM,0,5,7,057
2013-11-24,4PM,6,1,9,619
2013-11-24,9PM,0,6,8,068
2013-11-25,11AM,0,8,0,080
2013-11-25,4PM,7,0,2,702
2013-11-25,9PM,5,5,2,552
2013-11-26,11AM,8,2,0,820
2013-11-26,4PM,3,8,7,387
2013-11-26,9PM,5,5,1,551
2013-11-27,11AM,2,5,2,252
2013-11-27,4PM,2,3,7,237
2013-11-27,9PM,7,4,4,744
2013-11-28,11AM,4,4,3,443
2013-11-28,4PM,2,7,5,275
2013-11-28,9PM,6,8,2,682
2013-11-29,11AM,5,7,1,571
2013-11-29,4PM,0,6,9,069
2013-11-29,9PM,1,5,1,151
2013-11-30,11AM,6,6,1,661
2013-11-30,4PM,4,9,1,491
2013-11-30,9PM,0,0,0,000
2013-12-01,11AM,7,0,6,706
2013-12-01,4PM,8,9,8,898
2013-12-01,9PM,2,3,5,235
2013-12-02,11AM,2,0,1,201
2013-12-02,4PM,2,6,0,260
2013-12-02,9PM,3,6,7,367
2013-12-03,11AM,6,9,6,696
2013-12-03,4PM,7,9,8,798
2013-12-03,9PM,4,8,1,481
2013-12-04,11AM,8,5,3,853
2013-12-04,4PM,1,2,7,127
2013-12-04,9PM,3,9,2,392
2013-12-05,11AM,7,2,2,722
2013-12-05,4PM,8,0,5,805
2013-12-05,9PM,2,6,4,264
2013-12-06,11AM,3,2,4,324
2013-12-06,4PM,9,1,5,915
2013-12-06,9PM,1,3,9,139
2013-12-07,11AM,1,7,0,170
2013-12-07,4PM,3,3,5,335
2013-12-07,9PM,3,1,3,313
2013-12-08,11AM,4,8,0,480
2013-12-08,4PM,4,9,7,497
2013-12-08,9PM,5,8,0,580
2013-12-09,11AM,7,1,1,711
2013-12-09,4PM,8,6,0,860
2013-12-09,9PM,9,7,2,972
2013-12-10,11AM,6,3,1,631
2013-12-10,4PM,9,8,6,986
2013-12-10,9PM,9,4,4,944
2013-12-11,11AM,4,7,8,478
2013-12-11,4PM,4,4,7,447
2013-12-11,9PM,8,2,5,825
2013-12-12,11AM,8,7,1,871
2013-12-12,4PM,6,6,4,664
2013-12-12,9PM,5,1,8,518
2013-12-13,11AM,1,7,1,171
2013-12-13,4PM,6,7,9,679
2013-12-13,9PM,9,9,5,995
2013-12-14,11AM,1,5,9,159
2013-12-14,4PM,2,1,4,214
2013-12-14,9PM,9,2,3,923
2013-12-15,11AM,5,1,1,511
2013-12-15,4PM,3,3,8,338
2013-12-15,9PM,0,0,8,008
2013-12-16,11AM,8,8,4,884
2013-12-16,4PM,9,3,3,933
2013-12-16,9PM,4,6,9,469
2013-12-17,11AM,6,3,7,637
2013-12-17,4PM,0,0,1,001
2013-12-17,9PM,8,3,8,838
2013-12-18,11AM,4,5,9,459
2013-12-18,4PM,1,3,3,133
2013-12-18,9PM,7,3,3,733
2013-12-19,11AM,2,3,5,235
2013-12-19,4PM,1,7,5,175
2013-12-19,9PM,1,6,0,160
2013-12-20,11AM,4,9,5,495
2013-12-20,4PM,7,4,8,748
2013-12-20,9PM,5,6,3,563
2013-12-21,11AM,7,1,3,713
2013-12-21,4PM,5,1,9,519
2013-12-21,9PM,8,5,9,859
2013-12-22,11AM,9,4,7,947
2013-12-22,4PM,1,3,0,130
2013-12-22,9PM,3,5,9,359
2013-12-23,11AM,3,8,4,384
2013-12-23,4PM,8,4,9,849
2013-12-23,9PM,1,1,1,111
2013-12-24,11AM,6,3,9,639
2013-12-24,4PM,0,6,2,062
2013-12-24,9PM,3,6,9,369
2013-12-25,11AM,1,9,1,191
2013-12-25,4PM,1,2,4,124
2013-12-25,9PM,9,0,8,908
2013-12-26,11AM,5,8,3,583
2013-12-26,4PM,6,4,6,646
2013-12-26,9PM,1,8,3,183
2013-12-27,11AM,8,2,5,825
2013-12-27,4PM,9,5,6,956
2013-12-27,9PM,8,6,2,862
2013-12-28,11AM,7,3,4,734
2013-12-28,4PM,2,1,3,213
2013-12-28,9PM,3,9,7,397
2013-12-29,11AM,0,4,2,042
2013-12-29,4PM,3,7,2,372
2013-12-29,9PM,4,4,6,446
2013-12-30,11AM,9,1,0,910
2013-12-30,4PM,9,7,1,971
2013-12-30,9PM,8,5,9,859
2014-01-02,11AM,5,8,4,584
2014-01-02,4PM,8,2,3,823
2014-01-02,9PM,9,8,6,986
2014-01-03,11AM,6,5,7,657
2014-01-03,4PM,7,9,8,798
2014-01-03,9PM,6,3,6,636
2014-01-04,11AM,3,0,5,305
2014-01-04,4PM,8,4,5,845
2014-01-04,9PM,9,3,9,939
2014-01-05,11AM,8,8,6,886
2014-01-05,4PM,9,3,6,936
2014-01-05,9PM,4,2,6,426
2014-01-06,11AM,3,0,7,307
2014-01-06,4PM,6,8,4,684
2014-01-06,9PM,5,4,3,543
2014-01-07,11AM,1,9,4,194
2014-01-07,4PM,0,0,1,001
2014-01-07,9PM,4,8,0,480
2014-01-08,11AM,2,1,5,215
2014-01-08,4PM,7,4,3,743
2014-01-08,9PM,4,4,5,445
2014-01-09,11AM,1,3,2,132
2014-01-09,4PM,6,1,8,618
2014-01-09,9PM,3,9,4,394
2014-01-10,11AM,6,2,6,626
2014-01-10,4PM,5,0,7,507
2014-01-10,9PM,0,7,4,074
2014-01-11,11AM,3,1,8,318
2014-01-11,4PM,7,1,1,711
2014-01-11,9PM,0,5,1,051
2014-01-12,11AM,6,0,1,601
2014-01-12,4PM,8,7,9,879
2014-01-12,9PM,8,6,0,860
2014-01-13,11AM,1,5,5,155
2014-01-13,4PM,1,0,6,106
2014-01-13,9PM,9,8,0,980
2014-01-14,11AM,0,4,6,046
2014-01-14,4PM,8,4,7,847
2014-01-14,9PM,2,1,7,217
2014-01-15,11AM,3,7,9,379
2014-01-15,4PM,0,3,8,038
2014-01-15,9PM,8,6,7,867
2014-01-16,11AM,0,9,6,096
2014-01-16,4PM,1,6,0,160
2014-01-16,9PM,8,7,4,874
2014-01-17,11AM,2,5,7,257
2014-01-17,4PM,0,7,9,079
2014-01-17,9PM,9,3,6,936
2014-01-18,11AM,6,0,9,609
2014-01-18,4PM,2,7,2,272
2014-01-18,9PM,6,7,6,676
2014-01-19,11AM,6,5,4,654
2014-01-19,4PM,2,5,5,255
2014-01-19,9PM,0,9,9,099
2014-01-20,11AM,5,2,8,528
2014-01-20,4PM,1,9,9,199
2014-01-20,9PM,5,8,0,580
2014-01-21,11AM,2,8,3,283
2014-01-21,4PM,1,2,4,124
2014-01-21,9PM,4,6,3,463
2014-01-22,11AM,0,4,7,047
2014-01-22,4PM,8,5,3,853
2014-01-22,9PM,8,5,6,856
2014-01-23,11AM,7,5,0,750
2014-01-23,4PM,9,8,9,989
2014-01-23,9PM,1,7,3,173
2014-01-24,11AM,8,8,9,889
2014-01-24,4PM,6,5,4,654
2014-01-24,9PM,2,9,6,296
2014-01-25,11AM,7,2,1,721
2014-01-25,4PM,9,6,9,969
2014-01-25,9PM,7,1,7,717
2014-01-26,11AM,1,9,7,197
2014-01-26,4PM,5,8,2,582
2014-01-26,9PM,4,1,8,418
2014-01-27,11AM,1,3,8,138
2014-01-27,4PM,2,0,4,204
2014-01-27,9PM,1,8,7,187
2014-01-28,11AM,6,5,7,657
2014-01-28,4PM,7,5,7,757
2014-01-28,9PM,7,6,1,761
2014-01-29,11AM,7,4,5,745
2014-01-29,4PM,8,4,5,845
2014-01-29,9PM,7,0,8,708
2014-01-30,11AM,8,7,5,875
2014-01-30,4PM,0,3,5,035
2014-01-30,9PM,9,7,7,977
2014-01-31,11AM,7,3,7,737
2014-01-31,4PM,8,7,9,879
2014-01-31,9PM,1,6,0,160
2014-02-01,11AM,2,2,1,221
2014-02-01,4PM,2,0,4,204
2014-02-01,9PM,4,4,9,449
2014-02-02,11AM,2,8,2,282
2014-02-02,4PM,1,3,7,137
2014-02-02,9PM,2,1,1,211
2014-02-03,11AM,7,3,1,731
2014-02-03,4PM,8,0,2,802
2014-02-03,9PM,8,7,1,871
2014-02-04,11AM,2,7,6,276
2014-02-04,4PM,7,0,9,709
2014-02-04,9PM,3,8,9,389
2014-02-05,11AM,7,7,5,775
2014-02-05,4PM,6,9,9,699
2014-02-05,9PM,2,7,3,273
2014-02-06,11AM,8,2,4,824
2014-02-06,4PM,4,4,0,440
2014-02-06,9PM,6,7,6,676
2014-02-07,11AM,3,8,9,389
2014-02-07,4PM,0,2,1,021
2014-02-07,9PM,3,4,3,343
2014-02-08,11AM,7,0,6,706
2014-02-08,4PM,2,0,0,200
2014-02-08,9PM,3,6,6,366
2014-02-09,11AM,2,6,4,264
2014-02-09,4PM,4,0,7,407
2014-02-09,9PM,9,2,5,925
2014-02-10,11AM,9,4,9,949
2014-02-10,4PM,4,3,4,434
2014-02-10,9PM,1,8,2,182
2014-02-11,11AM,7,0,9,709
2014-02-11,4PM,4,2,6,426
2014-02-11,9PM,0,4,3,043
2014-02-12,11AM,8,6,2,862
2014-02-12,4PM,1,0,3,103
2014-02-12,9PM,6,9,7,697
2014-02-13,11AM,3,8,6,386
2014-02-13,4PM,1,2,6,126
2014-02-13,9PM,4,2,7,427
2014-02-14,11AM,0,3,1,031
2014-02-14,4PM,2,2,4,224
2014-02-14,9PM,9,8,6,986
2014-02-15,11AM,6,3,8,638
2014-02-15,4PM,1,0,8,108
2014-02-15,9PM,7,7,6,776
2014-02-16,11AM,2,4,9,249
2014-02-16,4PM,3,1,4,314
2014-02-16,9PM,4,4,8,448
2014-02-17,11AM,6,1,5,615
2014-02-17,4PM,5,1,9,519
2014-02-17,9PM,3,8,9,389
2014-02-18,11AM,8,2,6,826
2014-02-18,4PM,8,5,2,852
2014-02-18,9PM,1,1,3,113
2014-02-19,11AM,4,2,5,425
2014-02-19,4PM,5,2,0,520
2014-02-19,9PM,9,9,6,996
2014-02-20,11AM,1,5,7,157
2014-02-20,4PM,7,8,6,786
2014-02-20,9PM,4,1,4,414
2014-02-21,11AM,9,4,4,944
2014-02-21,4PM,1,7,6,176
2014-02-21,9PM,5,3,8,538
2014-02-22,11AM,7,1,1,711
2014-02-22,4PM,9,8,2,982
2014-02-22,9PM,8,3,7,837
2014-02-23,11AM,6,9,0,690
2014-02-23,4PM,6,5,7,657
2014-02-23,9PM,8,6,4,864
2014-02-24,11AM,0,9,8,098
2014-02-24,4PM,0,6,1,061
2014-02-24,9PM,0,4,1,041
2014-02-25,11AM,9,6,9,969
2014-02-25,4PM,9,2,5,925
2014-02-25,9PM,2,4,7,247
2014-02-26,11AM,9,4,1,941
2014-02-26,4PM,4,9,2,492
2014-02-26,9PM,0,5,0,050
2014-02-27,11AM,7,4,4,744
2014-02-27,4PM,4,7,5,475
2014-02-27,9PM,8,0,6,806
2014-02-28,11AM,5,2,5,525
2014-02-28,4PM,7,3,7,737
2014-02-28,9PM,5,6,3,563
2014-03-01,11AM,3,3,2,332
2014-03-01,4PM,6,5,8,658
2014-03-01,9PM,0,7,6,076
2014-03-02,11AM,9,4,8,948
2014-03-02,4PM,3,1,7,317
2014-03-02,9PM,6,5,8,658
2014-03-03,11AM,2,4,8,248
2014-03-03,4PM,4,5,8,458
2014-03-03,9PM,0,6,0,060
2014-03-04,11AM,6,0,3,603
2014-03-04,4PM,6,7,2,672
2014-03-04,9PM,5,2,9,529
2014-03-05,11AM,5,8,4,584
2014-03-05,4PM,4,8,7,487
2014-03-05,9PM,2,5,5,255
2014-03-06,11AM,0,6,3,063
2014-03-06,4PM,7,4,9,749
2014-03-06,9PM,9,9,3,993
2014-03-07,11AM,3,5,4,354
2014-03-07,4PM,0,4,8,048
2014-03-07,9PM,6,1,6,616
2014-03-08,11AM,2,8,2,282
2014-03-08,4PM,8,8,5,885
2014-03-08,9PM,0,5,7,057
2014-03-09,11AM,9,6,8,968
2014-03-09,4PM,4,8,1,481
2014-03-09,9PM,1,9,1,191
2014-03-10,11AM,9,0,5,905
2014-03-10,4PM,7,5,6,756
2014-03-10,9PM,4,3,7,437
2014-03-11,11AM,0,2,5,025
2014-03-11,4PM,2,4,5,245
2014-03-11,9PM,8,2,2,822
2014-03-12,11AM,0,0,9,009
2014-03-12,4PM,9,1,5,915
2014-03-12,9PM,6,8,4,684
2014-03-13,11AM,6,9,9,699
2014-03-13,4PM,5,8,7,587
2014-03-13,9PM,0,3,2,032
2014-03-14,11AM,0,6,4,064
2014-03-14,4PM,9,7,5,975
2014-03-14,9PM,2,9,2,292
2014-03-15,11AM,3,9,9,399
2014-03-15,4PM,0,4,7,047
2014-03-15,9PM,0,5,1,051
2014-03-16,11AM,2,5,1,251
2014-03-16,4PM,2,2,9,229
2014-03-16,9PM,3,8,9,389
2014-03-17,11AM,9,4,3,943
2014-03-17,4PM,5,4,2,542
2014-03-17,9PM,4,0,5,405
2014-03-18,11AM,5,1,0,510
2014-03-18,4PM,1,8,5,185
2014-03-18,9PM,8,6,1,861
2014-03-19,11AM,4,1,5,415
2014-03-19,4PM,0,9,7,097
2014-03-19,9PM,9,5,2,952
2014-03-20,11AM,4,4,7,447
2014-03-20,4PM,0,7,8,078
2014-03-20,9PM,4,3,3,433
2014-03-21,11AM,3,2,5,325
2014-03-21,4PM,1,8,4,184
2014-03-21,9PM,6,0,8,608
2014-03-22,11AM,5,5,2,552
2014-03-22,4PM,8,7,3,873
2014-03-22,9PM,7,4,4,744
2014-03-23,11AM,4,6,3,463
2014-03-23,4PM,9,1,2,912
2014-03-23,9PM,8,3,5,835
2014-03-24,11AM,7,5,7,757
2014-03-24,4PM,3,4,5,345
2014-03-24,9PM,3,5,7,357
2014-03-25,11AM,2,8,8,288
2014-03-25,4PM,0,6,6,066
2014-03-25,9PM,8,6,0,860
2014-03-26,11AM,2,3,5,235
2014-03-26,4PM,6,6,2,662
2014-03-26,9PM,0,6,6,066
2014-03-27,11AM,5,1,4,514
2014-03-27,4PM,7,0,5,705
2014-03-27,9PM,2,4,5,245
2014-03-28,11AM,8,1,6,816
2014-03-28,4PM,6,5,8,658
2014-03-28,9PM,0,1,2,012
2014-03-29,11AM,8,7,5,875
2014-03-29,4PM,1,7,8,178
2014-03-29,9PM,4,2,9,429
2014-03-30,11AM,0,4,9,049
2014-03-30,4PM,8,4,5,845
2014-03-30,9PM,3,2,4,324
2014-03-31,11AM,5,4,7,547
2014-03-31,4PM,8,4,7,847
2014-03-31,9PM,9,5,3,953
2014-04-01,11AM,0,9,9,099
2014-04-01,4PM,5,2,3,523
2014-04-01,9PM,6,7,8,678
2014-04-02,11AM,7,2,4,724
2014-04-02,4PM,1,0,3,103
2014-04-02,9PM,4,9,7,497
2014-04-03,11AM,1,9,3,193
2014-04-03,4PM,5,6,0,560
2014-04-03,9PM,5,6,2,562
2014-04-04,11AM,7,8,5,785
2014-04-04,4PM,8,8,6,886
2014-04-04,9PM,2,8,3,283
2014-04-05,11AM,3,3,4,334
2014-04-05,4PM,5,4,5,545
2014-04-05,9PM,9,3,2,932
2014-04-06,11AM,2,2,6,226
2014-04-06,4PM,1,0,6,106
2014-04-06,9PM,8,0,0,800
2014-04-07,11AM,4,4,3,443
2014-04-07,4PM,4,8,1,481
2014-04-07,9PM,3,1,4,314
2014-04-08,11AM,9,8,7,987
2014-04-08,4PM,6,5,0,650
2014-04-08,9PM,3,1,2,312
2014-04-09,11AM,7,6,7,767
2014-04-09,4PM,9,7,4,974
2014-04-09,9PM,1,9,3,193
2014-04-10,11AM,2,2,6,226
2014-04-10,4PM,0,8,2,082
2014-04-10,9PM,5,6,4,564
2014-04-11,11AM,8,1,0,810
2014-04-11,4PM,9,6,4,964
2014-04-11,9PM,8,4,7,847
2014-04-12,11AM,8,9,8,898
2014-04-12,4PM,4,5,2,452
2014-04-12,9PM,6,0,7,607
2014-04-13,11AM,3,4,6,346
2014-04-13,4PM,8,6,6,866
2014-04-13,9PM,2,5,6,256
2014-04-14,11AM,1,4,7,147
2014-04-14,9PM,4,1,8,418
2014-04-15,11AM,7,5,5,755
2014-04-15,4PM,3,0,6,306
2014-04-15,9PM,7,1,4,714
2014-04-16,11AM,4,0,7,407
2014-04-16,4PM,0,1,1,011
2014-04-16,9PM,2,9,7,297
2014-04-21,11AM,4,5,2,452
2014-04-21,4PM,6,8,4,684
2014-04-21,9PM,4,2,9,429
2014-04-22,11AM,5,5,8,558
2014-04-22,4PM,3,7,8,378
2014-04-22,9PM,8,1,8,818
2014-04-23,11AM,4,1,9,419
2014-04-23,4PM,7,9,8,798
2014-04-23,9PM,6,7,6,676
2014-04-24,11AM,1,8,9,189
2014-04-24,4PM,3,4,6,346
2014-04-24,9PM,6,1,6,616
2014-04-25,11AM,5,9,1,591
2014-04-25,4PM,6,7,8,678
2014-04-25,9PM,2,0,3,203
2014-04-26,11AM,0,3,4,034
2014-04-26,4PM,2,4,8,248
2014-04-27,11AM,1,4,2,142
2014-04-27,4PM,1,3,1,131
2014-04-27,9PM,1,9,2,192
2014-04-28,11AM,2,8,1,281
2014-04-28,4PM,4,2,8,428
2014-04-28,9PM,7,2,0,720
2014-04-29,11AM,3,2,6,326
2014-04-29,4PM,2,2,0,220
2014-04-29,9PM,7,4,4,744
2014-04-30,11AM,1,1,3,113
2014-04-30,4PM,2,0,9,209
2014-04-30,9PM,8,1,2,812
2014-05-01,11AM,5,6,8,568
2014-05-01,4PM,3,2,8,328
2014-05-01,9PM,2,0,0,200
2014-05-02,11AM,7,0,4,704
2014-05-02,4PM,7,6,3,763
2014-05-02,9PM,8,4,7,847
2014-05-03,11AM,3,6,8,368
2014-05-03,4PM,1,3,0,130
2014-05-03,9PM,2,7,1,271
2014-05-04,11AM,8,3,7,837
2014-05-04,4PM,6,1,8,618
2014-05-04,9PM,5,9,8,598
2014-05-05,11AM,6,1,1,611
2014-05-05,4PM,2,6,7,267
2014-05-05,9PM,3,2,5,325
2014-05-06,11AM,6,6,5,665
2014-05-06,4PM,0,9,1,091
2014-05-06,9PM,3,0,3,303
2014-05-07,11AM,8,0,7,807
2014-05-07,4PM,4,2,0,420
2014-05-07,9PM,6,0,7,607
2014-05-08,11AM,0,2,3,023
2014-05-08,4PM,4,1,1,411
2014-05-08,9PM,0,2,1,021
2014-05-09,11AM,0,0,6,006
2014-05-09,4PM,5,9,7,597
2014-05-09,9PM,4,7,1,471
2014-05-10,11AM,2,1,8,218
2014-05-10,4PM,5,2,8,528
2014-05-10,9PM,2,8,6,286
2014-05-11,11AM,5,9,5,595
2014-05-11,4PM,8,8,9,889
2014-05-11,9PM,9,5,9,959
2014-05-12,11AM,5,8,6,586
2014-05-12,4PM,0,5,5,055
2014-05-12,9PM,8,6,5,865
2014-05-13,11AM,3,2,2,322
2014-05-13,4PM,4,6,4,464
2014-05-13,9PM,7,8,0,780
2014-05-14,11AM,9,4,3,943
2014-05-14,4PM,1,0,4,104
2014-05-14,9PM,7,8,0,780
2014-05-15,11AM,8,6,3,863
2014-05-15,4PM,2,0,6,206
2014-05-15,9PM,3,5,6,356
2014-05-16,11AM,9,9,8,998
2014-05-16,4PM,8,5,6,856
2014-05-16,9PM,2,9,1,291
2014-05-17,11AM,1,0,6,106
2014-05-17,4PM,3,2,2,322
2014-05-17,9PM,4,7,7,477
2014-05-18,11AM,3,5,8,358
2014-05-18,4PM,9,3,2,932
2014-05-18,9PM,6,9,9,699
2014-05-19,11AM,8,5,0,850
2014-05-19,4PM,7,9,4,794
2014-05-19,9PM,1,3,0,130
2014-05-20,11AM,1,5,3,153
2014-05-20,4PM,4,5,9,459
2014-05-20,9PM,9,1,8,918
2014-05-21,11AM,0,6,2,062
2014-05-21,4PM,6,0,3,603
2014-05-21,9PM,9,2,5,925
2014-05-22,11AM,1,3,4,134
2014-05-22,4PM,5,3,8,538
2014-05-22,9PM,6,0,8,608
2014-05-23,11AM,4,5,1,451
2014-05-23,4PM,1,5,7,157
2014-05-23,9PM,6,0,7,607
2014-05-24,11AM,9,2,3,923
2014-05-24,4PM,4,8,9,489
2014-05-24,9PM,9,8,9,989
2014-05-25,11AM,7,1,5,715
2014-05-25,4PM,1,8,2,182
2014-05-25,9PM,3,2,0,320
2014-05-26,11AM,4,6,0,460
2014-05-26,4PM,2,3,0,230
2014-05-26,9PM,5,5,7,557
2014-05-27,11AM,4,4,1,441
2014-05-27,4PM,0,5,2,052
2014-05-27,9PM,2,0,9,209
2014-05-28,11AM,9,4,4,944
2014-05-28,4PM,7,9,1,791
2014-05-28,9PM,4,1,8,418
2014-05-29,11AM,0,6,2,062
2014-05-29,4PM,9,6,9,969
2014-05-29,9PM,9,8,9,989
2014-05-30,11AM,4,5,3,453
2014-05-30,4PM,7,9,1,791
2014-05-30,9PM,2,6,9,269
2014-05-31,11AM,6,1,5,615
2014-05-31,4PM,6,0,5,605
2014-05-31,9PM,2,8,4,284
2014-06-01,11AM,5,8,6,586
2014-06-01,4PM,1,0,4,104
2014-06-01,9PM,1,0,3,103
2014-06-02,11AM,4,8,6,486
2014-06-02,4PM,0,1,4,014
2014-06-02,9PM,1,5,3,153
2014-06-03,11AM,0,7,7,077
2014-06-03,4PM,8,1,8,818
2014-06-03,9PM,1,0,7,107
2014-06-04,11AM,7,7,4,774
2014-06-04,4PM,1,6,9,169
2014-06-04,9PM,0,8,1,081
2014-06-05,11AM,7,2,0,720
2014-06-05,4PM,5,1,3,513
2014-06-05,9PM,3,8,9,389
2014-06-06,11AM,6,1,3,613
2014-06-06,4PM,3,6,3,363
2014-06-06,9PM,6,2,4,624
2014-06-07,11AM,2,7,7,277
2014-06-07,4PM,8,6,0,860
2014-06-07,9PM,9,9,4,994
2014-06-08,11AM,3,3,0,330
2014-06-08,4PM,4,8,1,481
2014-06-08,9PM,3,8,0,380
2014-06-09,11AM,8,2,6,826
2014-06-09,4PM,7,5,2,752
2014-06-09,9PM,0,3,0,030
2014-06-10,11AM,6,4,9,649
2014-06-10,4PM,4,3,3,433
2014-06-10,9PM,6,3,8,638
2014-06-11,11AM,2,6,1,261
2014-06-11,4PM,2,1,3,213
2014-06-11,9PM,4,7,1,471
2014-06-12,11AM,8,5,8,858
2014-06-12,4PM,7,7,8,778
2014-06-12,9PM,6,4,4,644
2014-06-13,11AM,0,8,1,081
2014-06-13,4PM,8,3,5,835
2014-06-13,9PM,1,1,9,119
2014-06-14,11AM,9,4,7,947
2014-06-14,4PM,0,5,5,055
2014-06-14,9PM,8,9,3,893
2014-06-15,11AM,7,6,9,769
2014-06-15,4PM,2,1,8,218
2014-06-15,9PM,1,6,1,161
2014-06-16,11AM,9,2,1,921
2014-06-16,4PM,6,5,1,651
2014-06-16,9PM,9,8,2,982
2014-06-17,11AM,4,3,2,432
2014-06-17,4PM,8,5,8,858
2014-06-17,9PM,1,3,8,138
2014-06-18,11AM,7,2,3,723
2014-06-18,4PM,8,0,8,808
2014-06-18,9PM,2,0,5,205
2014-06-19,11AM,2,0,7,207
2014-06-19,4PM,8,8,4,884
2014-06-19,9PM,9,7,3,973
2014-06-20,11AM,3,2,5,325
2014-06-20,4PM,1,4,3,143
2014-06-20,9PM,3,9,8,398
2014-06-21,11AM,6,7,2,672
2014-06-21,4PM,6,9,8,698
2014-06-21,9PM,2,3,2,232
2014-06-22,11AM,2,5,6,256
2014-06-22,4PM,9,2,4,924
2014-06-22,9PM,0,3,9,039
2014-06-23,11AM,2,7,0,270
2014-06-23,4PM,9,7,1,971
2014-06-23,9PM,6,2,3,623
2014-06-24,11AM,2,6,4,264
2014-06-24,4PM,6,1,5,615
2014-06-24,9PM,4,8,0,480
2014-06-25,11AM,1,0,8,108
2014-06-25,4PM,6,6,6,666
2014-06-25,9PM,7,6,8,768
2014-06-26,11AM,2,4,5,245
2014-06-26,4PM,7,0,3,703
2014-06-26,9PM,3,6,8,368
2014-06-27,11AM,6,7,7,677
2014-06-27,4PM,4,8,2,482
2014-06-27,9PM,3,8,6,386
2014-06-28,11AM,2,2,5,225
2014-06-28,4PM,2,2,1,221
2014-06-28,9PM,3,1,2,312
2014-06-29,11AM,3,5,2,352
2014-06-29,4PM,4,3,3,433
2014-06-29,9PM,7,4,3,743
2014-06-30,11AM,6,2,3,623
2014-06-30,4PM,6,0,6,606
2014-06-30,9PM,9,4,3,943
2014-07-01,11AM,4,4,4,444
2014-07-01,4PM,6,7,5,675
2014-07-01,9PM,1,8,7,187
2014-07-02,11AM,8,3,0,830
2014-07-02,4PM,6,6,2,662
2014-07-02,9PM,6,5,4,654
2014-07-03,11AM,5,8,8,588
2014-07-03,4PM,5,5,8,558
2014-07-03,9PM,2,4,9,249
2014-07-04,11AM,9,6,6,966
2014-07-04,4PM,1,1,5,115
2014-07-04,9PM,7,7,6,776
2014-07-05,11AM,4,9,6,496
2014-07-05,4PM,1,8,3,183
2014-07-05,9PM,5,0,8,508
2014-07-06,11AM,3,0,9,309
2014-07-06,4PM,7,9,1,791
2014-07-06,9PM,4,7,5,475
2014-07-07,11AM,5,1,1,511
2014-07-07,4PM,3,9,6,396
2014-07-07,9PM,0,9,9,099
2014-07-08,11AM,7,0,8,708
2014-07-08,4PM,5,9,0,590
2014-07-08,9PM,4,9,8,498
2014-07-09,11AM,9,8,0,980
2014-07-09,4PM,9,4,1,941
2014-07-09,9PM,5,2,8,528
2014-07-10,11AM,9,3,6,936
2014-07-10,4PM,9,5,4,954
2014-07-10,9PM,8,3,2,832
2014-07-11,11AM,2,3,0,230
2014-07-11,4PM,9,6,8,968
2014-07-11,9PM,7,9,3,793
2014-07-12,11AM,8,6,8,868
2014-07-12,4PM,3,6,9,369
2014-07-12,9PM,8,0,7,807
2014-07-13,11AM,2,9,4,294
2014-07-13,4PM,0,4,9,049
2014-07-13,9PM,9,4,4,944
2014-07-14,11AM,9,9,8,998
2014-07-14,4PM,6,9,0,690
2014-07-14,9PM,1,3,3,133
2014-07-15,11AM,9,5,6,956
2014-07-15,4PM,9,5,9,959
2014-07-15,9PM,5,3,0,530
2014-07-16,11AM,3,1,4,314
2014-07-16,4PM,8,4,2,842
2014-07-16,9PM,3,1,7,317
2014-07-17,11AM,4,2,1,421
2014-07-17,4PM,0,3,7,037
2014-07-17,9PM,7,1,5,715
2014-07-18,11AM,1,2,8,128
2014-07-18,4PM,9,3,3,933
2014-07-18,9PM,1,1,9,119
2014-07-19,11AM,5,5,0,550
2014-07-19,4PM,0,9,6,096
2014-07-19,9PM,2,6,0,260
2014-07-20,11AM,2,3,2,232
2014-07-20,4PM,9,4,1,941
2014-07-20,9PM,5,5,3,553
2014-07-21,11AM,6,0,6,606
2014-07-21,4PM,8,7,6,876
2014-07-21,9PM,8,9,1,891
2014-07-22,11AM,8,6,4,864
2014-07-22,4PM,8,8,9,889
2014-07-22,9PM,0,7,0,070
2014-07-23,11AM,4,2,0,420
2014-07-23,4PM,2,2,5,225
2014-07-23,9PM,8,8,0,880
2014-07-24,11AM,9,3,6,936
2014-07-24,4PM,9,5,8,958
2014-07-24,9PM,7,1,4,714
2014-07-25,11AM,0,1,0,010
2014-07-25,4PM,9,1,9,919
2014-07-25,9PM,3,3,3,333
2014-07-26,11AM,8,8,5,885
2014-07-26,4PM,0,7,4,074
2014-07-26,9PM,1,7,1,171
2014-07-27,11AM,3,4,3,343
2014-07-27,4PM,1,8,4,184
2014-07-27,9PM,2,4,4,244
2014-07-28,11AM,6,2,7,627
2014-07-28,4PM,7,4,2,742
2014-07-28,9PM,1,3,4,134
2014-07-29,11AM,3,2,4,324
2014-07-29,4PM,7,1,0,710
2014-07-29,9PM,9,1,3,913
2014-07-30,11AM,3,5,2,352
2014-07-30,4PM,4,5,5,455
2014-07-30,9PM,5,3,2,532
2014-07-31,11AM,8,0,4,804
2014-07-31,4PM,9,2,8,928
2014-07-31,9PM,5,0,6,506
2014-08-01,11AM,9,1,0,910
2014-08-01,4PM,4,9,2,492
2014-08-01,9PM,1,1,6,116
2014-08-02,11AM,2,2,2,222
2014-08-02,4PM,8,7,3,873
2014-08-02,9PM,8,6,0,860
2014-08-03,11AM,5,4,6,546
2014-08-03,4PM,0,6,7,067
2014-08-03,9PM,5,5,3,553
2014-08-04,11AM,2,3,3,233
2014-08-04,4PM,4,9,6,496
2014-08-04,9PM,3,1,2,312
2014-08-05,11AM,0,8,2,082
2014-08-05,4PM,7,8,1,781
2014-08-05,9PM,2,6,6,266
2014-08-06,11AM,7,1,3,713
2014-08-06,4PM,8,6,5,865
2014-08-06,9PM,9,2,7,927
2014-08-07,11AM,5,0,4,504
2014-08-07,4PM,6,5,7,657
2014-08-07,9PM,0,8,3,083
2014-08-08,11AM,7,1,6,716
2014-08-08,4PM,6,1,0,610
2014-08-08,9PM,6,3,1,631
2014-08-09,11AM,7,7,1,771
2014-08-09,4PM,3,9,9,399
2014-08-09,9PM,6,5,9,659
2014-08-10,11AM,2,6,3,263
2014-08-10,4PM,9,4,8,948
2014-08-10,9PM,4,8,0,480
2014-08-11,11AM,6,3,9,639
2014-08-11,4PM,2,2,0,220
2014-08-11,9PM,3,6,4,364
2014-08-12,11AM,9,1,6,916
2014-08-12,4PM,2,3,0,230
2014-08-12,9PM,4,2,1,421
2014-08-13,11AM,4,8,3,483
2014-08-13,4PM,6,1,1,611
2014-08-13,9PM,1,7,7,177
2014-08-14,11AM,3,1,3,313
2014-08-14,4PM,7,6,9,769
2014-08-14,9PM,6,0,5,605
2014-08-15,11AM,7,3,8,738
2014-08-15,4PM,6,6,8,668
2014-08-15,9PM,6,4,7,647
2014-08-16,11AM,4,2,9,429
2014-08-16,4PM,4,8,9,489
2014-08-16,9PM,0,8,6,086
2014-08-17,11AM,0,5,3,053
2014-08-17,4PM,1,1,6,116
2014-08-17,9PM,7,0,7,707
2014-08-18,11AM,1,4,8,148
2014-08-18,4PM,1,0,0,100
2014-08-18,9PM,1,0,1,101
2014-08-19,11AM,8,3,3,833
2014-08-19,4PM,0,9,6,096
2014-08-19,9PM,4,7,5,475
2014-08-20,11AM,5,0,2,502
2014-08-20,4PM,8,0,2,802
2014-08-20,9PM,2,9,1,291
2014-08-21,11AM,8,1,6,816
2014-08-21,4PM,9,9,8,998
2014-08-21,9PM,1,1,3,113
2014-08-22,11AM,4,5,0,450
2014-08-22,4PM,5,8,0,580
2014-08-22,9PM,4,1,9,419
2014-08-23,11AM,4,2,5,425
2014-08-23,4PM,2,5,7,257
2014-08-23,9PM,2,4,9,249
2014-08-24,11AM,7,0,1,701
2014-08-24,4PM,7,3,6,736
2014-08-24,9PM,0,7,5,075
2014-08-25,11AM,6,6,4,664
2014-08-25,4PM,7,5,9,759
2014-08-25,9PM,6,9,3,693
2014-08-26,11AM,2,2,3,223
2014-08-26,4PM,1,2,8,128
2014-08-26,9PM,0,0,4,004
2014-08-27,11AM,7,4,8,748
2014-08-27,4PM,5,2,4,524
2014-08-27,9PM,7,7,8,778
2014-08-28,11AM,5,3,2,532
2014-08-28,4PM,3,1,3,313
2014-08-28,9PM,1,1,1,111
2014-08-29,11AM,3,9,2,392
2014-08-29,4PM,9,9,6,996
2014-08-29,9PM,0,3,7,037
2014-08-30,11AM,8,6,5,865
2014-08-30,4PM,4,6,2,462
2014-08-30,9PM,3,3,8,338
2014-08-31,11AM,5,2,6,526
2014-08-31,4PM,3,6,0,360
2014-08-31,9PM,0,4,0,040
2014-09-01,11AM,6,6,6,666
2014-09-01,4PM,1,1,6,116
2014-09-01,9PM,8,8,1,881
2014-09-02,11AM,1,1,6,116
2014-09-02,4PM,8,0,4,804
2014-09-02,9PM,2,7,9,279
2014-09-03,11AM,1,5,0,150
2014-09-03,4PM,6,1,5,615
2014-09-03,9PM,5,6,5,565
2014-09-04,11AM,0,8,3,083
2014-09-04,4PM,4,1,7,417
2014-09-04,9PM,2,1,2,212
2014-09-05,11AM,7,9,0,790
2014-09-05,4PM,0,3,9,039
2014-09-05,9PM,8,9,5,895
2014-09-06,11AM,6,4,2,642
2014-09-06,4PM,3,4,2,342
2014-09-06,9PM,2,5,2,252
2014-09-07,11AM,6,1,2,612
2014-09-07,4PM,7,1,6,716
2014-09-07,9PM,2,7,3,273
2014-09-08,11AM,8,2,5,825
2014-09-08,4PM,0,7,7,077
2014-09-08,9PM,7,8,9,789
2014-09-09,11AM,6,1,1,611
2014-09-09,4PM,5,0,7,507
2014-09-09,9PM,1,6,8,168
2014-09-10,11AM,7,0,8,708
2014-09-10,4PM,7,0,3,703
2014-09-10,9PM,8,6,3,863
2014-09-11,11AM,1,4,4,144
2014-09-11,4PM,0,1,3,013
2014-09-11,9PM,3,2,0,320
2014-09-12,11AM,9,5,7,957
2014-09-12,4PM,8,6,1,861
2014-09-12,9PM,9,9,9,999
2014-09-13,11AM,1,5,9,159
2014-09-13,4PM,4,0,4,404
2014-09-13,9PM,7,4,2,742
2014-09-14,11AM,7,5,3,753
2014-09-14,4PM,4,7,9,479
2014-09-14,9PM,6,1,9,619
2014-09-15,11AM,9,5,8,958
2014-09-15,4PM,0,6,3,063
2014-09-15,9PM,5,2,8,528
2014-09-16,11AM,2,5,4,254
2014-09-16,4PM,1,5,0,150
2014-09-16,9PM,0,9,1,091
2014-09-17,11AM,2,0,0,200
2014-09-17,4PM,2,8,8,288
2014-09-17,9PM,7,0,3,703
2014-09-18,11AM,0,4,6,046
2014-09-18,4PM,4,7,8,478
2014-09-18,9PM,5,4,1,541
2014-09-19,11AM,1,0,8,108
2014-09-19,4PM,1,4,3,143
2014-09-19,9PM,3,6,1,361
2014-09-20,11AM,6,3,6,636
2014-09-20,4PM,9,7,2,972
2014-09-20,9PM,8,9,0,890
2014-09-21,11AM,5,9,0,590
2014-09-21,4PM,3,7,6,376
2014-09-21,9PM,6,5,4,654
2014-09-22,11AM,6,5,6,656
2014-09-22,4PM,8,1,7,817
2014-09-22,9PM,9,3,3,933
2014-09-23,11AM,3,0,3,303
2014-09-23,4PM,7,3,0,730
2014-09-23,9PM,8,2,1,821
2014-09-24,11AM,4,4,2,442
2014-09-24,4PM,5,4,0,540
2014-09-24,9PM,7,3,5,735
2014-09-25,11AM,8,1,4,814
2014-09-25,4PM,5,6,3,563
2014-09-25,9PM,6,0,5,605
2014-09-26,11AM,0,7,4,074
2014-09-26,4PM,2,3,2,232
2014-09-26,9PM,3,7,1,371
2014-09-27,11AM,6,9,1,691
2014-09-27,4PM,4,3,9,439
2014-09-27,9PM,5,3,0,530
2014-09-28,11AM,7,4,5,745
2014-09-28,4PM,8,4,5,845
2014-09-28,9PM,6,9,9,699
2014-09-29,11AM,7,9,2,792
2014-09-29,4PM,1,1,1,111
2014-09-29,9PM,6,3,5,635
2014-09-30,11AM,2,4,6,246
2014-09-30,4PM,1,7,3,173
2014-09-30,9PM,5,7,4,574
2014-10-01,11AM,3,2,1,321
2014-10-01,4PM,8,0,0,800
2014-10-01,9PM,2,7,1,271
2014-10-02,11AM,1,2,6,126
2014-10-02,4PM,1,1,1,111
2014-10-02,9PM,1,8,4,184
2014-10-03,11AM,1,5,1,151
2014-10-03,4PM,0,1,9,019
2014-10-03,9PM,2,6,2,262
2014-10-04,11AM,3,0,8,308
2014-10-04,4PM,8,8,9,889
2014-10-04,9PM,3,6,0,360
2014-10-05,11AM,6,6,2,662
2014-10-05,4PM,5,9,7,597
2014-10-05,9PM,1,8,1,181
2014-10-06,11AM,5,7,3,573
2014-10-06,4PM,3,6,0,360
2014-10-06,9PM,5,2,1,521
2014-10-07,11AM,4,4,9,449
2014-10-07,4PM,7,1,6,716
2014-10-07,9PM,8,8,4,884
2014-10-08,11AM,2,0,3,203
2014-10-08,4PM,2,2,1,221
2014-10-08,9PM,4,0,1,401
2014-10-09,11AM,0,5,1,051
2014-10-09,4PM,9,5,3,953
2014-10-09,9PM,1,6,1,161
2014-10-10,11AM,2,9,0,290
2014-10-10,4PM,3,6,7,367
2014-10-10,9PM,1,8,7,187
2014-10-11,11AM,0,7,2,072
2014-10-11,4PM,6,5,5,655
2014-10-11,9PM,1,9,7,197
2014-10-12,11AM,3,0,9,309
2014-10-12,4PM,5,5,3,553
2014-10-12,9PM,5,8,0,580
2014-10-13,11AM,3,8,4,384
2014-10-13,4PM,6,3,4,634
2014-10-13,9PM,1,9,7,197
2014-10-14,11AM,2,0,6,206
2014-10-14,4PM,7,5,3,753
2014-10-14,9PM,9,1,4,914
2014-10-15,11AM,0,6,4,064
2014-10-15,4PM,9,1,8,918
2014-10-15,9PM,4,3,5,435
2014-10-16,11AM,6,7,1,671
2014-10-16,4PM,3,0,2,302
2014-10-16,9PM,8,5,0,850
2014-10-17,11AM,4,8,6,486
2014-10-17,4PM,3,4,8,348
2014-10-17,9PM,0,7,5,075
2014-10-18,11AM,5,2,6,526
2014-10-18,4PM,4,4,5,445
2014-10-18,9PM,7,6,0,760
2014-10-19,11AM,7,7,7,777
2014-10-19,4PM,3,9,5,395
2014-10-19,9PM,5,4,2,542
2014-10-20,11AM,2,7,6,276
2014-10-20,4PM,6,2,9,629
2014-10-20,9PM,5,2,9,529
2014-10-21,11AM,1,1,8,118
2014-10-21,4PM,4,0,9,409
2014-10-21,9PM,2,8,8,288
2014-10-22,11AM,3,7,2,372
2014-10-22,4PM,5,6,5,565
2014-10-22,9PM,2,6,1,261
2014-10-23,11AM,7,8,9,789
2014-10-23,4PM,3,2,0,320
2014-10-23,9PM,3,6,7,367
2014-10-24,11AM,9,7,5,975
2014-10-24,4PM,3,0,1,301
2014-10-24,9PM,5,9,3,593
2014-10-25,11AM,1,0,6,106
2014-10-25,4PM,0,4,3,043
2014-10-25,9PM,1,2,0,120
2014-10-26,11AM,8,1,6,816
2014-10-26,4PM,9,6,2,962
2014-10-26,9PM,9,6,7,967
2014-10-27,11AM,5,7,1,571
2014-10-27,4PM,7,0,4,704
2014-10-27,9PM,7,1,0,710
2014-10-28,11AM,0,0,8,008
2014-10-28,4PM,0,0,4,004
2014-10-28,9PM,2,8,6,286
2014-10-29,11AM,5,5,6,556
2014-10-29,4PM,5,8,1,581
2014-10-29,9PM,6,7,4,674
2014-10-30,11AM,2,0,3,203
2014-10-30,4PM,2,0,0,200
2014-10-30,9PM,5,2,7,527
2014-10-31,11AM,5,4,1,541
2014-10-31,4PM,8,8,3,883
2014-10-31,9PM,6,7,9,679
2014-11-01,11AM,4,4,1,441
2014-11-01,4PM,9,3,1,931
2014-11-01,9PM,9,0,5,905
2014-11-02,11AM,3,2,7,327
2014-11-02,4PM,6,9,1,691
2014-11-02,9PM,1,0,4,104
2014-11-03,11AM,6,2,1,621
2014-11-03,4PM,3,2,4,324
2014-11-03,9PM,0,3,9,039
2014-11-04,11AM,9,7,1,971
2014-11-04,4PM,0,2,7,027
2014-11-04,9PM,3,0,1,301
2014-11-05,11AM,7,9,7,797
2014-11-05,4PM,4,7,6,476
2014-11-05,9PM,3,0,7,307
2014-11-06,11AM,0,3,3,033
2014-11-06,4PM,8,6,7,867
2014-11-06,9PM,7,6,8,768
2014-11-07,11AM,5,5,0,550
2014-11-07,4PM,2,0,5,205
2014-11-07,9PM,0,2,3,023
2014-11-08,11AM,3,4,4,344
2014-11-08,4PM,7,2,9,729
2014-11-08,9PM,7,3,9,739
2014-11-09,11AM,2,1,2,212
2014-11-09,4PM,3,9,0,390
2014-11-09,9PM,3,5,0,350
2014-11-10,11AM,2,0,0,200
2014-11-10,4PM,5,1,1,511
2014-11-10,9PM,7,4,1,741
2014-11-11,11AM,2,2,2,222
2014-11-11,4PM,9,4,1,941
2014-11-11,9PM,8,4,1,841
2014-11-12,11AM,8,2,3,823
2014-11-12,4PM,3,0,1,301
2014-11-12,9PM,1,5,1,151
2014-11-13,11AM,8,0,5,805
2014-11-13,4PM,9,0,8,908
2014-11-13,9PM,7,5,5,755
2014-11-14,11AM,0,6,7,067
2014-11-14,4PM,9,0,5,905
2014-11-14,9PM,7,2,0,720
2014-11-15,11AM,2,1,1,211
2014-11-15,4PM,5,3,4,534
2014-11-15,9PM,2,4,1,241
2014-11-16,11AM,5,3,9,539
2014-11-16,4PM,1,5,0,150
2014-11-16,9PM,0,7,9,079
2014-11-17,11AM,8,1,1,811
2014-11-17,4PM,6,5,8,658
2014-11-17,9PM,7,5,3,753
2014-11-18,11AM,5,9,5,595
2014-11-18,4PM,6,1,3,613
2014-11-18,9PM,8,8,3,883
2014-11-19,11AM,1,7,4,174
2014-11-19,4PM,9,5,4,954
2014-11-19,9PM,7,5,1,751
2014-11-20,11AM,4,1,4,414
2014-11-20,4PM,9,6,1,961
2014-11-20,9PM,3,8,1,381
2014-11-21,11AM,3,9,3,393
2014-11-21,4PM,7,1,0,710
2014-11-21,9PM,6,0,8,608
2014-11-22,11AM,9,8,5,985
2014-11-22,4PM,2,1,1,211
2014-11-22,9PM,3,9,2,392
2014-11-23,11AM,5,5,5,555
2014-11-23,4PM,2,5,5,255
2014-11-23,9PM,3,1,5,315
2014-11-24,11AM,9,5,0,950
2014-11-24,4PM,4,3,1,431
2014-11-24,9PM,2,3,0,230
2014-11-25,11AM,0,6,7,067
2014-11-25,4PM,8,4,2,842
2014-11-25,9PM,4,3,8,438
2014-11-26,11AM,9,7,6,976
2014-11-26,4PM,2,1,7,217
2014-11-26,9PM,6,6,8,668
2014-11-27,11AM,9,8,8,988
2014-11-27,4PM,2,0,2,202
2014-11-27,9PM,6,8,8,688
2014-11-28,11AM,4,2,8,428
2014-11-28,4PM,0,1,4,014
2014-11-28,9PM,5,0,8,508
2014-11-29,11AM,5,8,9,589
2014-11-29,4PM,5,1,8,518
2014-11-29,9PM,2,8,2,282
2014-11-30,11AM,3,7,4,374
2014-11-30,4PM,9,2,8,928
2014-11-30,9PM,7,6,1,761
2014-12-01,11AM,6,7,6,676
2014-12-01,4PM,8,7,3,873
2014-12-01,9PM,5,5,9,559
2014-12-02,11AM,3,7,4,374
2014-12-02,4PM,6,1,6,616
2014-12-02,9PM,1,7,3,173
2014-12-03,11AM,2,2,4,224
2014-12-03,4PM,9,9,3,993
2014-12-03,9PM,1,2,5,125
2014-12-04,11AM,6,2,7,627
2014-12-04,4PM,7,8,6,786
2014-12-04,9PM,5,3,6,536
2014-12-05,11AM,8,3,2,832
2014-12-05,4PM,9,9,4,994
2014-12-05,9PM,0,2,6,026
2014-12-06,11AM,6,5,7,657
2014-12-06,4PM,6,0,6,606
2014-12-06,9PM,8,1,4,814
2014-12-07,11AM,3,2,7,327
2014-12-07,4PM,4,9,2,492
2014-12-07,9PM,6,6,8,668
2014-12-08,11AM,2,5,2,252
2014-12-08,4PM,7,3,5,735
2014-12-08,9PM,3,0,3,303
2014-12-09,11AM,8,0,9,809
2014-12-09,4PM,7,5,0,750
2014-12-09,9PM,2,0,0,200
2014-12-10,11AM,0,2,2,022
2014-12-10,4PM,2,1,9,219
2014-12-10,9PM,4,6,6,466
2014-12-11,11AM,6,4,3,643
2014-12-11,4PM,7,0,9,709
2014-12-11,9PM,5,9,0,590
2014-12-12,11AM,7,8,3,783
2014-12-12,4PM,9,5,1,951
2014-12-12,9PM,6,8,4,684
2014-12-13,11AM,3,0,4,304
2014-12-13,4PM,9,6,8,968
2014-12-13,9PM,0,5,8,058
2014-12-14,11AM,4,2,6,426
2014-12-14,4PM,1,4,8,148
2014-12-14,9PM,8,4,7,847
2014-12-15,11AM,5,0,0,500
2014-12-15,4PM,9,2,8,928
2014-12-15,9PM,8,7,8,878
2014-12-16,11AM,3,8,4,384
2014-12-16,4PM,4,6,2,462
2014-12-16,9PM,2,4,4,244
2014-12-17,11AM,7,2,6,726
2014-12-17,4PM,4,7,2,472
2014-12-17,9PM,3,1,7,317
2014-12-18,11AM,7,5,6,756
2014-12-18,4PM,6,3,5,635
2014-12-18,9PM,2,7,3,273
2014-12-19,11AM,9,1,8,918
2014-12-19,4PM,8,3,6,836
2014-12-19,9PM,9,8,3,983
2014-12-20,11AM,3,9,9,399
2014-12-20,4PM,0,7,9,079
2014-12-20,9PM,6,7,4,674
2014-12-21,11AM,5,8,1,581
2014-12-21,4PM,0,6,3,063
2014-12-21,9PM,7,8,4,784
2014-12-22,11AM,6,2,0,620
2014-12-22,4PM,5,3,0,530
2014-12-22,9PM,6,1,2,612
2014-12-23,11AM,7,0,7,707
2014-12-23,4PM,3,5,4,354
2014-12-23,9PM,1,6,9,169
2014-12-24,11AM,3,6,2,362
2014-12-24,4PM,7,3,8,738
2014-12-24,9PM,4,1,5,415
2014-12-26,11AM,2,4,6,246
2014-12-26,4PM,2,4,6,246
2014-12-26,9PM,9,2,3,923
2014-12-27,11AM,7,8,7,787
2014-12-27,4PM,9,3,9,939
2014-12-27,9PM,9,8,3,983
2014-12-28,11AM,9,5,7,957
2014-12-28,4PM,9,0,3,903
2014-12-28,9PM,8,7,0,870
2014-12-29,11AM,7,1,0,710
2014-12-29,4PM,0,6,8,068
2014-12-29,9PM,6,7,3,673
2014-12-30,11AM,0,7,6,076
2014-12-30,4PM,8,8,9,889
2014-12-30,9PM,3,1,5,315
2014-12-31,11AM,3,4,9,349
2014-12-31,4PM,1,0,1,101
2014-12-31,9PM,7,7,4,774
2015-01-02,11AM,1,8,3,183
2015-01-02,4PM,2,2,9,229
2015-01-02,9PM,6,3,0,630
2015-01-03,11AM,5,8,1,581
2015-01-03,4PM,9,6,4,964
2015-01-03,9PM,3,2,2,322
2015-01-04,11AM,5,8,8,588
2015-01-04,4PM,7,3,8,738
2015-01-04,9PM,3,9,9,399
2015-01-05,11AM,3,3,1,331
2015-01-05,4PM,1,7,2,172
2015-01-05,9PM,5,4,9,549
2015-01-06,11AM,2,2,2,222
2015-01-06,4PM,7,5,0,750
2015-01-06,9PM,1,9,7,197
2015-01-07,11AM,1,4,4,144
2015-01-07,4PM,7,2,3,723
2015-01-07,9PM,6,5,3,653
2015-01-08,11AM,5,5,8,558
2015-01-08,4PM,6,2,4,624
2015-01-08,9PM,0,3,4,034
2015-01-09,11AM,3,8,5,385
2015-01-09,4PM,8,0,5,805
2015-01-09,9PM,4,2,2,422
2015-01-10,11AM,7,2,6,726
2015-01-10,4PM,7,4,8,748
2015-01-10,9PM,5,5,1,551
2015-01-11,11AM,9,7,6,976
2015-01-11,4PM,2,5,1,251
2015-01-11,9PM,9,5,6,956
2015-01-12,11AM,9,7,5,975
2015-01-12,4PM,1,8,3,183
2015-01-12,9PM,9,9,4,994
2015-01-13,11AM,4,0,8,408
2015-01-13,4PM,7,8,2,782
2015-01-13,9PM,1,1,7,117
2015-01-14,11AM,5,9,8,598
2015-01-14,4PM,1,5,4,154
2015-01-14,9PM,5,1,4,514
2015-01-15,11AM,5,3,8,538
2015-01-15,4PM,8,9,8,898
2015-01-15,9PM,5,0,1,501
2015-01-16,11AM,3,8,1,381
2015-01-16,4PM,9,9,7,997
2015-01-16,9PM,0,8,1,081
2015-01-17,11AM,9,9,9,999
2015-01-17,4PM,0,4,0,040
2015-01-17,9PM,4,5,8,458
2015-01-18,11AM,8,9,6,896
2015-01-18,4PM,5,4,3,543
2015-01-18,9PM,3,7,1,371
2015-01-19,11AM,0,3,4,034
2015-01-19,4PM,4,5,2,452
2015-01-19,9PM,0,1,4,014
2015-01-20,11AM,9,9,3,993
2015-01-20,4PM,1,9,3,193
2015-01-20,9PM,4,8,1,481
2015-01-21,11AM,6,3,6,636
2015-01-21,4PM,0,6,5,065
2015-01-21,9PM,4,4,1,441
2015-01-22,11AM,5,2,6,526
2015-01-22,4PM,8,3,1,831
2015-01-22,9PM,6,2,3,623
2015-01-23,11AM,6,5,9,659
2015-01-23,4PM,0,7,3,073
2015-01-23,9PM,8,5,8,858
2015-01-24,11AM,3,8,5,385
2015-01-24,4PM,1,9,3,193
2015-01-24,9PM,9,5,3,953
2015-01-25,11AM,6,0,4,604
2015-01-25,4PM,9,3,7,937
2015-01-25,9PM,9,7,2,972
2015-01-26,11AM,2,2,3,223
2015-01-26,4PM,1,9,1,191
2015-01-26,9PM,4,4,8,448
2015-01-27,11AM,1,0,6,106
2015-01-27,4PM,9,2,5,925
2015-01-27,9PM,0,1,3,013
2015-01-28,11AM,2,2,9,229
2015-01-28,4PM,9,2,1,921
2015-01-28,9PM,9,6,8,968
2015-01-29,11AM,1,6,4,164
2015-01-29,4PM,2,0,3,203
2015-01-29,9PM,5,4,9,549
2015-01-30,11AM,3,4,5,345
2015-01-30,4PM,3,5,1,351
2015-01-30,9PM,0,1,6,016
2015-01-31,11AM,2,3,2,232
2015-01-31,4PM,8,8,5,885
2015-01-31,9PM,6,9,1,691
2015-02-01,11AM,8,2,4,824
2015-02-01,4PM,3,4,6,346
2015-02-01,9PM,9,7,6,976
2015-02-02,11AM,0,7,3,073
2015-02-02,4PM,7,1,7,717
2015-02-02,9PM,4,7,0,470
2015-02-03,11AM,6,8,5,685
2015-02-03,4PM,6,3,6,636
2015-02-03,9PM,6,8,3,683
2015-02-04,11AM,9,2,7,927
2015-02-04,4PM,4,3,7,437
2015-02-04,9PM,5,1,0,510
2015-02-05,11AM,2,4,8,248
2015-02-05,4PM,3,2,6,326
2015-02-05,9PM,5,2,8,528
2015-02-06,11AM,7,2,9,729
2015-02-06,4PM,0,7,0,070
2015-02-06,9PM,7,2,9,729
2015-02-07,11AM,4,8,7,487
2015-02-07,4PM,3,4,4,344
2015-02-07,9PM,0,6,2,062
2015-02-08,11AM,1,8,1,181
2015-02-08,4PM,3,4,3,343
2015-02-08,9PM,6,1,9,619
2015-02-09,11AM,8,2,4,824
2015-02-09,4PM,1,8,2,182
2015-02-09,9PM,5,1,8,518
2015-02-10,11AM,3,3,1,331
2015-02-10,4PM,1,3,8,138
2015-02-10,9PM,3,4,2,342
2015-02-11,11AM,6,1,7,617
2015-02-11,4PM,3,2,5,325
2015-02-11,9PM,2,4,3,243
2015-02-12,11AM,5,8,7,587
2015-02-12,4PM,5,2,6,526
2015-02-12,9PM,6,6,3,663
2015-02-13,11AM,7,5,5,755
2015-02-13,4PM,4,8,6,486
2015-02-13,9PM,1,7,8,178
2015-02-14,11AM,0,8,6,086
2015-02-14,4PM,7,6,1,761
2015-02-14,9PM,0,7,5,075
2015-02-15,11AM,0,3,7,037
2015-02-15,4PM,7,0,6,706
2015-02-15,9PM,5,0,3,503
2015-02-16,11AM,1,9,8,198
2015-02-16,4PM,4,0,7,407
2015-02-16,9PM,7,1,3,713
2015-02-17,11AM,7,7,3,773
2015-02-17,4PM,5,5,2,552
2015-02-17,9PM,0,0,3,003
2015-02-18,11AM,9,5,0,950
2015-02-18,4PM,9,1,0,910
2015-02-18,9PM,7,7,3,773
2015-02-19,11AM,3,0,9,309
2015-02-19,4PM,8,6,8,868
2015-02-19,9PM,3,7,5,375
2015-02-20,11AM,2,4,7,247
2015-02-20,4PM,6,8,6,686
2015-02-20,9PM,3,8,3,383
2015-02-21,11AM,1,6,9,169
2015-02-21,4PM,8,0,0,800
2015-02-21,9PM,1,2,8,128
2015-02-22,11AM,6,7,5,675
2015-02-22,4PM,5,4,0,540
2015-02-22,9PM,1,3,8,138
2015-02-23,11AM,0,7,4,074
2015-02-23,4PM,2,8,3,283
2015-02-23,9PM,6,2,7,627
2015-02-24,11AM,8,1,5,815
2015-02-24,4PM,9,8,9,989
2015-02-24,9PM,3,4,4,344
2015-02-25,11AM,1,8,5,185
2015-02-25,4PM,0,7,8,078
2015-02-25,9PM,2,2,9,229
2015-02-26,11AM,8,0,0,800
2015-02-26,4PM,8,4,9,849
2015-02-26,9PM,1,5,1,151
2015-02-27,11AM,9,8,3,983
2015-02-27,4PM,6,3,8,638
2015-02-27,9PM,0,1,4,014
2015-02-28,11AM,8,6,5,865
2015-02-28,4PM,2,8,5,285
2015-02-28,9PM,9,7,5,975
2015-03-01,11AM,5,5,2,552
2015-03-01,4PM,7,9,1,791
2015-03-01,9PM,2,6,1,261
2015-03-02,11AM,8,8,3,883
2015-03-02,4PM,8,6,6,866
2015-03-02,9PM,1,6,0,160
2015-03-03,11AM,7,2,6,726
2015-03-03,4PM,4,3,3,433
2015-03-03,9PM,1,6,5,165
2015-03-04,11AM,8,7,0,870
2015-03-04,4PM,2,0,5,205
2015-03-04,9PM,7,7,8,778
2015-03-05,11AM,6,0,1,601
2015-03-05,4PM,5,0,0,500
2015-03-05,9PM,1,1,0,110
2015-03-06,11AM,4,1,7,417
2015-03-06,4PM,9,8,1,981
2015-03-06,9PM,9,2,3,923
2015-03-07,11AM,7,7,9,779
2015-03-07,4PM,0,6,3,063
2015-03-07,9PM,0,9,1,091
2015-03-08,11AM,0,4,3,043
2015-03-08,4PM,0,1,1,011
2015-03-08,9PM,7,9,5,795
2015-03-09,11AM,8,2,3,823
2015-03-09,4PM,1,6,3,163
2015-03-09,9PM,0,0,5,005
2015-03-10,11AM,8,6,9,869
2015-03-10,4PM,7,6,3,763
2015-03-10,9PM,5,2,5,525
2015-03-11,11AM,2,7,0,270
2015-03-11,4PM,8,1,8,818
2015-03-11,9PM,1,0,9,109
2015-03-12,11AM,6,1,8,618
2015-03-12,4PM,4,5,3,453
2015-03-12,9PM,8,3,5,835
2015-03-13,11AM,3,7,4,374
2015-03-13,4PM,3,6,3,363
2015-03-13,9PM,9,8,0,980
2015-03-14,11AM,9,1,9,919
2015-03-14,4PM,0,2,0,020
2015-03-14,9PM,0,3,4,034
2015-03-15,11AM,5,0,0,500
2015-03-15,4PM,4,5,2,452
2015-03-15,9PM,2,7,0,270
2015-03-16,11AM,1,5,0,150
2015-03-16,4PM,4,2,8,428
2015-03-16,9PM,8,9,4,894
2015-03-17,11AM,0,9,8,098
2015-03-17,4PM,1,7,8,178
2015-03-17,9PM,7,3,2,732
2015-03-18,11AM,9,1,8,918
2015-03-18,4PM,5,4,2,542
2015-03-18,9PM,3,5,2,352
2015-03-19,11AM,8,7,8,878
2015-03-19,4PM,8,6,3,863
2015-03-19,9PM,7,5,8,758
2015-03-20,11AM,6,6,6,666
2015-03-20,4PM,3,5,7,357
2015-03-20,9PM,6,6,1,661
2015-03-21,11AM,5,8,5,585
2015-03-21,4PM,3,2,2,322
2015-03-21,9PM,4,1,9,419
2015-03-22,11AM,2,2,4,224
2015-03-22,4PM,3,7,7,377
2015-03-22,9PM,6,2,8,628
2015-03-23,11AM,5,7,5,575
2015-03-23,4PM,8,6,3,863
2015-03-23,9PM,3,7,3,373
2015-03-24,11AM,5,0,9,509
2015-03-24,4PM,7,5,5,755
2015-03-24,9PM,4,5,8,458
2015-03-25,11AM,2,8,2,282
2015-03-25,4PM,3,9,3,393
2015-03-25,9PM,9,7,8,978
2015-03-26,11AM,2,9,2,292
2015-03-26,4PM,1,2,3,123
2015-03-26,9PM,6,1,0,610
2015-03-27,11AM,5,7,3,573
2015-03-27,4PM,8,8,0,880
2015-03-27,9PM,5,2,9,529
2015-03-28,11AM,5,8,9,589
2015-03-28,4PM,5,3,6,536
2015-03-28,9PM,3,3,2,332
2015-03-29,11AM,3,2,2,322
2015-03-29,4PM,8,7,9,879
2015-03-29,9PM,3,6,7,367
2015-03-30,11AM,5,6,1,561
2015-03-30,4PM,7,1,2,712
2015-03-30,9PM,2,9,7,297
2015-03-31,11AM,5,1,9,519
2015-03-31,4PM,6,0,2,602
2015-03-31,9PM,8,7,8,878
2015-04-01,11AM,2,5,0,250
2015-04-01,4PM,8,6,9,869
2015-04-01,9PM,8,2,2,822
2015-04-06,11AM,3,0,4,304
2015-04-06,4PM,3,6,8,368
2015-04-06,9PM,2,8,5,285
2015-04-07,11AM,3,3,0,330
2015-04-07,4PM,5,1,5,515
2015-04-07,9PM,4,9,1,491
2015-04-08,11AM,4,7,6,476
2015-04-08,4PM,2,7,8,278
2015-04-08,9PM,9,9,6,996
2015-04-09,11AM,8,6,2,862
2015-04-09,4PM,2,2,5,225
2015-04-09,9PM,5,9,5,595
2015-04-10,11AM,0,5,7,057
2015-04-10,4PM,1,0,4,104
2015-04-10,9PM,6,8,0,680
2015-04-11,11AM,2,9,4,294
2015-04-11,4PM,1,9,2,192
2015-04-11,9PM,4,6,1,461
2015-04-12,11AM,7,5,2,752
2015-04-12,4PM,9,6,1,961
2015-04-12,9PM,0,9,2,092
2015-04-13,11AM,5,0,2,502
2015-04-13,4PM,0,1,8,018
2015-04-13,9PM,3,5,3,353
2015-04-14,11AM,0,7,4,074
2015-04-14,4PM,8,8,0,880
2015-04-14,9PM,8,1,8,818
2015-04-15,11AM,5,0,5,505
2015-04-15,4PM,8,5,9,859
2015-04-15,9PM,1,3,7,137
2015-04-16,11AM,9,5,2,952
2015-04-16,4PM,3,9,6,396
2015-04-16,9PM,4,8,3,483
2015-04-17,11AM,1,0,6,106
2015-04-17,4PM,0,0,5,005
2015-04-17,9PM,8,7,1,871
2015-04-18,11AM,6,8,9,689
2015-04-18,4PM,2,8,3,283
2015-04-18,9PM,0,6,4,064
2015-04-19,11AM,7,2,7,727
2015-04-19,4PM,3,6,1,361
2015-04-19,9PM,0,8,4,084
2015-04-20,11AM,3,4,9,349
2015-04-20,4PM,1,3,4,134
2015-04-20,9PM,8,8,2,882
2015-04-21,11AM,7,0,2,702
2015-04-21,4PM,9,8,1,981
2015-04-21,9PM,7,1,3,713
2015-04-22,11AM,6,6,9,669
2015-04-22,4PM,6,5,4,654
2015-04-22,9PM,6,3,4,634
2015-04-23,11AM,2,9,3,293
2015-04-23,4PM,8,7,8,878
2015-04-23,9PM,7,7,2,772
2015-04-24,11AM,0,3,9,039
2015-04-24,4PM,9,3,0,930
2015-04-24,9PM,6,3,6,636
2015-04-25,11AM,7,5,2,752
2015-04-25,4PM,5,9,0,590
2015-04-25,9PM,2,7,0,270
2015-04-26,11AM,4,8,4,484
2015-04-26,4PM,7,7,3,773
2015-04-26,9PM,8,9,2,892
2015-04-27,11AM,8,2,2,822
2015-04-27,4PM,6,6,4,664
2015-04-27,9PM,9,3,2,932
2015-04-28,11AM,8,6,9,869
2015-04-28,4PM,8,4,4,844
2015-04-28,9PM,6,5,1,651
2015-04-29,11AM,6,0,1,601
2015-04-29,4PM,4,0,7,407
2015-04-29,9PM,5,6,3,563
2015-04-30,11AM,6,2,8,628
2015-04-30,4PM,8,6,0,860
2015-04-30,9PM,2,3,1,231
2015-05-01,11AM,2,9,1,291
2015-05-01,4PM,2,3,1,231
2015-05-01,9PM,9,6,0,960
2015-05-02,11AM,4,1,0,410
2015-05-02,4PM,6,5,7,657
2015-05-02,9PM,9,4,7,947
2015-05-03,11AM,1,1,0,110
2015-05-03,4PM,3,0,4,304
2015-05-03,9PM,1,4,5,145
2015-05-04,11AM,1,4,2,142
2015-05-04,4PM,6,6,4,664
2015-05-04,9PM,3,1,5,315
2015-05-05,11AM,4,7,1,471
2015-05-05,4PM,0,1,8,018
2015-05-05,9PM,5,6,2,562
2015-05-06,11AM,9,9,4,994
2015-05-06,4PM,3,6,2,362
2015-05-06,9PM,3,4,2,342
2015-05-07,11AM,8,6,6,866
2015-05-07,4PM,8,7,5,875
2015-05-07,9PM,3,5,7,357
2015-05-08,11AM,0,4,8,048
2015-05-08,4PM,7,0,6,706
2015-05-08,9PM,1,9,7,197
2015-05-09,11AM,5,4,5,545
2015-05-09,4PM,9,4,5,945
2015-05-09,9PM,7,1,8,718
2015-05-10,11AM,2,0,5,205
2015-05-10,4PM,1,7,6,176
2015-05-10,9PM,6,0,3,603
2015-05-11,11AM,3,0,2,302
2015-05-11,4PM,4,6,6,466
2015-05-11,9PM,0,1,5,015
2015-05-12,11AM,0,0,1,001
2015-05-12,4PM,9,7,8,978
2015-05-12,9PM,5,8,5,585
2015-05-13,11AM,3,0,0,300
2015-05-13,4PM,9,1,9,919
2015-05-13,9PM,8,8,7,887
2015-05-14,11AM,2,1,6,216
2015-05-14,4PM,6,3,2,632
2015-05-14,9PM,9,2,0,920
2015-05-15,11AM,2,5,3,253
2015-05-15,4PM,8,8,0,880
2015-05-15,9PM,3,2,5,325
2015-05-16,11AM,3,6,3,363
2015-05-16,4PM,9,1,0,910
2015-05-16,9PM,1,9,1,191
2015-05-17,11AM,5,5,8,558
2015-05-17,4PM,9,9,7,997
2015-05-17,9PM,7,8,6,786
2015-05-18,11AM,5,9,3,593
2015-05-18,4PM,8,6,6,866
2015-05-18,9PM,5,4,1,541
2015-05-19,11AM,2,1,0,210
2015-05-19,4PM,2,7,7,277
2015-05-19,9PM,8,0,2,802
2015-05-20,11AM,8,2,8,828
2015-05-20,4PM,3,3,0,330
2015-05-20,9PM,1,0,5,105
2015-05-21,11AM,6,4,7,647
2015-05-21,4PM,9,5,3,953
2015-05-21,9PM,6,5,1,651
2015-05-22,11AM,7,6,6,766
2015-05-22,4PM,6,8,5,685
2015-05-22,9PM,1,3,1,131
2015-05-23,11AM,3,6,2,362
2015-05-23,4PM,5,0,4,504
2015-05-23,9PM,5,3,3,533
2015-05-24,11AM,4,6,4,464
2015-05-24,4PM,1,7,1,171
2015-05-24,9PM,2,7,9,279
2015-05-25,11AM,0,4,3,043
2015-05-25,4PM,6,6,4,664
2015-05-25,9PM,1,3,8,138
2015-05-26,11AM,5,1,6,516
2015-05-26,4PM,4,7,1,471
2015-05-26,9PM,4,2,4,424
2015-05-27,11AM,1,4,3,143
2015-05-27,4PM,6,5,2,652
2015-05-27,9PM,9,9,7,997
2015-05-28,11AM,0,0,5,005
2015-05-28,4PM,3,5,7,357
2015-05-28,9PM,7,4,9,749
2015-05-29,11AM,5,5,0,550
2015-05-29,4PM,1,1,7,117
2015-05-29,9PM,8,1,9,819
2015-05-30,11AM,8,4,7,847
2015-05-30,4PM,5,5,3,553
2015-05-30,9PM,7,1,5,715
2015-05-31,11AM,5,8,8,588
2015-05-31,4PM,2,9,7,297
2015-05-31,9PM,5,5,5,555
2015-06-01,11AM,6,5,0,650
2015-06-01,4PM,3,6,8,368
2015-06-01,9PM,7,1,5,715
2015-06-02,11AM,5,9,7,597
2015-06-02,4PM,6,6,1,661
2015-06-02,9PM,2,5,5,255
2015-06-03,11AM,2,2,5,225
2015-06-03,4PM,0,0,8,008
2015-06-03,9PM,3,2,6,326
2015-06-04,11AM,9,2,4,924
2015-06-04,4PM,0,8,6,086
2015-06-04,9PM,6,9,1,691
2015-06-05,11AM,9,8,4,984
2015-06-05,4PM,8,8,6,886
2015-06-05,9PM,5,8,1,581
2015-06-06,11AM,8,3,8,838
2015-06-06,4PM,6,5,6,656
2015-06-06,9PM,5,5,6,556
2015-06-07,11AM,9,8,4,984
2015-06-07,4PM,2,2,2,222
2015-06-07,9PM,2,8,8,288
2015-06-08,11AM,5,7,9,579
2015-06-08,4PM,1,8,8,188
2015-06-08,9PM,2,4,2,242
2015-06-09,11AM,2,2,0,220
2015-06-09,4PM,7,7,2,772
2015-06-09,9PM,1,6,1,161
2015-06-10,11AM,6,8,3,683
2015-06-10,4PM,0,8,6,086
2015-06-10,9PM,4,2,6,426
2015-06-11,11AM,2,0,7,207
2015-06-11,4PM,7,2,3,723
2015-06-11,9PM,7,2,5,725
2015-06-12,11AM,3,3,3,333
2015-06-12,4PM,8,2,4,824
2015-06-12,9PM,4,4,2,442
2015-06-13,11AM,1,9,6,196
2015-06-13,4PM,3,8,0,380
2015-06-13,9PM,5,2,4,524
2015-06-14,11AM,1,7,3,173
2015-06-14,4PM,0,4,7,047
2015-06-14,9PM,2,4,9,249
2015-06-15,11AM,5,4,2,542
2015-06-15,4PM,7,3,7,737
2015-06-15,9PM,9,8,3,983
2015-06-16,11AM,3,9,1,391
2015-06-16,4PM,4,0,1,401
2015-06-16,9PM,7,0,8,708
2015-06-17,11AM,7,8,2,782
2015-06-17,4PM,2,9,0,290
2015-06-17,9PM,2,7,5,275
2015-06-18,11AM,4,4,3,443
2015-06-18,4PM,1,0,0,100
2015-06-18,9PM,1,3,7,137
2015-06-19,11AM,4,8,2,482
2015-06-19,4PM,2,2,1,221
2015-06-19,9PM,4,8,4,484
2015-06-20,11AM,9,7,2,972
2015-06-20,4PM,2,4,3,243
2015-06-20,9PM,1,1,8,118
2015-06-21,11AM,0,9,4,094
2015-06-21,4PM,2,0,8,208
2015-06-21,9PM,5,0,2,502
2015-06-22,11AM,9,6,1,961
2015-06-22,4PM,3,0,8,308
2015-06-22,9PM,5,5,1,551
2015-06-23,11AM,0,1,8,018
2015-06-23,4PM,1,2,4,124
2015-06-23,9PM,9,0,2,902
2015-06-24,11AM,1,6,6,166
2015-06-24,4PM,9,7,7,977
2015-06-24,9PM,1,5,8,158
2015-06-25,11AM,6,9,3,693
2015-06-25,4PM,6,2,5,625
2015-06-25,9PM,6,4,9,649
2015-06-26,11AM,3,2,8,328
2015-06-26,4PM,0,6,6,066
2015-06-26,9PM,6,0,2,602
2015-06-27,11AM,1,8,4,184
2015-06-27,4PM,7,8,7,787
2015-06-27,9PM,6,0,1,601
2015-06-28,11AM,7,8,9,789
2015-06-28,4PM,8,6,0,860
2015-06-28,9PM,3,9,6,396
2015-06-29,11AM,9,4,3,943
2015-06-29,4PM,1,5,5,155
2015-06-29,9PM,7,7,1,771
2015-06-30,11AM,8,5,6,856
2015-06-30,4PM,5,6,9,569
2015-06-30,9PM,1,6,8,168
2015-07-01,11AM,0,6,3,063
2015-07-01,4PM,2,7,8,278
2015-07-01,9PM,2,6,9,269
2015-07-02,11AM,8,6,9,869
2015-07-02,4PM,9,4,2,942
2015-07-02,9PM,9,0,7,907
2015-07-03,11AM,6,7,7,677
2015-07-03,4PM,2,7,8,278
2015-07-03,9PM,8,0,9,809
2015-07-04,11AM,8,1,6,816
2015-07-04,4PM,2,7,0,270
2015-07-04,9PM,9,1,4,914
2015-07-05,11AM,0,3,9,039
2015-07-05,4PM,2,1,1,211
2015-07-05,9PM,0,2,1,021
2015-07-06,11AM,6,4,5,645
2015-07-06,4PM,1,8,8,188
2015-07-06,9PM,0,3,5,035
2015-07-07,11AM,1,0,4,104
2015-07-07,4PM,2,1,7,217
2015-07-07,9PM,8,4,7,847
2015-07-08,11AM,8,7,4,874
2015-07-08,4PM,4,5,9,459
2015-07-08,9PM,9,2,5,925
2015-07-09,11AM,6,3,8,638
2015-07-09,4PM,9,8,9,989
2015-07-09,9PM,1,1,9,119
2015-07-10,11AM,9,7,3,973
2015-07-10,4PM,9,1,5,915
2015-07-10,9PM,3,5,3,353
2015-07-11,11AM,3,9,8,398
2015-07-11,4PM,9,8,6,986
2015-07-11,9PM,1,9,6,196
2015-07-12,11AM,5,6,9,569
2015-07-12,4PM,6,1,0,610
2015-07-12,9PM,7,0,8,708
2015-07-13,11AM,5,3,0,530
2015-07-13,4PM,8,8,0,880
2015-07-13,9PM,3,5,0,350
2015-07-14,11AM,7,6,0,760
2015-07-14,4PM,1,3,3,133
2015-07-14,9PM,9,5,4,954
2015-07-15,11AM,0,2,8,028
2015-07-15,4PM,1,2,7,127
2015-07-15,9PM,1,0,7,107
2015-07-16,11AM,3,0,0,300
2015-07-16,4PM,7,3,7,737
2015-07-16,9PM,2,4,0,240
2015-07-17,11AM,1,4,0,140
2015-07-17,4PM,5,3,3,533
2015-07-17,9PM,3,6,9,369
2015-07-18,11AM,5,9,8,598
2015-07-18,4PM,3,2,7,327
2015-07-18,9PM,1,0,1,101
2015-07-19,11AM,6,8,4,684
2015-07-19,4PM,9,1,3,913
2015-07-19,9PM,8,2,2,822
2015-07-20,11AM,6,2,3,623
2015-07-20,4PM,7,0,9,709
2015-07-20,9PM,6,4,7,647
2015-07-21,11AM,5,1,1,511
2015-07-21,4PM,6,7,8,678
2015-07-21,9PM,3,1,2,312
2015-07-22,11AM,4,9,8,498
2015-07-22,4PM,8,0,2,802
2015-07-22,9PM,8,4,1,841
2015-07-23,11AM,6,0,5,605
2015-07-23,4PM,3,5,0,350
2015-07-23,9PM,4,8,1,481
2015-07-24,11AM,3,8,9,389
2015-07-24,4PM,7,6,6,766
2015-07-24,9PM,4,1,6,416
2015-07-25,11AM,8,8,3,883
2015-07-25,4PM,3,3,5,335
2015-07-25,9PM,1,9,5,195
2015-07-26,11AM,8,9,0,890
2015-07-26,4PM,9,0,3,903
2015-07-26,9PM,7,7,1,771
2015-07-27,11AM,6,4,1,641
2015-07-27,4PM,5,5,6,556
2015-07-27,9PM,0,3,3,033
2015-07-28,11AM,2,9,0,290
2015-07-28,4PM,4,6,6,466
2015-07-28,9PM,9,7,1,971
2015-07-29,11AM,5,9,6,596
2015-07-29,4PM,2,0,2,202
2015-07-29,9PM,4,5,9,459
2015-07-30,11AM,9,6,1,961
2015-07-30,4PM,8,5,5,855
2015-07-30,9PM,0,8,6,086
2015-07-31,11AM,5,0,8,508
2015-07-31,4PM,0,7,5,075
2015-07-31,9PM,7,0,8,708
2015-08-01,11AM,5,2,7,527
2015-08-01,4PM,0,7,5,075
2015-08-01,9PM,3,7,1,371
2015-08-02,11AM,3,4,5,345
2015-08-02,4PM,1,2,5,125
2015-08-02,9PM,6,6,9,669
2015-08-03,11AM,2,2,1,221
2015-08-03,4PM,6,7,1,671
2015-08-03,9PM,9,6,0,960
2015-08-04,11AM,0,4,9,049
2015-08-04,4PM,1,5,4,154
2015-08-04,9PM,7,1,5,715
2015-08-05,11AM,6,4,8,648
2015-08-05,4PM,3,7,2,372
2015-08-05,9PM,7,2,0,720
2015-08-06,11AM,9,0,8,908
2015-08-06,4PM,4,0,5,405
2015-08-06,9PM,7,0,4,704
2015-08-07,11AM,7,0,2,702
2015-08-07,4PM,8,0,8,808
2015-08-07,9PM,5,4,1,541
2015-08-08,11AM,7,3,7,737
2015-08-08,4PM,4,6,1,461
2015-08-08,9PM,2,2,6,226
2015-08-09,11AM,1,1,1,111
2015-08-09,4PM,6,1,4,614
2015-08-09,9PM,1,1,4,114
2015-08-10,11AM,4,7,9,479
2015-08-10,4PM,8,5,5,855
2015-08-10,9PM,2,7,0,270
2015-08-11,11AM,2,9,1,291
2015-08-11,4PM,9,4,2,942
2015-08-11,9PM,5,5,3,553
2015-08-12,11AM,8,3,9,839
2015-08-12,4PM,6,5,1,651
2015-08-12,9PM,8,0,7,807
2015-08-13,11AM,3,0,4,304
2015-08-13,4PM,8,8,6,886
2015-08-13,9PM,9,3,0,930
2015-08-14,11AM,1,8,8,188
2015-08-14,4PM,7,7,6,776
2015-08-14,9PM,6,2,1,621
2015-08-15,11AM,6,2,9,629
2015-08-15,4PM,6,7,1,671
2015-08-15,9PM,1,8,8,188
2015-08-16,11AM,7,9,0,790
2015-08-16,4PM,3,1,5,315
2015-08-16,9PM,7,7,3,773
2015-08-17,11AM,1,7,2,172
2015-08-17,4PM,7,3,6,736
2015-08-17,9PM,9,7,5,975
2015-08-18,11AM,8,0,4,804
2015-08-18,4PM,2,7,9,279
2015-08-18,9PM,8,4,7,847
2015-08-19,11AM,5,9,6,596
2015-08-19,4PM,9,9,3,993
2015-08-19,9PM,0,3,1,031
2015-08-20,11AM,9,6,0,960
2015-08-20,4PM,3,5,0,350
2015-08-20,9PM,0,1,8,018
2015-08-21,11AM,5,4,7,547
2015-08-21,4PM,3,8,8,388
2015-08-21,9PM,3,7,8,378
2015-08-22,11AM,7,6,9,769
2015-08-22,4PM,8,2,3,823
2015-08-22,9PM,8,8,8,888
2015-08-23,11AM,5,8,0,580
2015-08-23,4PM,1,1,6,116
2015-08-23,9PM,2,1,5,215
2015-08-24,11AM,2,9,9,299
2015-08-24,4PM,5,4,7,547
2015-08-24,9PM,1,9,3,193
2015-08-25,11AM,0,2,0,020
2015-08-25,4PM,1,7,4,174
2015-08-25,9PM,2,5,0,250
2015-08-26,11AM,2,8,4,284
2015-08-26,4PM,0,1,2,012
2015-08-26,9PM,1,3,8,138
2015-08-27,11AM,1,6,2,162
2015-08-27,4PM,8,0,7,807
2015-08-27,9PM,1,5,1,151
2015-08-28,11AM,1,9,7,197
2015-08-28,4PM,2,3,1,231
2015-08-28,9PM,4,6,8,468
2015-08-29,11AM,7,1,8,718
2015-08-29,4PM,2,2,4,224
2015-08-29,9PM,0,3,4,034
2015-08-30,11AM,1,8,5,185
2015-08-30,4PM,4,9,6,496
2015-08-30,9PM,3,3,9,339
2015-08-31,11AM,5,4,2,542
2015-08-31,4PM,5,8,9,589
2015-08-31,9PM,5,5,8,558
2015-09-01,11AM,3,3,8,338
2015-09-01,4PM,8,7,6,876
2015-09-01,9PM,4,3,3,433
2015-09-02,11AM,3,4,6,346
2015-09-02,4PM,7,7,5,775
2015-09-02,9PM,1,4,4,144
2015-09-03,11AM,6,6,5,665
2015-09-03,4PM,1,1,1,111
2015-09-03,9PM,4,7,3,473
2015-09-04,11AM,0,4,8,048
2015-09-04,4PM,2,6,6,266
2015-09-04,9PM,8,1,3,813
2015-09-05,11AM,2,1,2,212
2015-09-05,4PM,4,4,6,446
2015-09-05,9PM,6,9,9,699
2015-09-06,11AM,6,1,8,618
2015-09-06,4PM,8,1,1,811
2015-09-06,9PM,3,9,3,393
2015-09-07,11AM,1,7,8,178
2015-09-07,4PM,0,9,1,091
2015-09-07,9PM,9,1,0,910
2015-09-08,11AM,9,6,1,961
2015-09-08,4PM,2,1,6,216
2015-09-08,9PM,1,5,7,157
2015-09-09,11AM,1,9,1,191
2015-09-09,4PM,6,3,1,631
2015-09-09,9PM,2,0,7,207
2015-09-10,11AM,1,1,3,113
2015-09-10,4PM,4,6,6,466
2015-09-10,9PM,7,5,5,755
2015-09-11,11AM,8,5,3,853
2015-09-11,4PM,9,6,6,966
2015-09-11,9PM,8,1,5,815
2015-09-12,11AM,9,1,0,910
2015-09-12,4PM,1,3,4,134
2015-09-12,9PM,6,3,1,631
2015-09-13,11AM,1,1,2,112
2015-09-13,4PM,0,5,4,054
2015-09-13,9PM,4,8,4,484
2015-09-14,11AM,2,1,9,219
2015-09-14,4PM,6,4,6,646
2015-09-14,9PM,1,3,5,135
2015-09-15,11AM,8,8,5,885
2015-09-15,4PM,3,7,4,374
2015-09-15,9PM,6,0,5,605
2015-09-16,11AM,0,9,3,093
2015-09-16,4PM,5,8,3,583
2015-09-16,9PM,4,0,3,403
2015-09-17,11AM,9,4,6,946
2015-09-17,4PM,2,7,6,276
2015-09-17,9PM,5,8,8,588
2015-09-18,11AM,0,1,4,014
2015-09-18,4PM,5,7,7,577
2015-09-18,9PM,2,8,2,282
2015-09-19,11AM,0,6,8,068
2015-09-19,4PM,7,0,5,705
2015-09-19,9PM,3,1,1,311
2015-09-20,11AM,1,3,4,134
2015-09-20,4PM,2,4,6,246
2015-09-20,9PM,1,5,6,156
2015-09-21,11AM,0,0,2,002
2015-09-21,4PM,2,2,5,225
2015-09-21,9PM,0,3,9,039
2015-09-22,11AM,1,1,8,118
2015-09-22,4PM,0,2,3,023
2015-09-22,9PM,4,9,4,494
2015-09-23,11AM,9,1,8,918
2015-09-23,4PM,4,4,0,440
2015-09-23,9PM,7,8,0,780
2015-09-24,11AM,5,3,2,532
2015-09-24,4PM,7,6,2,762
2015-09-24,9PM,1,2,3,123
2015-09-25,11AM,1,4,4,144
2015-09-25,4PM,7,4,0,740
2015-09-25,9PM,4,9,2,492
2015-09-26,11AM,8,4,6,846
2015-09-26,4PM,8,7,6,876
2015-09-26,9PM,8,2,6,826
2015-09-27,11AM,8,4,4,844
2015-09-27,4PM,8,3,0,830
2015-09-27,9PM,0,6,4,064
2015-09-28,11AM,8,0,5,805
2015-09-28,4PM,9,1,0,910
2015-09-28,9PM,3,9,7,397
2015-09-29,11AM,3,7,4,374
2015-09-29,4PM,7,4,5,745
2015-09-29,9PM,6,6,1,661
2015-09-30,11AM,2,0,4,204
2015-09-30,4PM,3,9,2,392
2015-09-30,9PM,2,0,4,204
2015-10-01,11AM,7,1,5,715
2015-10-01,4PM,0,9,4,094
2015-10-01,9PM,0,2,8,028
2015-10-02,11AM,4,8,2,482
2015-10-02,4PM,8,0,9,809
2015-10-02,9PM,7,0,7,707
2015-10-03,11AM,3,2,3,323
2015-10-03,4PM,2,8,2,282
2015-10-03,9PM,8,1,8,818
2015-10-04,11AM,2,8,7,287
2015-10-04,4PM,1,3,9,139
2015-10-04,9PM,2,5,4,254
2015-10-05,11AM,8,8,4,884
2015-10-05,4PM,1,4,9,149
2015-10-05,9PM,6,2,5,625
2015-10-06,11AM,2,7,5,275
2015-10-06,4PM,6,7,6,676
2015-10-06,9PM,9,4,9,949
2015-10-07,11AM,6,2,8,628
2015-10-07,4PM,8,1,9,819
2015-10-07,9PM,3,6,2,362
2015-10-08,11AM,8,4,3,843
2015-10-08,4PM,5,4,8,548
2015-10-08,9PM,1,5,2,152
2015-10-09,11AM,8,4,0,840
2015-10-09,4PM,3,2,4,324
2015-10-09,9PM,6,4,7,647
2015-10-10,11AM,6,5,9,659
2015-10-10,4PM,7,6,5,765
2015-10-10,9PM,2,2,2,222
2015-10-11,11AM,4,8,9,489
2015-10-11,4PM,3,7,5,375
2015-10-11,9PM,9,2,9,929
2015-10-12,11AM,7,4,7,747
2015-10-12,4PM,3,2,1,321
2015-10-12,9PM,6,1,3,613
2015-10-13,11AM,7,7,4,774
2015-10-13,4PM,6,0,6,606
2015-10-13,9PM,5,5,6,556
2015-10-14,11AM,9,6,0,960
2015-10-14,4PM,3,9,6,396
2015-10-14,9PM,2,0,1,201
2015-10-15,11AM,8,3,3,833
2015-10-15,4PM,3,6,3,363
2015-10-15,9PM,2,1,4,214
2015-10-16,11AM,7,7,6,776
2015-10-16,4PM,7,8,6,786
2015-10-16,9PM,1,6,3,163
2015-10-17,11AM,8,2,7,827
2015-10-17,4PM,6,1,4,614
2015-10-17,9PM,0,2,3,023
2015-10-18,11AM,6,8,4,684
2015-10-18,4PM,6,6,2,662
2015-10-18,9PM,2,3,8,238
2015-10-19,11AM,1,8,6,186
2015-10-19,4PM,6,5,2,652
2015-10-19,9PM,0,9,6,096
2015-10-20,11AM,7,6,0,760
2015-10-20,4PM,7,4,0,740
2015-10-20,9PM,2,3,5,235
2015-10-21,11AM,4,5,1,451
2015-10-21,4PM,6,8,2,682
2015-10-21,9PM,3,7,5,375
2015-10-22,11AM,5,3,2,532
2015-10-22,4PM,2,8,7,287
2015-10-22,9PM,0,4,4,044
2015-10-23,11AM,2,8,9,289
2015-10-23,4PM,1,1,1,111
2015-10-23,9PM,2,1,0,210
2015-10-24,11AM,5,6,1,561
2015-10-24,4PM,3,9,0,390
2015-10-24,9PM,7,8,0,780
2015-10-25,11AM,4,9,9,499
2015-10-25,4PM,2,5,7,257
2015-10-25,9PM,3,7,4,374
2015-10-26,11AM,1,2,0,120
2015-10-26,4PM,2,7,0,270
2015-10-26,9PM,4,3,7,437
2015-10-27,11AM,8,2,0,820
2015-10-27,4PM,2,1,4,214
2015-10-27,9PM,7,3,2,732
2015-10-28,11AM,6,4,5,645
2015-10-28,4PM,0,5,9,059
2015-10-28,9PM,5,6,9,569
2015-10-29,11AM,6,0,1,601
2015-10-29,4PM,5,1,0,510
2015-10-29,9PM,5,1,9,519
2015-10-30,11AM,3,2,5,325
2015-10-30,4PM,8,8,1,881
2015-10-30,9PM,7,2,4,724
2015-10-31,11AM,1,9,7,197
2015-10-31,4PM,5,6,4,564
2015-10-31,9PM,9,5,0,950
2015-11-01,11AM,6,4,1,641
2015-11-01,4PM,9,5,7,957
2015-11-01,9PM,0,4,4,044
2015-11-02,11AM,2,5,1,251
2015-11-02,4PM,7,1,5,715
2015-11-02,9PM,2,0,3,203
2015-11-03,11AM,5,2,5,525
2015-11-03,4PM,7,0,9,709
2015-11-03,9PM,3,2,0,320
2015-11-04,11AM,8,0,7,807
2015-11-04,4PM,8,1,4,814
2015-11-04,9PM,5,1,1,511
2015-11-05,11AM,7,9,6,796
2015-11-05,4PM,9,4,0,940
2015-11-05,9PM,7,5,3,753
2015-11-06,11AM,2,3,4,234
2015-11-06,4PM,7,2,4,724
2015-11-06,9PM,5,2,4,524
2015-11-07,11AM,8,3,3,833
2015-11-07,4PM,5,0,9,509
2015-11-07,9PM,1,2,8,128
2015-11-08,11AM,6,9,8,698
2015-11-08,4PM,2,0,4,204
2015-11-08,9PM,0,9,0,090
2015-11-09,11AM,7,7,2,772
2015-11-09,4PM,2,4,1,241
2015-11-09,9PM,9,4,9,949
2015-11-10,11AM,8,5,4,854
2015-11-10,4PM,9,1,5,915
2015-11-10,9PM,7,1,5,715
2015-11-11,11AM,9,1,0,910
2015-11-11,4PM,3,1,4,314
2015-11-11,9PM,4,8,8,488
2015-11-12,11AM,6,0,5,605
2015-11-12,4PM,1,5,4,154
2015-11-12,9PM,6,7,7,677
2015-11-13,11AM,4,2,9,429
2015-11-13,4PM,8,8,5,885
2015-11-13,9PM,4,7,1,471
2015-11-14,11AM,8,4,7,847
2015-11-14,4PM,2,1,2,212
2015-11-14,9PM,2,1,9,219
2015-11-15,11AM,3,4,8,348
2015-11-15,4PM,5,0,5,505
2015-11-15,9PM,8,3,2,832
2015-11-16,11AM,9,0,4,904
2015-11-16,4PM,8,9,6,896
2015-11-16,9PM,7,5,1,751
2015-11-17,11AM,6,3,3,633
2015-11-17,4PM,6,0,6,606
2015-11-17,9PM,1,6,5,165
2015-11-18,11AM,1,9,0,190
2015-11-18,4PM,5,2,3,523
2015-11-18,9PM,1,6,6,166
2015-11-19,11AM,6,6,7,667
2015-11-19,4PM,6,1,6,616
2015-11-19,9PM,0,1,4,014
2015-11-20,11AM,9,8,8,988
2015-11-20,4PM,5,0,2,502
2015-11-20,9PM,9,1,8,918
2015-11-21,11AM,1,5,3,153
2015-11-21,4PM,6,7,6,676
2015-11-21,9PM,2,1,7,217
2015-11-22,11AM,2,5,2,252
2015-11-22,4PM,0,8,4,084
2015-11-22,9PM,5,6,9,569
2015-11-23,11AM,8,2,7,827
2015-11-23,4PM,2,4,0,240
2015-11-23,9PM,2,8,0,280
2015-11-24,11AM,9,0,5,905
2015-11-24,4PM,0,9,8,098
2015-11-24,9PM,3,4,1,341
2015-11-25,11AM,5,5,2,552
2015-11-25,4PM,6,5,7,657
2015-11-25,9PM,0,2,3,023
2015-11-26,11AM,9,6,6,966
2015-11-26,4PM,7,3,8,738
2015-11-26,9PM,0,0,8,008
2015-11-27,11AM,6,1,5,615
2015-11-27,4PM,9,9,3,993
2015-11-27,9PM,8,7,1,871
2015-11-28,11AM,9,5,2,952
2015-11-28,4PM,8,1,6,816
2015-11-28,9PM,5,3,6,536
2015-11-29,11AM,6,2,6,626
2015-11-29,4PM,8,3,4,834
2015-11-29,9PM,8,3,0,830
2015-11-30,11AM,8,0,9,809
2015-11-30,4PM,8,6,2,862
2015-11-30,9PM,5,0,2,502
2015-12-01,11AM,9,8,9,989
2015-12-01,4PM,2,5,1,251
2015-12-01,9PM,0,5,1,051
2015-12-02,11AM,0,2,5,025
2015-12-02,4PM,2,0,5,205
2015-12-02,9PM,9,9,2,992
2015-12-03,11AM,4,9,2,492
2015-12-03,4PM,2,9,4,294
2015-12-03,9PM,0,9,7,097
2015-12-04,11AM,6,1,3,613
2015-12-04,4PM,0,0,8,008
2015-12-04,9PM,8,9,4,894
2015-12-05,11AM,6,3,5,635
2015-12-05,4PM,8,0,8,808
2015-12-05,9PM,4,1,9,419
2015-12-06,11AM,5,1,2,512
2015-12-06,4PM,0,8,1,081
2015-12-06,9PM,1,1,1,111
2015-12-07,11AM,0,9,8,098
2015-12-07,4PM,7,9,3,793
2015-12-07,9PM,4,0,8,408
2015-12-08,11AM,2,2,5,225
2015-12-08,4PM,5,9,7,597
2015-12-08,9PM,5,0,1,501
2015-12-09,11AM,7,4,5,745
2015-12-09,4PM,6,1,8,618
2015-12-09,9PM,7,7,1,771
2015-12-10,11AM,4,6,9,469
2015-12-10,4PM,9,3,5,935
2015-12-10,9PM,0,3,2,032
2015-12-11,11AM,6,5,2,652
2015-12-11,4PM,0,6,0,060
2015-12-11,9PM,8,0,5,805
2015-12-12,11AM,5,4,7,547
2015-12-12,4PM,1,0,3,103
2015-12-12,9PM,3,8,6,386
2015-12-13,11AM,7,5,2,752
2015-12-13,4PM,2,6,6,266
2015-12-13,9PM,8,9,1,891
2015-12-14,11AM,8,0,1,801
2015-12-14,4PM,7,3,4,734
2015-12-14,9PM,7,5,4,754
2015-12-15,11AM,4,7,4,474
2015-12-15,4PM,8,8,8,888
2015-12-15,9PM,3,6,0,360
2015-12-16,11AM,1,3,8,138
2015-12-16,4PM,8,8,2,882
2015-12-16,9PM,0,7,6,076
2015-12-17,11AM,0,7,2,072
2015-12-17,4PM,4,7,7,477
2015-12-17,9PM,6,6,9,669
2015-12-18,11AM,2,3,3,233
2015-12-18,4PM,5,8,0,580
2015-12-18,9PM,6,6,9,669
2015-12-19,11AM,7,2,1,721
2015-12-19,4PM,5,5,9,559
2015-12-19,9PM,2,2,6,226
2015-12-20,11AM,0,8,1,081
2015-12-20,4PM,9,0,0,900
2015-12-20,9PM,2,0,6,206
2015-12-21,11AM,4,2,1,421
2015-12-21,4PM,9,0,2,902
2015-12-21,9PM,9,3,2,932
2015-12-22,11AM,2,1,8,218
2015-12-22,4PM,7,8,3,783
2015-12-22,9PM,9,0,7,907
2015-12-23,11AM,8,7,3,873
2015-12-23,4PM,9,1,0,910
2015-12-23,9PM,4,1,3,413
2015-12-24,11AM,5,2,3,523
2015-12-24,4PM,1,4,1,141
2015-12-24,9PM,5,6,4,564
2015-12-26,11AM,1,3,3,133
2015-12-26,4PM,7,8,3,783
2015-12-26,9PM,0,1,1,011
2015-12-27,11AM,6,8,7,687
2015-12-27,4PM,1,8,9,189
2015-12-27,9PM,6,2,2,622
2015-12-28,11AM,5,6,6,566
2015-12-28,4PM,8,6,2,862
2015-12-28,9PM,4,2,8,428
2015-12-29,11AM,3,0,9,309
2015-12-29,4PM,2,0,1,201
2015-12-29,9PM,3,2,2,322
2015-12-30,11AM,9,2,5,925
2015-12-30,4PM,0,8,5,085
2015-12-30,9PM,1,7,8,178
2015-12-31,11AM,8,5,7,857
2015-12-31,4PM,4,6,1,461
2015-12-31,9PM,4,9,5,495
2016-01-02,11AM,2,1,9,219
2016-01-02,4PM,5,9,3,593
2016-01-02,9PM,1,2,9,129
2016-01-03,11AM,0,0,9,009
2016-01-03,4PM,4,5,4,454
2016-01-03,9PM,2,7,1,271
2016-01-04,11AM,5,4,4,544
2016-01-04,4PM,0,9,9,099
2016-01-04,9PM,2,2,0,220
2016-01-05,11AM,0,3,2,032
2016-01-05,4PM,0,8,6,086
2016-01-05,9PM,2,0,8,208
2016-01-06,11AM,3,4,1,341
2016-01-06,4PM,3,7,7,377
2016-01-06,9PM,6,6,6,666
2016-01-07,11AM,9,9,7,997
2016-01-07,4PM,3,4,1,341
2016-01-07,9PM,0,6,7,067
2016-01-08,11AM,9,1,4,914
2016-01-08,4PM,6,3,1,631
2016-01-08,9PM,6,2,3,623
2016-01-09,11AM,8,0,3,803
2016-01-09,4PM,0,9,5,095
2016-01-09,9PM,5,0,9,509
2016-01-10,11AM,8,9,8,898
2016-01-10,4PM,0,8,2,082
2016-01-10,9PM,5,8,1,581
2016-01-11,11AM,3,4,8,348
2016-01-11,4PM,7,3,4,734
2016-01-11,9PM,4,7,2,472
2016-01-12,11AM,7,9,7,797
2016-01-12,4PM,8,1,7,817
2016-01-12,9PM,4,5,4,454
2016-01-13,11AM,3,5,3,353
2016-01-13,4PM,6,3,6,636
2016-01-13,9PM,1,6,9,169
2016-01-14,11AM,0,6,8,068
2016-01-14,4PM,0,1,2,012
2016-01-14,9PM,9,6,6,966
2016-01-15,11AM,6,7,3,673
2016-01-15,4PM,0,8,2,082
2016-01-15,9PM,5,7,9,579
2016-01-16,11AM,8,8,3,883
2016-01-16,4PM,1,8,0,180
2016-01-16,9PM,0,0,1,001
2016-01-17,11AM,6,1,3,613
2016-01-17,4PM,9,4,0,940
2016-01-17,9PM,5,1,1,511
2016-01-18,11AM,1,4,9,149
2016-01-18,4PM,0,2,0,020
2016-01-18,9PM,6,5,1,651
2016-01-19,11AM,5,9,2,592
2016-01-19,4PM,1,6,4,164
2016-01-19,9PM,7,6,9,769
2016-01-20,11AM,8,6,8,868
2016-01-20,4PM,4,3,7,437
2016-01-20,9PM,9,3,6,936
2016-01-21,11AM,7,5,9,759
2016-01-21,4PM,0,9,4,094
2016-01-21,9PM,7,7,7,777
2016-01-22,11AM,0,3,1,031
2016-01-22,4PM,6,9,6,696
2016-01-22,9PM,3,8,6,386
2016-01-23,11AM,5,0,7,507
2016-01-23,4PM,7,0,5,705
2016-01-23,9PM,9,1,0,910
2016-01-24,11AM,9,4,1,941
2016-01-24,4PM,1,0,5,105
2016-01-24,9PM,6,1,4,614
2016-01-25,11AM,0,2,2,022
2016-01-25,4PM,3,7,6,376
2016-01-25,9PM,5,3,9,539
2016-01-26,11AM,4,3,4,434
2016-01-26,4PM,8,9,4,894
2016-01-26,9PM,8,7,3,873
2016-01-27,11AM,2,7,2,272
2016-01-27,4PM,0,7,9,079
2016-01-27,9PM,5,8,7,587
2016-01-28,11AM,1,5,7,157
2016-01-28,4PM,4,2,0,420
2016-01-28,9PM,8,4,5,845
2016-01-29,11AM,9,8,7,987
2016-01-29,4PM,0,6,3,063
2016-01-29,9PM,7,9,9,799
2016-01-30,11AM,4,8,7,487
2016-01-30,4PM,5,9,4,594
2016-01-30,9PM,7,0,9,709
2016-01-31,11AM,3,1,4,314
2016-01-31,4PM,2,9,7,297
2016-01-31,9PM,4,0,2,402
2016-02-01,11AM,2,4,5,245
2016-02-01,4PM,7,4,7,747
2016-02-01,9PM,7,1,7,717
2016-02-02,11AM,9,4,4,944
2016-02-02,4PM,5,2,9,529
2016-02-02,9PM,0,2,5,025
2016-02-03,11AM,6,1,3,613
2016-02-03,4PM,6,3,4,634
2016-02-03,9PM,4,5,5,455
2016-02-04,11AM,9,1,4,914
2016-02-04,4PM,2,8,3,283
2016-02-04,9PM,4,6,0,460
2016-02-05,11AM,2,2,1,221
2016-02-05,4PM,2,7,2,272
2016-02-05,9PM,2,1,5,215
2016-02-06,11AM,3,7,6,376
2016-02-06,4PM,2,8,2,282
2016-02-06,9PM,0,8,9,089
2016-02-07,11AM,2,9,2,292
2016-02-07,4PM,9,1,5,915
2016-02-07,9PM,5,2,6,526
2016-02-08,11AM,1,1,0,110
2016-02-08,4PM,7,2,7,727
2016-02-08,9PM,8,3,3,833
2016-02-09,11AM,2,0,1,201
2016-02-09,4PM,0,2,1,021
2016-02-09,9PM,5,5,5,555
2016-02-10,11AM,8,2,8,828
2016-02-10,4PM,4,4,9,449
2016-02-10,9PM,2,3,1,231
2016-02-11,11AM,5,3,3,533
2016-02-11,4PM,2,7,9,279
2016-02-11,9PM,3,7,7,377
2016-02-12,11AM,2,5,1,251
2016-02-12,4PM,8,2,3,823
2016-02-12,9PM,0,6,2,062
2016-02-13,11AM,6,3,0,630
2016-02-13,4PM,6,1,1,611
2016-02-13,9PM,0,5,9,059
2016-02-14,11AM,7,1,9,719
2016-02-14,4PM,1,9,1,191
2016-02-14,9PM,0,9,1,091
2016-02-15,11AM,9,0,7,907
2016-02-15,4PM,3,9,2,392
2016-02-15,9PM,6,1,0,610
2016-02-16,11AM,1,0,3,103
2016-02-16,4PM,1,5,0,150
2016-02-16,9PM,5,8,2,582
2016-02-17,11AM,4,2,7,427
2016-02-17,4PM,8,2,4,824
2016-02-17,9PM,7,9,5,795
2016-02-18,11AM,7,4,7,747
2016-02-18,4PM,1,3,1,131
2016-02-18,9PM,0,5,3,053
2016-02-19,11AM,8,4,3,843
2016-02-19,4PM,4,9,1,491
2016-02-19,9PM,4,6,2,462
2016-02-20,11AM,1,9,6,196
2016-02-20,4PM,3,9,8,398
2016-02-20,9PM,5,5,1,551
2016-02-21,11AM,3,9,2,392
2016-02-21,4PM,0,1,2,012
2016-02-21,9PM,7,2,3,723
2016-02-22,11AM,8,1,6,816
2016-02-22,4PM,2,2,4,224
2016-02-22,9PM,5,3,2,532
2016-02-23,11AM,0,3,4,034
2016-02-23,4PM,9,5,8,958
2016-02-23,9PM,4,8,7,487
2016-02-24,11AM,1,8,8,188
2016-02-24,4PM,3,1,9,319
2016-02-24,9PM,0,1,9,019
2016-02-25,11AM,4,2,9,429
2016-02-25,4PM,9,3,1,931
2016-02-25,9PM,4,2,4,424
2016-02-26,11AM,9,8,8,988
2016-02-26,4PM,5,2,2,522
2016-02-26,9PM,3,2,7,327
2016-02-27,11AM,1,6,3,163
2016-02-27,4PM,8,6,3,863
2016-02-27,9PM,9,3,8,938
2016-02-28,11AM,5,3,9,539
2016-02-28,4PM,9,1,3,913
2016-02-28,9PM,8,4,7,847
2016-02-29,11AM,5,4,1,541
2016-02-29,4PM,9,1,8,918
2016-02-29,9PM,0,0,9,009
2016-03-01,11AM,1,4,1,141
2016-03-01,4PM,1,3,8,138
2016-03-01,9PM,7,6,4,764
2016-03-02,11AM,5,7,9,579
2016-03-02,4PM,7,6,5,765
2016-03-02,9PM,2,1,1,211
2016-03-03,11AM,3,7,7,377
2016-03-03,4PM,2,0,4,204
2016-03-03,9PM,4,6,6,466
2016-03-04,11AM,7,4,7,747
2016-03-04,4PM,2,4,1,241
2016-03-04,9PM,4,4,3,443
2016-03-05,11AM,0,0,8,008
2016-03-05,4PM,6,9,0,690
2016-03-05,9PM,6,8,2,682
2016-03-06,11AM,4,0,1,401
2016-03-06,4PM,3,5,9,359
2016-03-06,9PM,4,3,6,436
2016-03-07,11AM,1,2,1,121
2016-03-07,4PM,4,5,1,451
2016-03-07,9PM,3,6,0,360
2016-03-08,11AM,2,4,5,245
2016-03-08,4PM,9,1,2,912
2016-03-08,9PM,5,8,8,588
2016-03-09,11AM,1,4,0,140
2016-03-09,4PM,4,2,4,424
2016-03-09,9PM,5,7,4,574
2016-03-10,11AM,3,5,9,359
2016-03-10,4PM,5,2,4,524
2016-03-10,9PM,7,8,2,782
2016-03-11,11AM,0,1,6,016
2016-03-11,4PM,4,8,7,487
2016-03-11,9PM,9,9,8,998
2016-03-12,11AM,9,3,1,931
2016-03-12,4PM,8,3,2,832
2016-03-12,9PM,8,9,4,894
2016-03-13,11AM,0,0,9,009
2016-03-13,4PM,4,0,9,409
2016-03-13,9PM,8,1,4,814
2016-03-14,11AM,1,9,5,195
2016-03-14,4PM,1,5,6,156
2016-03-14,9PM,5,1,6,516
2016-03-15,11AM,9,5,8,958
2016-03-15,4PM,8,2,4,824
2016-03-15,9PM,7,0,7,707
2016-03-16,11AM,4,1,2,412
2016-03-16,4PM,5,0,6,506
2016-03-16,9PM,4,3,7,437
2016-03-17,11AM,6,1,3,613
2016-03-17,4PM,0,0,9,009
2016-03-17,9PM,1,3,2,132
2016-03-18,11AM,3,0,8,308
2016-03-18,4PM,0,2,6,026
2016-03-18,9PM,7,8,8,788
2016-03-19,11AM,6,1,7,617
2016-03-19,4PM,2,0,7,207
2016-03-19,9PM,0,2,0,020
2016-03-20,11AM,4,6,3,463
2016-03-20,4PM,1,4,6,146
2016-03-20,9PM,0,7,3,073
2016-03-21,11AM,2,1,3,213
2016-03-21,4PM,7,9,8,798
2016-03-21,9PM,6,4,1,641
2016-03-22,11AM,8,9,7,897
2016-03-22,4PM,2,6,0,260
2016-03-22,9PM,0,4,0,040
2016-03-23,11AM,5,8,8,588
2016-03-23,4PM,5,3,9,539
2016-03-23,9PM,4,4,1,441
2016-03-28,11AM,1,9,5,195
2016-03-28,4PM,7,0,8,708
2016-03-28,9PM,0,6,0,060
2016-03-29,11AM,7,7,9,779
2016-03-29,4PM,9,9,6,996
2016-03-29,9PM,1,2,1,121
2016-03-30,11AM,0,9,3,093
2016-03-30,4PM,1,2,0,120
2016-03-30,9PM,6,0,0,600
2016-03-31,11AM,8,2,4,824
2016-03-31,4PM,1,2,7,127
2016-03-31,9PM,5,1,4,514
2016-04-01,11AM,3,5,8,358
2016-04-01,4PM,0,4,5,045
2016-04-01,9PM,3,9,4,394
2016-04-02,11AM,4,2,9,429
2016-04-02,4PM,8,7,3,873
2016-04-02,9PM,8,8,1,881
2016-04-03,11AM,8,8,7,887
2016-04-03,4PM,3,7,0,370
2016-04-03,9PM,1,9,2,192
2016-04-04,11AM,3,8,2,382
2016-04-04,4PM,9,1,2,912
2016-04-04,9PM,6,4,8,648
2016-04-05,11AM,0,3,1,031
2016-04-05,4PM,0,1,0,010
2016-04-05,9PM,2,6,2,262
2016-04-06,11AM,3,1,8,318
2016-04-06,4PM,4,5,2,452
2016-04-06,9PM,4,9,4,494
2016-04-07,11AM,8,1,7,817
2016-04-07,4PM,4,5,2,452
2016-04-07,9PM,9,3,8,938
2016-04-08,11AM,0,3,4,034
2016-04-08,4PM,8,9,5,895
2016-04-08,9PM,9,0,9,909
2016-04-09,11AM,4,0,1,401
2016-04-09,4PM,2,0,5,205
2016-04-09,9PM,6,8,7,687
2016-04-10,11AM,9,8,5,985
2016-04-10,4PM,5,9,0,590
2016-04-10,9PM,6,7,7,677
2016-04-11,11AM,1,1,2,112
2016-04-11,4PM,1,1,6,116
2016-04-11,9PM,1,9,1,191
2016-04-12,11AM,3,5,2,352
2016-04-12,4PM,8,2,5,825
2016-04-12,9PM,0,1,8,018
2016-04-13,11AM,1,3,0,130
2016-04-13,4PM,1,9,3,193
2016-04-13,9PM,8,9,2,892
2016-04-14,11AM,4,5,1,451
2016-04-14,4PM,7,6,6,766
2016-04-14,9PM,5,3,8,538
2016-04-15,11AM,5,9,8,598
2016-04-15,4PM,2,2,9,229
2016-04-15,9PM,9,8,6,986
2016-04-16,11AM,0,8,3,083
2016-04-16,4PM,5,8,7,587
2016-04-16,9PM,5,1,6,516
2016-04-17,11AM,5,4,0,540
2016-04-17,4PM,1,5,6,156
2016-04-17,9PM,4,3,6,436
2016-04-18,11AM,5,8,7,587
2016-04-18,4PM,7,3,3,733
2016-04-18,9PM,8,4,0,840
2016-04-19,11AM,5,0,6,506
2016-04-19,4PM,1,4,5,145
2016-04-19,9PM,7,1,4,714
2016-04-20,11AM,6,8,9,689
2016-04-20,4PM,1,9,2,192
2016-04-20,9PM,3,6,3,363
2016-04-21,11AM,2,9,8,298
2016-04-21,4PM,3,2,5,325
2016-04-21,9PM,0,7,9,079
2016-04-22,11AM,7,7,8,778
2016-04-22,4PM,6,5,1,651
2016-04-22,9PM,3,2,9,329
2016-04-23,11AM,9,9,5,995
2016-04-23,4PM,8,2,2,822
2016-04-23,9PM,8,7,7,877
2016-04-24,11AM,8,4,6,846
2016-04-24,4PM,0,8,8,088
2016-04-24,9PM,4,9,0,490
2016-04-25,11AM,6,2,7,627
2016-04-25,4PM,0,9,5,095
2016-04-25,9PM,9,4,4,944
2016-04-26,11AM,0,2,7,027
2016-04-26,4PM,9,3,2,932
2016-04-26,9PM,9,1,4,914
2016-04-27,11AM,4,3,9,439
2016-04-27,4PM,7,0,4,704
2016-04-27,9PM,6,3,3,633
2016-04-28,11AM,8,6,6,866
2016-04-28,4PM,5,2,4,524
2016-04-28,9PM,8,3,9,839
2016-04-29,11AM,0,4,8,048
2016-04-29,4PM,5,1,7,517
2016-04-29,9PM,9,9,2,992
2016-04-30,11AM,3,5,7,357
2016-04-30,4PM,3,3,0,330
2016-04-30,9PM,7,1,9,719
2016-05-01,11AM,3,5,9,359
2016-05-01,4PM,7,9,9,799
2016-05-01,9PM,6,4,8,648
2016-05-02,11AM,8,1,8,818
2016-05-02,4PM,5,1,7,517
2016-05-02,9PM,7,8,4,784
2016-05-03,11AM,9,3,8,938
2016-05-03,4PM,6,4,7,647
2016-05-03,9PM,0,8,3,083
2016-05-04,11AM,7,8,8,788
2016-05-04,4PM,4,0,7,407
2016-05-04,9PM,0,8,7,087
2016-05-05,11AM,2,6,8,268
2016-05-05,4PM,0,9,8,098
2016-05-05,9PM,3,3,0,330
2016-05-06,11AM,5,4,6,546
2016-05-06,4PM,4,7,9,479
2016-05-06,9PM,0,6,8,068
2016-05-07,11AM,6,7,9,679
2016-05-07,4PM,1,8,8,188
2016-05-07,9PM,0,8,7,087
2016-05-08,11AM,2,0,7,207
2016-05-08,4PM,2,4,7,247
2016-05-08,9PM,4,5,1,451
2016-05-09,11AM,6,9,1,691
2016-05-09,4PM,7,2,5,725
2016-05-09,9PM,8,4,4,844
2016-05-10,11AM,7,7,6,776
2016-05-10,4PM,5,4,6,546
2016-05-10,9PM,8,5,4,854
2016-05-11,11AM,3,6,1,361
2016-05-11,4PM,3,0,9,309
2016-05-11,9PM,0,1,2,012
2016-05-12,11AM,6,2,6,626
2016-05-12,4PM,9,6,0,960
2016-05-12,9PM,0,9,6,096
2016-05-13,11AM,8,5,0,850
2016-05-13,4PM,6,1,1,611
2016-05-13,9PM,1,1,1,111
2016-05-14,11AM,8,5,1,851
2016-05-14,4PM,4,2,3,423
2016-05-14,9PM,1,0,6,106
2016-05-15,11AM,5,8,6,586
2016-05-15,4PM,9,8,3,983
2016-05-15,9PM,9,9,9,999
2016-05-16,11AM,7,5,8,758
2016-05-16,4PM,4,2,7,427
2016-05-16,9PM,8,3,0,830
2016-05-17,11AM,8,0,3,803
2016-05-17,4PM,9,7,2,972
2016-05-17,9PM,6,6,0,660
2016-05-18,11AM,5,8,0,580
2016-05-18,4PM,9,0,1,901
2016-05-18,9PM,4,7,2,472
2016-05-19,11AM,6,0,2,602
2016-05-19,4PM,7,4,1,741
2016-05-19,9PM,0,0,5,005
2016-05-20,11AM,9,3,2,932
2016-05-20,4PM,5,7,7,577
2016-05-20,9PM,8,6,4,864
2016-05-21,11AM,2,0,6,206
2016-05-21,4PM,7,4,6,746
2016-05-21,9PM,9,0,6,906
2016-05-22,11AM,4,9,5,495
2016-05-22,4PM,5,1,6,516
2016-05-22,9PM,6,9,0,690
2016-05-23,11AM,8,4,0,840
2016-05-23,4PM,7,8,2,782
2016-05-23,9PM,2,8,6,286
2016-05-24,11AM,8,9,2,892
2016-05-24,4PM,7,6,1,761
2016-05-24,9PM,0,7,7,077
2016-05-25,11AM,4,3,9,439
2016-05-25,4PM,6,2,4,624
2016-05-25,9PM,7,7,8,778
2016-05-26,11AM,6,2,8,628
2016-05-26,4PM,4,0,4,404
2016-05-26,9PM,2,0,6,206
2016-05-27,11AM,6,6,6,666
2016-05-27,4PM,2,4,2,242
2016-05-27,9PM,2,5,8,258
2016-05-28,11AM,8,9,6,896
2016-05-28,4PM,4,7,2,472
2016-05-28,9PM,2,9,1,291
2016-05-29,11AM,3,8,0,380
2016-05-29,4PM,4,2,3,423
2016-05-29,9PM,3,0,7,307
2016-05-30,11AM,5,6,2,562
2016-05-30,4PM,6,1,0,610
2016-05-30,9PM,3,2,6,326
2016-05-31,11AM,0,3,6,036
2016-05-31,4PM,7,2,9,729
2016-05-31,9PM,8,9,6,896
2016-06-01,11AM,7,1,1,711
2016-06-01,4PM,5,5,3,553
2016-06-01,9PM,9,1,6,916
2016-06-02,11AM,6,5,4,654
2016-06-02,4PM,7,2,3,723
2016-06-02,9PM,9,9,6,996
2016-06-03,11AM,9,7,4,974
2016-06-03,4PM,2,4,8,248
2016-06-03,9PM,9,3,2,932
2016-06-04,11AM,8,4,6,846
2016-06-04,4PM,9,7,6,976
2016-06-04,9PM,8,7,9,879
2016-06-05,11AM,4,5,3,453
2016-06-05,4PM,5,3,0,530
2016-06-05,9PM,5,4,5,545
2016-06-06,11AM,2,0,8,208
2016-06-06,4PM,4,5,8,458
2016-06-06,9PM,7,3,8,738
2016-06-07,11AM,1,5,4,154
2016-06-07,4PM,6,0,0,600
2016-06-07,9PM,5,9,4,594
2016-06-08,11AM,2,5,4,254
2016-06-08,4PM,7,0,9,709
2016-06-08,9PM,9,5,4,954
2016-06-09,11AM,0,2,9,029
2016-06-09,4PM,8,1,6,816
2016-06-09,9PM,5,3,0,530
2016-06-10,11AM,4,6,0,460
2016-06-10,4PM,8,3,2,832
2016-06-10,9PM,0,6,7,067
2016-06-11,11AM,0,2,2,022
2016-06-11,4PM,8,4,6,846
2016-06-11,9PM,4,1,8,418
2016-06-12,11AM,7,5,6,756
2016-06-12,4PM,9,9,4,994
2016-06-12,9PM,0,0,0,000
2016-06-13,11AM,8,5,4,854
2016-06-13,4PM,9,1,6,916
2016-06-13,9PM,6,0,3,603
2016-06-14,11AM,8,3,1,831
2016-06-14,4PM,2,8,5,285
2016-06-14,9PM,5,3,1,531
2016-06-15,11AM,9,1,7,917
2016-06-15,4PM,6,2,6,626
2016-06-15,9PM,8,1,9,819
2016-06-16,11AM,8,0,6,806
2016-06-16,4PM,7,0,4,704
2016-06-16,9PM,7,0,8,708
2016-06-17,11AM,7,5,8,758
2016-06-17,4PM,6,9,4,694
2016-06-17,9PM,5,3,5,535
2016-06-18,11AM,6,1,8,618
2016-06-18,4PM,3,8,9,389
2016-06-18,9PM,8,3,5,835
2016-06-19,11AM,4,2,2,422
2016-06-19,4PM,8,7,2,872
2016-06-19,9PM,7,0,2,702
2016-06-20,11AM,4,9,5,495
2016-06-20,4PM,2,0,9,209
2016-06-20,9PM,4,7,7,477
2016-06-21,11AM,6,9,3,693
2016-06-21,4PM,7,0,5,705
2016-06-21,9PM,3,9,5,395
2016-06-22,11AM,2,6,0,260
2016-06-22,4PM,5,7,8,578
2016-06-22,9PM,3,4,9,349
2016-06-23,11AM,8,8,7,887
2016-06-23,4PM,2,6,3,263
2016-06-23,9PM,1,9,1,191
2016-06-24,11AM,9,5,1,951
2016-06-24,4PM,4,6,8,468
2016-06-24,9PM,5,1,6,516
2016-06-25,11AM,2,2,2,222
2016-06-25,4PM,0,8,1,081
2016-06-25,9PM,1,6,7,167
2016-06-26,11AM,1,3,0,130
2016-06-26,4PM,6,3,3,633
2016-06-26,9PM,5,7,5,575
2016-06-27,11AM,8,8,2,882
2016-06-27,4PM,4,0,4,404
2016-06-27,9PM,7,3,4,734
2016-06-28,11AM,7,1,1,711
2016-06-28,4PM,4,8,7,487
2016-06-28,9PM,3,0,2,302
2016-06-29,11AM,6,1,7,617
2016-06-29,4PM,7,3,3,733
2016-06-29,9PM,2,7,8,278
2016-06-30,11AM,4,1,6,416
2016-06-30,4PM,1,3,2,132
2016-06-30,9PM,6,5,0,650
2016-07-01,11AM,6,2,9,629
2016-07-01,4PM,1,6,5,165
2016-07-01,9PM,9,1,5,915
2016-07-02,11AM,4,1,4,414
2016-07-02,4PM,1,3,8,138
2016-07-02,9PM,3,6,3,363
2016-07-03,11AM,9,7,5,975
2016-07-03,4PM,2,8,0,280
2016-07-03,9PM,1,0,3,103
2016-07-04,11AM,2,5,1,251
2016-07-04,4PM,4,9,1,491
2016-07-04,9PM,7,3,5,735
2016-07-05,11AM,8,1,9,819
2016-07-05,4PM,4,4,5,445
2016-07-05,9PM,6,3,5,635
2016-07-06,11AM,1,3,1,131
2016-07-06,4PM,9,2,9,929
2016-07-06,9PM,3,4,3,343
2016-07-07,11AM,5,3,9,539
2016-07-07,4PM,6,0,9,609
2016-07-07,9PM,6,2,2,622
2016-07-08,11AM,8,0,3,803
2016-07-08,4PM,3,0,7,307
2016-07-08,9PM,7,4,7,747
2016-07-09,11AM,0,8,9,089
2016-07-09,4PM,2,4,3,243
2016-07-09,9PM,5,5,3,553
2016-07-10,11AM,6,5,1,651
2016-07-10,4PM,8,7,1,871
2016-07-10,9PM,9,6,3,963
2016-07-11,11AM,4,5,4,454
2016-07-11,4PM,3,2,1,321
2016-07-11,9PM,5,4,1,541
2016-07-12,11AM,5,6,4,564
2016-07-12,4PM,7,4,4,744
2016-07-12,9PM,3,3,2,332
2016-07-13,11AM,8,0,1,801
2016-07-13,4PM,6,3,6,636
2016-07-13,9PM,6,6,4,664
2016-07-14,11AM,3,2,9,329
2016-07-14,4PM,2,4,0,240
2016-07-14,9PM,4,6,7,467
2016-07-15,11AM,1,2,5,125
2016-07-15,4PM,5,4,9,549
2016-07-15,9PM,7,5,4,754
2016-07-16,11AM,9,9,1,991
2016-07-16,4PM,2,8,4,284
2016-07-16,9PM,1,1,9,119
2016-07-17,11AM,9,9,0,990
2016-07-17,4PM,9,4,7,947
2016-07-17,9PM,6,4,4,644
2016-07-18,11AM,1,9,6,196
2016-07-18,4PM,4,3,3,433
2016-07-18,9PM,2,0,6,206
2016-07-19,11AM,6,8,5,685
2016-07-19,4PM,8,7,1,871
2016-07-19,9PM,9,1,5,915
2016-07-20,11AM,7,8,8,788
2016-07-20,4PM,5,3,1,531
2016-07-20,9PM,9,0,9,909
2016-07-21,11AM,9,2,1,921
2016-07-21,4PM,3,5,1,351
2016-07-21,9PM,0,7,0,070
2016-07-22,11AM,6,4,1,641
2016-07-22,4PM,6,2,7,627
2016-07-22,9PM,0,6,8,068
2016-07-23,11AM,6,5,9,659
2016-07-23,4PM,9,3,6,936
2016-07-23,9PM,4,9,5,495
2016-07-24,11AM,4,5,7,457
2016-07-24,4PM,0,3,4,034
2016-07-24,9PM,3,9,9,399
2016-07-25,11AM,3,9,0,390
2016-07-25,4PM,4,9,3,493
2016-07-25,9PM,0,5,7,057
2016-07-26,11AM,3,2,7,327
2016-07-26,4PM,2,0,6,206
2016-07-26,9PM,7,2,0,720
2016-07-27,11AM,9,9,0,990
2016-07-27,4PM,4,6,8,468
2016-07-27,9PM,0,2,2,022
2016-07-28,11AM,4,9,5,495
2016-07-28,4PM,5,3,3,533
2016-07-28,9PM,0,9,0,090
2016-07-29,11AM,1,7,1,171
2016-07-29,4PM,9,9,4,994
2016-07-29,9PM,3,1,6,316
2016-07-30,11AM,0,1,5,015
2016-07-30,4PM,2,8,7,287
2016-07-30,9PM,3,0,0,300
2016-07-31,11AM,2,1,9,219
2016-07-31,4PM,3,4,1,341
2016-07-31,9PM,6,1,8,618
2016-08-01,11AM,6,3,5,635
2016-08-01,4PM,5,2,6,526
2016-08-01,9PM,3,7,5,375
2016-08-02,11AM,2,5,7,257
2016-08-02,4PM,9,0,4,904
2016-08-02,9PM,2,2,5,225
2016-08-03,11AM,8,0,5,805
2016-08-03,4PM,4,2,1,421
2016-08-03,9PM,1,6,6,166
2016-08-04,11AM,5,6,1,561
2016-08-04,4PM,6,8,2,682
2016-08-04,9PM,2,8,2,282
2016-08-05,11AM,8,5,5,855
2016-08-05,4PM,1,9,9,199
2016-08-05,9PM,1,4,6,146
2016-08-06,11AM,2,8,4,284
2016-08-06,4PM,3,5,9,359
2016-08-06,9PM,7,3,3,733
2016-08-07,11AM,3,2,9,329
2016-08-07,4PM,8,6,7,867
2016-08-07,9PM,1,1,6,116
2016-08-08,11AM,7,4,6,746
2016-08-08,4PM,0,0,8,008
2016-08-08,9PM,1,0,3,103
2016-08-09,11AM,3,6,9,369
2016-08-09,4PM,7,8,9,789
2016-08-09,9PM,7,0,8,708
2016-08-10,11AM,7,9,7,797
2016-08-10,4PM,5,1,7,517
2016-08-10,9PM,2,2,2,222
2016-08-11,11AM,4,1,6,416
2016-08-11,4PM,1,9,8,198
2016-08-11,9PM,1,2,8,128
2016-08-12,11AM,2,1,2,212
2016-08-12,4PM,7,3,5,735
2016-08-12,9PM,6,3,9,639
2016-08-13,11AM,6,5,9,659
2016-08-13,4PM,9,5,9,959
2016-08-13,9PM,5,5,8,558
2016-08-14,11AM,9,7,4,974
2016-08-14,4PM,4,3,5,435
2016-08-14,9PM,5,2,0,520
2016-08-15,11AM,2,9,5,295
2016-08-15,4PM,2,7,5,275
2016-08-15,9PM,9,8,9,989
2016-08-16,11AM,9,3,8,938
2016-08-16,4PM,7,8,4,784
2016-08-16,9PM,2,7,8,278
2016-08-17,11AM,2,4,0,240
2016-08-17,4PM,4,0,5,405
2016-08-17,9PM,5,1,1,511
2016-08-18,11AM,5,6,2,562
2016-08-18,4PM,7,4,9,749
2016-08-18,9PM,7,2,6,726
2016-08-19,11AM,1,1,4,114
2016-08-19,4PM,6,8,2,682
2016-08-19,9PM,8,8,1,881
2016-08-20,11AM,4,7,4,474
2016-08-20,4PM,8,7,5,875
2016-08-20,9PM,0,1,3,013
2016-08-21,11AM,9,3,2,932
2016-08-21,4PM,5,1,2,512
2016-08-21,9PM,0,3,5,035
2016-08-22,11AM,0,6,4,064
2016-08-22,4PM,9,1,1,911
2016-08-22,9PM,5,2,2,522
2016-08-23,11AM,5,5,2,552
2016-08-23,4PM,2,8,1,281
2016-08-23,9PM,5,5,3,553
2016-08-24,11AM,0,2,0,020
2016-08-24,4PM,8,0,3,803
2016-08-24,9PM,4,6,9,469
2016-08-25,11AM,6,0,5,605
2016-08-25,4PM,5,5,6,556
2016-08-25,9PM,2,7,8,278
2016-08-26,11AM,8,6,7,867
2016-08-26,4PM,1,4,2,142
2016-08-26,9PM,7,7,9,779
2016-08-27,11AM,5,7,4,574
2016-08-27,4PM,6,9,8,698
2016-08-27,9PM,1,8,0,180
2016-08-28,11AM,9,9,1,991
2016-08-28,4PM,2,0,6,206
2016-08-28,9PM,7,6,5,765
2016-08-29,11AM,8,2,9,829
2016-08-29,4PM,1,7,6,176
2016-08-29,9PM,1,8,6,186
2016-08-30,11AM,3,2,3,323
2016-08-30,4PM,0,3,2,032
2016-08-30,9PM,6,2,6,626
2016-08-31,11AM,4,1,7,417
2016-08-31,4PM,8,1,7,817
2016-08-31,9PM,7,2,9,729
2016-09-01,11AM,9,7,7,977
2016-09-01,4PM,0,6,7,067
2016-09-01,9PM,0,4,6,046
2016-09-02,11AM,6,0,0,600
2016-09-02,4PM,2,7,5,275
2016-09-02,9PM,7,0,3,703
2016-09-03,11AM,9,2,5,925
2016-09-03,4PM,1,1,9,119
2016-09-03,9PM,3,7,1,371
2016-09-04,11AM,2,4,5,245
2016-09-04,4PM,0,2,2,022
2016-09-04,9PM,3,3,7,337
2016-09-05,11AM,6,9,3,693
2016-09-05,4PM,3,2,1,321
2016-09-05,9PM,5,2,0,520
2016-09-06,11AM,3,5,5,355
2016-09-06,4PM,7,9,7,797
2016-09-06,9PM,1,7,0,170
2016-09-07,11AM,7,6,8,768
2016-09-07,4PM,4,8,4,484
2016-09-07,9PM,6,5,7,657
2016-09-08,11AM,2,3,2,232
2016-09-08,4PM,0,1,7,017
2016-09-08,9PM,3,4,4,344
2016-09-09,11AM,7,8,0,780
2016-09-09,4PM,8,9,4,894
2016-09-09,9PM,1,2,7,127
2016-09-10,11AM,0,0,9,009
2016-09-10,4PM,1,9,1,191
2016-09-10,9PM,4,3,5,435
2016-09-11,11AM,7,4,2,742
2016-09-11,4PM,2,8,3,283
2016-09-11,9PM,6,3,2,632
2016-09-12,11AM,5,9,9,599
2016-09-12,4PM,7,5,7,757
2016-09-12,9PM,9,7,1,971
2016-09-13,11AM,7,3,3,733
2016-09-13,4PM,4,8,0,480
2016-09-13,9PM,7,2,9,729
2016-09-14,11AM,4,7,7,477
2016-09-14,4PM,9,8,2,982
2016-09-14,9PM,4,1,5,415
2016-09-15,11AM,8,0,9,809
2016-09-15,4PM,1,7,0,170
2016-09-15,9PM,7,4,0,740
2016-09-16,11AM,5,1,8,518
2016-09-16,4PM,0,0,2,002
2016-09-16,9PM,3,7,1,371
2016-09-17,11AM,5,2,1,521
2016-09-17,4PM,1,6,7,167
2016-09-17,9PM,5,1,8,518
2016-09-18,11AM,3,9,8,398
2016-09-18,4PM,5,8,2,582
2016-09-18,9PM,4,3,2,432
2016-09-19,11AM,7,9,3,793
2016-09-19,4PM,8,9,7,897
2016-09-19,9PM,1,8,0,180
2016-09-20,11AM,8,3,4,834
2016-09-20,4PM,8,3,9,839
2016-09-20,9PM,4,7,1,471
2016-09-21,11AM,3,4,2,342
2016-09-21,4PM,6,7,8,678
2016-09-21,9PM,0,7,2,072
2016-09-22,11AM,6,2,9,629
2016-09-22,4PM,2,6,6,266
2016-09-22,9PM,2,3,7,237
2016-09-23,11AM,0,5,6,056
2016-09-23,4PM,9,2,6,926
2016-09-23,9PM,0,6,7,067
2016-09-24,11AM,8,8,2,882
2016-09-24,4PM,3,0,7,307
2016-09-24,9PM,7,7,8,778
2016-09-25,11AM,9,3,6,936
2016-09-25,4PM,5,0,3,503
2016-09-25,9PM,1,0,0,100
2016-09-26,11AM,7,6,6,766
2016-09-26,4PM,7,9,7,797
2016-09-26,9PM,0,6,2,062
2016-09-27,11AM,2,1,8,218
2016-09-27,4PM,7,9,1,791
2016-09-27,9PM,3,3,9,339
2016-09-28,11AM,5,4,7,547
2016-09-28,4PM,8,5,8,858
2016-09-28,9PM,0,6,5,065
2016-09-29,11AM,8,8,6,886
2016-09-29,4PM,3,8,6,386
2016-09-29,9PM,3,7,8,378
2016-09-30,11AM,2,4,3,243
2016-09-30,4PM,5,1,9,519
2016-09-30,9PM,1,7,7,177
2016-10-01,11AM,8,1,4,814
2016-10-01,4PM,0,4,7,047
2016-10-01,9PM,7,7,9,779
2016-10-02,11AM,4,0,1,401
2016-10-02,4PM,7,0,9,709
2016-10-02,9PM,8,0,0,800
2016-10-03,11AM,0,2,3,023
2016-10-03,4PM,2,3,7,237
2016-10-03,9PM,2,9,7,297
2016-10-04,11AM,3,2,5,325
2016-10-04,4PM,9,1,5,915
2016-10-04,9PM,5,5,9,559
2016-10-05,11AM,3,9,3,393
2016-10-05,4PM,5,0,3,503
2016-10-05,9PM,2,3,1,231
2016-10-06,11AM,1,7,8,178
2016-10-06,4PM,3,7,0,370
2016-10-06,9PM,9,3,0,930
2016-10-07,11AM,6,7,0,670
2016-10-07,4PM,9,2,3,923
2016-10-07,9PM,1,3,0,130
2016-10-08,11AM,3,7,0,370
2016-10-08,4PM,2,3,0,230
2016-10-08,9PM,7,6,7,767
2016-10-09,11AM,4,1,5,415
2016-10-09,4PM,2,7,5,275
2016-10-09,9PM,4,0,7,407
2016-10-10,11AM,2,3,8,238
2016-10-10,4PM,1,1,0,110
2016-10-10,9PM,0,0,1,001
2016-10-11,11AM,6,8,3,683
2016-10-11,4PM,8,7,3,873
2016-10-11,9PM,0,1,9,019
2016-10-12,11AM,1,7,0,170
2016-10-12,4PM,9,7,4,974
2016-10-12,9PM,2,9,9,299
2016-10-13,11AM,2,2,8,228
2016-10-13,4PM,8,6,0,860
2016-10-13,9PM,2,1,1,211
2016-10-14,11AM,7,3,6,736
2016-10-14,4PM,3,7,0,370
2016-10-14,9PM,5,6,2,562
2016-10-15,11AM,7,6,9,769
2016-10-15,4PM,9,8,6,986
2016-10-15,9PM,4,5,4,454
2016-10-16,11AM,0,5,9,059
2016-10-16,4PM,3,4,1,341
2016-10-16,9PM,6,7,2,672
2016-10-17,11AM,7,3,9,739
2016-10-17,4PM,5,4,2,542
2016-10-17,9PM,6,5,8,658
2016-10-18,11AM,7,1,6,716
2016-10-18,4PM,4,3,3,433
2016-10-18,9PM,9,8,5,985
2016-10-19,11AM,3,0,1,301
2016-10-19,4PM,4,5,2,452
2016-10-19,9PM,3,6,8,368
2016-10-20,11AM,8,5,7,857
2016-10-20,4PM,1,7,6,176
2016-10-20,9PM,1,9,1,191
2016-10-21,11AM,3,4,8,348
2016-10-21,4PM,3,3,4,334
2016-10-21,9PM,8,8,2,882
2016-10-22,11AM,7,1,4,714
2016-10-22,4PM,4,0,5,405
2016-10-22,9PM,9,8,6,986
2016-10-23,11AM,3,9,6,396
2016-10-23,4PM,8,8,7,887
2016-10-23,9PM,2,6,2,262
2016-10-24,11AM,6,9,2,692
2016-10-24,4PM,8,0,6,806
2016-10-24,9PM,4,7,3,473
2016-10-25,11AM,0,8,7,087
2016-10-25,4PM,5,3,4,534
2016-10-25,9PM,7,8,2,782
2016-10-26,11AM,9,8,3,983
2016-10-26,4PM,1,1,1,111
2016-10-26,9PM,8,3,7,837
2016-10-27,11AM,0,7,2,072
2016-10-27,4PM,1,7,4,174
2016-10-27,9PM,6,8,8,688
2016-10-28,11AM,5,0,3,503
2016-10-28,4PM,2,5,5,255
2016-10-28,9PM,8,6,2,862
2016-10-29,11AM,9,9,6,996
2016-10-29,4PM,4,3,3,433
2016-10-29,9PM,6,3,3,633
2016-10-30,11AM,5,3,1,531
2016-10-30,4PM,9,2,5,925
2016-10-30,9PM,6,9,7,697
2016-10-31,11AM,7,7,4,774
2016-10-31,4PM,3,7,3,373
2016-10-31,9PM,3,5,9,359
2016-11-01,11AM,2,3,5,235
2016-11-01,4PM,8,3,8,838
2016-11-01,9PM,2,8,8,288
2016-11-02,11AM,8,3,1,831
2016-11-02,4PM,8,0,1,801
2016-11-02,9PM,8,8,3,883
2016-11-03,11AM,7,4,0,740
2016-11-03,4PM,9,9,0,990
2016-11-03,9PM,1,2,8,128
2016-11-04,11AM,1,7,9,179
2016-11-04,4PM,6,7,2,672
2016-11-04,9PM,6,2,6,626
2016-11-05,11AM,7,1,0,710
2016-11-05,4PM,4,7,1,471
2016-11-05,9PM,2,4,5,245
2016-11-06,11AM,5,9,3,593
2016-11-06,4PM,5,5,4,554
2016-11-06,9PM,1,3,3,133
2016-11-07,11AM,3,6,6,366
2016-11-07,4PM,9,1,1,911
2016-11-07,9PM,3,1,8,318
2016-11-08,11AM,6,2,3,623
2016-11-08,4PM,4,7,2,472
2016-11-08,9PM,9,0,6,906
2016-11-09,11AM,5,9,5,595
2016-11-09,4PM,1,6,1,161
2016-11-09,9PM,4,6,1,461
2016-11-10,11AM,9,1,3,913
2016-11-10,4PM,6,0,7,607
2016-11-10,9PM,2,5,0,250
2016-11-11,11AM,6,4,1,641
2016-11-11,4PM,1,6,0,160
2016-11-11,9PM,7,4,5,745
2016-11-12,11AM,5,4,5,545
2016-11-12,4PM,9,7,2,972
2016-11-12,9PM,9,2,3,923
2016-11-13,11AM,6,0,6,606
2016-11-13,4PM,8,7,4,874
2016-11-13,9PM,7,3,5,735
2016-11-14,11AM,9,9,0,990
2016-11-14,4PM,3,3,3,333
2016-11-14,9PM,0,4,5,045
2016-11-15,11AM,1,0,7,107
2016-11-15,4PM,5,3,4,534
2016-11-15,9PM,1,1,2,112
2016-11-16,11AM,1,7,2,172
2016-11-16,4PM,8,5,8,858
2016-11-16,9PM,4,4,6,446
2016-11-17,11AM,5,2,9,529
2016-11-17,4PM,4,4,9,449
2016-11-17,9PM,3,3,6,336
2016-11-18,11AM,0,7,7,077
2016-11-18,4PM,2,3,1,231
2016-11-18,9PM,3,1,7,317
2016-11-19,11AM,7,3,6,736
2016-11-19,4PM,4,2,4,424
2016-11-19,9PM,3,9,6,396
2016-11-20,11AM,3,1,2,312
2016-11-20,4PM,8,0,4,804
2016-11-20,9PM,2,0,8,208
2016-11-21,11AM,5,3,2,532
2016-11-21,4PM,2,9,9,299
2016-11-21,9PM,4,7,0,470
2016-11-22,11AM,5,0,9,509
2016-11-22,4PM,1,2,8,128
2016-11-22,9PM,2,8,0,280
2016-11-23,11AM,2,7,1,271
2016-11-23,4PM,9,1,8,918
2016-11-23,9PM,8,4,5,845
2016-11-24,11AM,3,5,1,351
2016-11-24,4PM,0,0,3,003
2016-11-24,9PM,4,7,8,478
2016-11-25,11AM,9,2,2,922
2016-11-25,4PM,9,0,7,907
2016-11-25,9PM,7,5,2,752
2016-11-26,11AM,0,3,9,039
2016-11-26,4PM,8,7,1,871
2016-11-26,9PM,4,2,3,423
2016-11-27,11AM,8,9,6,896
2016-11-27,4PM,0,6,0,060
2016-11-27,9PM,4,9,8,498
2016-11-28,11AM,4,4,2,442
2016-11-28,4PM,0,5,8,058
2016-11-28,9PM,0,8,1,081
2016-11-29,11AM,4,4,6,446
2016-11-29,4PM,7,8,6,786
2016-11-29,9PM,8,4,1,841
2016-11-30,11AM,4,9,1,491
2016-11-30,4PM,5,2,7,527
2016-11-30,9PM,0,1,4,014
2016-12-01,11AM,3,7,7,377
2016-12-01,4PM,3,7,5,375
2016-12-01,9PM,3,2,4,324
2016-12-02,11AM,2,7,3,273
2016-12-02,4PM,5,7,4,574
2016-12-02,9PM,1,7,5,175
2016-12-03,11AM,7,4,6,746
2016-12-03,4PM,1,2,3,123
2016-12-03,9PM,0,0,9,009
2016-12-04,11AM,2,2,0,220
2016-12-04,4PM,1,7,2,172
2016-12-04,9PM,2,6,0,260
2016-12-05,11AM,0,9,5,095
2016-12-05,4PM,0,3,0,030
2016-12-05,9PM,1,2,0,120
2016-12-06,11AM,5,5,7,557
2016-12-06,4PM,7,0,4,704
2016-12-06,9PM,9,6,8,968
2016-12-07,11AM,0,2,3,023
2016-12-07,4PM,2,2,2,222
2016-12-07,9PM,2,1,1,211
2016-12-08,11AM,7,8,5,785
2016-12-08,4PM,0,7,2,072
2016-12-08,9PM,6,3,4,634
2016-12-09,11AM,3,5,1,351
2016-12-09,4PM,1,7,1,171
2016-12-09,9PM,7,6,9,769
2016-12-10,11AM,7,4,6,746
2016-12-10,4PM,6,1,3,613
2016-12-10,9PM,7,2,4,724
2016-12-11,11AM,4,4,9,449
2016-12-11,4PM,6,8,3,683
2016-12-11,9PM,3,2,1,321
2016-12-12,11AM,6,1,9,619
2016-12-12,4PM,0,1,5,015
2016-12-12,9PM,4,5,1,451
2016-12-13,11AM,7,5,1,751
2016-12-13,4PM,5,3,7,537
2016-12-13,9PM,9,9,7,997
2016-12-14,11AM,1,9,6,196
2016-12-14,4PM,0,4,7,047
2016-12-14,9PM,4,2,3,423
2016-12-15,11AM,4,5,1,451
2016-12-15,4PM,2,4,2,242
2016-12-15,9PM,0,0,7,007
2016-12-16,11AM,6,3,5,635
2016-12-16,4PM,5,5,0,550
2016-12-16,9PM,4,4,8,448
2016-12-17,11AM,3,1,4,314
2016-12-17,4PM,0,0,9,009
2016-12-17,9PM,4,2,3,423
2016-12-18,11AM,1,7,1,171
2016-12-18,4PM,5,0,9,509
2016-12-18,9PM,2,2,2,222
2016-12-19,11AM,8,9,5,895
2016-12-19,4PM,0,8,8,088
2016-12-19,9PM,4,5,6,456
2016-12-20,11AM,2,1,1,211
2016-12-20,4PM,0,0,6,006
2016-12-20,9PM,5,0,5,505
2016-12-21,11AM,7,3,7,737
2016-12-21,4PM,7,9,1,791
2016-12-21,9PM,6,7,0,670
2016-12-22,11AM,0,3,0,030
2016-12-22,4PM,9,9,6,996
2016-12-22,9PM,3,2,5,325
2016-12-23,11AM,6,1,4,614
2016-12-23,4PM,5,4,7,547
2016-12-23,9PM,7,6,0,760
2016-12-24,11AM,6,1,9,619
2016-12-24,4PM,0,7,7,077
2016-12-24,9PM,7,9,5,795
2016-12-26,11AM,2,6,6,266
2016-12-26,4PM,6,3,1,631
2016-12-26,9PM,7,0,1,701
2016-12-27,11AM,8,6,1,861
2016-12-27,4PM,6,5,4,654
2016-12-27,9PM,0,1,8,018
2016-12-28,11AM,8,2,4,824
2016-12-28,4PM,2,3,6,236
2016-12-28,9PM,2,5,7,257
2016-12-29,11AM,1,5,0,150
2016-12-29,4PM,7,4,7,747
2016-12-29,9PM,1,1,6,116
2016-12-30,11AM,2,2,7,227
2016-12-30,4PM,9,0,5,905
2016-12-30,9PM,1,4,6,146
2016-12-31,11AM,1,7,3,173
2016-12-31,4PM,4,6,2,462
2016-12-31,9PM,0,4,0,040
2017-01-02,11AM,4,5,1,451
2017-01-02,4PM,2,6,6,266
2017-01-02,9PM,8,9,9,899
2017-01-03,11AM,5,1,2,512
2017-01-03,4PM,3,3,5,335
2017-01-03,9PM,9,7,1,971
2017-01-04,11AM,1,0,3,103
2017-01-04,4PM,9,4,7,947
2017-01-04,9PM,2,1,6,216
2017-01-05,11AM,2,0,3,203
2017-01-05,4PM,3,9,0,390
2017-01-05,9PM,3,0,1,301
2017-01-06,11AM,3,5,1,351
2017-01-06,4PM,0,4,5,045
2017-01-06,9PM,0,2,9,029
2017-01-07,11AM,3,8,4,384
2017-01-07,4PM,4,4,7,447
2017-01-07,9PM,9,5,9,959
2017-01-08,11AM,5,3,3,533
2017-01-08,4PM,4,2,7,427
2017-01-08,9PM,8,6,6,866
2017-01-09,11AM,6,7,2,672
2017-01-09,4PM,1,9,4,194
2017-01-09,9PM,6,0,8,608
2017-01-10,11AM,2,5,6,256
2017-01-10,4PM,8,5,3,853
2017-01-10,9PM,5,1,0,510
2017-01-11,11AM,4,6,4,464
2017-01-11,4PM,3,6,4,364
2017-01-11,9PM,7,4,8,748
2017-01-12,11AM,3,8,1,381
2017-01-12,4PM,4,3,7,437
2017-01-12,9PM,1,5,9,159
2017-01-13,11AM,8,9,6,896
2017-01-13,4PM,1,0,3,103
2017-01-13,9PM,8,8,8,888
2017-01-14,11AM,6,0,3,603
2017-01-14,4PM,3,7,3,373
2017-01-14,9PM,1,6,3,163
2017-01-15,11AM,5,2,0,520
2017-01-15,4PM,2,8,3,283
2017-01-15,9PM,2,1,8,218
2017-01-16,11AM,9,4,6,946
2017-01-16,4PM,5,2,9,529
2017-01-16,9PM,1,9,2,192
2017-01-17,11AM,9,2,5,925
2017-01-17,4PM,1,3,8,138
2017-01-17,9PM,9,5,0,950
2017-01-18,11AM,3,1,2,312
2017-01-18,4PM,7,9,7,797
2017-01-18,9PM,2,1,5,215
2017-01-19,11AM,0,2,9,029
2017-01-19,4PM,3,9,9,399
2017-01-19,9PM,8,0,9,809
2017-01-20,11AM,1,7,7,177
2017-01-20,4PM,7,5,5,755
2017-01-20,9PM,8,6,3,863
2017-01-21,11AM,0,3,6,036
2017-01-21,4PM,5,6,6,566
2017-01-21,9PM,4,3,6,436
2017-01-22,11AM,1,8,7,187
2017-01-22,4PM,0,7,7,077
2017-01-22,9PM,3,0,8,308
2017-01-23,11AM,6,7,5,675
2017-01-23,4PM,7,0,6,706
2017-01-23,9PM,5,8,3,583
2017-01-24,11AM,6,0,9,609
2017-01-24,4PM,6,6,9,669
2017-01-24,9PM,8,0,6,806
2017-01-25,11AM,7,2,3,723
2017-01-25,4PM,8,0,5,805
2017-01-25,9PM,5,0,9,509
2017-01-26,11AM,2,0,7,207
2017-01-26,4PM,2,3,1,231
2017-01-26,9PM,4,8,1,481
2017-01-27,11AM,3,2,0,320
2017-01-27,4PM,1,5,9,159
2017-01-27,9PM,3,4,7,347
2017-01-28,11AM,3,6,9,369
2017-01-28,4PM,6,6,3,663
2017-01-28,9PM,0,7,4,074
2017-01-29,11AM,7,5,4,754
2017-01-29,4PM,4,9,3,493
2017-01-29,9PM,1,1,3,113
2017-01-30,11AM,4,6,8,468
2017-01-30,4PM,9,2,7,927
2017-01-30,9PM,7,1,6,716
2017-01-31,11AM,4,6,5,465
2017-01-31,4PM,9,1,2,912
2017-01-31,9PM,2,1,9,219
2017-02-01,11AM,2,5,1,251
2017-02-01,4PM,2,5,9,259
2017-02-01,9PM,2,8,7,287
2017-02-02,11AM,4,7,0,470
2017-02-02,4PM,3,5,1,351
2017-02-02,9PM,7,2,0,720
2017-02-03,11AM,9,0,3,903
2017-02-03,4PM,3,5,1,351
2017-02-03,9PM,3,6,6,366
2017-02-04,11AM,3,4,9,349
2017-02-04,4PM,0,9,9,099
2017-02-04,9PM,5,7,3,573
2017-02-05,11AM,4,9,2,492
2017-02-05,4PM,1,1,0,110
2017-02-05,9PM,7,1,8,718
2017-02-06,11AM,1,6,8,168
2017-02-06,4PM,5,7,6,576
2017-02-06,9PM,6,4,6,646
2017-02-07,11AM,1,0,1,101
2017-02-07,4PM,9,5,2,952
2017-02-07,9PM,6,5,3,653
2017-02-08,11AM,7,9,4,794
2017-02-08,4PM,3,9,9,399
2017-02-08,9PM,4,4,2,442
2017-02-09,11AM,1,8,7,187
2017-02-09,4PM,3,8,7,387
2017-02-09,9PM,3,1,6,316
2017-02-10,11AM,6,3,9,639
2017-02-10,4PM,3,3,6,336
2017-02-10,9PM,6,7,7,677
2017-02-11,11AM,8,8,6,886
2017-02-11,4PM,9,4,9,949
2017-02-11,9PM,5,4,6,546
2017-02-12,11AM,8,8,7,887
2017-02-12,4PM,2,3,9,239
2017-02-12,9PM,0,2,3,023
2017-02-13,11AM,9,1,8,918
2017-02-13,4PM,0,9,4,094
2017-02-13,9PM,2,8,3,283
2017-02-14,11AM,0,7,0,070
2017-02-14,4PM,1,8,5,185
2017-02-14,9PM,5,4,4,544
2017-02-15,11AM,6,7,6,676
2017-02-15,4PM,1,9,3,193
2017-02-15,9PM,0,8,8,088
2017-02-16,11AM,6,3,0,630
2017-02-16,4PM,1,0,6,106
2017-02-16,9PM,5,6,7,567
2017-02-17,11AM,0,0,6,006
2017-02-17,4PM,5,1,2,512
2017-02-17,9PM,2,5,0,250
2017-02-18,11AM,3,1,8,318
2017-02-18,4PM,7,6,5,765
2017-02-18,9PM,0,7,6,076
2017-02-19,11AM,6,2,9,629
2017-02-19,4PM,5,5,0,550
2017-02-19,9PM,8,7,9,879
2017-02-20,11AM,3,2,9,329
2017-02-20,4PM,2,6,2,262
2017-02-20,9PM,0,2,9,029
2017-02-21,11AM,9,1,3,913
2017-02-21,4PM,5,8,6,586
2017-02-21,9PM,8,1,9,819
2017-02-22,11AM,5,7,6,576
2017-02-22,4PM,0,5,9,059
2017-02-22,9PM,7,5,7,757
2017-02-23,11AM,3,0,3,303
2017-02-23,4PM,8,0,5,805
2017-02-23,9PM,8,6,0,860
2017-02-24,11AM,4,8,6,486
2017-02-24,4PM,4,6,6,466
2017-02-24,9PM,6,8,6,686
2017-02-25,11AM,1,2,6,126
2017-02-25,4PM,6,7,1,671
2017-02-25,9PM,8,5,0,850
2017-02-26,11AM,0,0,6,006
2017-02-26,4PM,5,2,5,525
2017-02-26,9PM,2,4,2,242
2017-02-27,11AM,4,8,6,486
2017-02-27,4PM,2,8,1,281
2017-02-27,9PM,4,0,8,408
2017-02-28,11AM,6,7,6,676
2017-02-28,4PM,9,4,7,947
2017-02-28,9PM,7,4,6,746
2017-03-01,11AM,6,5,6,656
2017-03-01,4PM,8,3,7,837
2017-03-01,9PM,2,9,5,295
2017-03-02,11AM,0,1,3,013
2017-03-02,4PM,4,5,2,452
2017-03-02,9PM,8,7,2,872
2017-03-03,11AM,8,9,7,897
2017-03-03,4PM,2,2,3,223
2017-03-03,9PM,4,4,5,445
2017-03-04,11AM,6,8,5,685
2017-03-04,4PM,2,2,5,225
2017-03-04,9PM,0,9,9,099
2017-03-05,11AM,8,2,8,828
2017-03-05,4PM,6,3,0,630
2017-03-05,9PM,8,6,2,862
2017-03-06,11AM,4,5,2,452
2017-03-06,4PM,8,2,6,826
2017-03-06,9PM,6,9,8,698
2017-03-07,11AM,3,0,8,308
2017-03-07,4PM,9,9,9,999
2017-03-07,9PM,4,9,4,494
2017-03-08,11AM,3,5,4,354
2017-03-08,4PM,6,1,1,611
2017-03-08,9PM,1,5,3,153
2017-03-09,11AM,0,0,8,008
2017-03-09,4PM,4,6,2,462
2017-03-09,9PM,0,5,2,052
2017-03-10,11AM,1,2,1,121
2017-03-10,4PM,3,0,6,306
2017-03-10,9PM,5,2,5,525
2017-03-11,11AM,4,7,1,471
2017-03-11,4PM,3,9,8,398
2017-03-11,9PM,5,7,7,577
2017-03-12,11AM,4,1,8,418
2017-03-12,4PM,1,2,5,125
2017-03-12,9PM,8,8,1,881
2017-03-13,11AM,2,6,9,269
2017-03-13,4PM,4,3,8,438
2017-03-13,9PM,0,5,6,056
2017-03-14,11AM,5,9,8,598
2017-03-14,4PM,3,7,4,374
2017-03-14,9PM,4,7,6,476
2017-03-15,11AM,0,7,2,072
2017-03-15,4PM,8,7,9,879
2017-03-15,9PM,1,5,2,152
2017-03-16,11AM,4,8,1,481
2017-03-16,4PM,5,5,6,556
2017-03-16,9PM,4,6,8,468
2017-03-17,11AM,7,8,5,785
2017-03-17,4PM,7,2,1,721
2017-03-17,9PM,7,2,7,727
2017-03-18,11AM,9,6,5,965
2017-03-18,4PM,5,2,4,524
2017-03-18,9PM,1,2,6,126
2017-03-19,11AM,7,3,3,733
2017-03-19,4PM,6,8,1,681
2017-03-19,9PM,4,7,5,475
2017-03-20,11AM,2,7,8,278
2017-03-20,4PM,1,7,5,175
2017-03-20,9PM,1,4,7,147
2017-03-21,11AM,9,1,1,911
2017-03-21,4PM,9,2,8,928
2017-03-21,9PM,4,2,9,429
2017-03-22,11AM,4,4,8,448
2017-03-22,4PM,0,2,1,021
2017-03-22,9PM,5,0,7,507
2017-03-23,11AM,9,1,3,913
2017-03-23,4PM,3,7,2,372
2017-03-23,9PM,7,0,5,705
2017-03-24,11AM,1,2,6,126
2017-03-24,4PM,7,8,9,789
2017-03-24,9PM,2,5,8,258
2017-03-25,11AM,6,3,2,632
2017-03-25,4PM,4,0,3,403
2017-03-25,9PM,2,7,9,279
2017-03-26,11AM,9,1,1,911
2017-03-26,4PM,1,0,9,109
2017-03-26,9PM,7,6,2,762
2017-03-27,11AM,9,3,2,932
2017-03-27,4PM,2,7,6,276
2017-03-27,9PM,8,8,5,885
2017-03-28,11AM,9,7,6,976
2017-03-28,4PM,8,6,1,861
2017-03-28,9PM,3,2,1,321
2017-03-29,11AM,3,6,4,364
2017-03-29,4PM,4,2,7,427
2017-03-29,9PM,1,0,8,108
2017-03-30,11AM,8,9,4,894
2017-03-30,4PM,0,0,8,008
2017-03-30,9PM,3,6,5,365
2017-03-31,11AM,2,2,0,220
2017-03-31,4PM,2,4,7,247
2017-03-31,9PM,9,4,5,945
2017-04-01,11AM,3,5,8,358
2017-04-01,4PM,2,8,2,282
2017-04-01,9PM,6,8,2,682
2017-04-02,11AM,0,0,3,003
2017-04-02,4PM,3,6,6,366
2017-04-02,9PM,5,0,6,506
2017-04-03,11AM,1,1,1,111
2017-04-03,4PM,1,4,9,149
2017-04-03,9PM,0,4,4,044
2017-04-04,11AM,8,6,3,863
2017-04-04,4PM,9,9,5,995
2017-04-04,9PM,4,7,9,479
2017-04-05,11AM,2,3,7,237
2017-04-05,4PM,9,0,7,907
2017-04-05,9PM,6,5,8,658
2017-04-06,11AM,6,2,1,621
2017-04-06,4PM,4,2,1,421
2017-04-06,9PM,5,4,5,545
2017-04-07,11AM,0,5,9,059
2017-04-07,4PM,6,2,2,622
2017-04-07,9PM,1,5,0,150
2017-04-08,11AM,0,4,8,048
2017-04-08,4PM,5,4,4,544
2017-04-08,9PM,4,0,7,407
2017-04-09,11AM,8,1,4,814
2017-04-09,4PM,0,2,9,029
2017-04-09,9PM,4,1,6,416
2017-04-10,11AM,0,4,9,049
2017-04-10,4PM,2,2,3,223
2017-04-10,9PM,5,2,5,525
2017-04-11,11AM,8,7,3,873
2017-04-11,4PM,9,4,0,940
2017-04-11,9PM,2,7,2,272
2017-04-12,11AM,5,0,9,509
2017-04-12,4PM,5,3,7,537
2017-04-12,9PM,1,6,9,169
2017-04-17,11AM,8,3,8,838
2017-04-17,4PM,6,9,1,691
2017-04-17,9PM,4,2,1,421
2017-04-18,11AM,6,6,7,667
2017-04-18,4PM,8,3,0,830
2017-04-18,9PM,2,7,7,277
2017-04-19,11AM,1,4,3,143
2017-04-19,4PM,4,7,5,475
2017-04-19,9PM,0,5,5,055
2017-04-20,11AM,5,0,3,503
2017-04-20,4PM,3,3,4,334
2017-04-20,9PM,0,2,1,021
2017-04-21,11AM,0,4,3,043
2017-04-21,4PM,0,7,6,076
2017-04-21,9PM,2,8,2,282
2017-04-22,11AM,5,1,5,515
2017-04-22,4PM,7,1,3,713
2017-04-22,9PM,6,0,1,601
2017-04-23,11AM,6,4,2,642
2017-04-23,4PM,6,4,0,640
2017-04-23,9PM,4,0,4,404
2017-04-24,11AM,8,7,1,871
2017-04-24,4PM,8,0,8,808
2017-04-24,9PM,2,2,9,229
2017-04-25,11AM,9,4,2,942
2017-04-25,4PM,2,2,7,227
2017-04-25,9PM,6,2,0,620
2017-04-26,11AM,0,4,7,047
2017-04-26,4PM,6,7,8,678
2017-04-26,9PM,7,4,4,744
2017-04-27,11AM,0,2,8,028
2017-04-27,4PM,0,3,1,031
2017-04-27,9PM,8,9,0,890
2017-04-28,11AM,1,9,7,197
2017-04-28,4PM,7,0,4,704
2017-04-28,9PM,0,0,3,003
2017-04-29,11AM,7,2,5,725
2017-04-29,4PM,9,2,2,922
2017-04-29,9PM,1,7,0,170
2017-04-30,11AM,5,8,0,580
2017-04-30,4PM,5,8,8,588
2017-04-30,9PM,2,8,5,285
2017-05-01,11AM,6,3,2,632
2017-05-01,4PM,0,8,7,087
2017-05-01,9PM,4,8,8,488
2017-05-02,11AM,5,0,2,502
2017-05-02,4PM,4,2,5,425
2017-05-02,9PM,1,1,3,113
2017-05-03,11AM,1,9,2,192
2017-05-03,4PM,1,1,2,112
2017-05-03,9PM,0,3,7,037
2017-05-04,11AM,9,0,0,900
2017-05-04,4PM,2,2,7,227
2017-05-04,9PM,8,5,4,854
2017-05-05,11AM,2,1,0,210
2017-05-05,4PM,0,6,1,061
2017-05-05,9PM,2,8,6,286
2017-05-06,11AM,1,2,1,121
2017-05-06,4PM,5,9,2,592
2017-05-06,9PM,2,4,8,248
2017-05-07,11AM,8,0,7,807
2017-05-07,4PM,4,9,5,495
2017-05-07,9PM,8,3,0,830
2017-05-08,11AM,0,4,4,044
2017-05-08,4PM,5,5,7,557
2017-05-08,9PM,2,5,0,250
2017-05-09,11AM,9,6,1,961
2017-05-09,4PM,7,0,9,709
2017-05-09,9PM,7,4,7,747
2017-05-10,11AM,8,8,9,889
2017-05-10,4PM,0,1,7,017
2017-05-10,9PM,7,4,7,747
2017-05-11,11AM,6,5,2,652
2017-05-11,4PM,3,3,9,339
2017-05-11,9PM,3,2,3,323
2017-05-12,11AM,9,3,6,936
2017-05-12,4PM,6,9,6,696
2017-05-12,9PM,3,8,1,381
2017-05-13,11AM,3,8,2,382
2017-05-13,4PM,3,4,7,347
2017-05-13,9PM,3,6,9,369
2017-05-14,11AM,1,4,7,147
2017-05-14,4PM,3,4,5,345
2017-05-14,9PM,6,9,6,696
2017-05-15,11AM,1,2,2,122
2017-05-15,4PM,1,8,7,187
2017-05-15,9PM,9,7,1,971
2017-05-16,11AM,8,9,5,895
2017-05-16,4PM,3,8,4,384
2017-05-16,9PM,7,7,5,775
2017-05-17,11AM,8,8,9,889
2017-05-17,4PM,4,1,4,414
2017-05-17,9PM,7,0,3,703
2017-05-18,11AM,5,0,8,508
2017-05-18,4PM,6,6,1,661
2017-05-18,9PM,6,9,0,690
2017-05-19,11AM,5,5,2,552
2017-05-19,4PM,2,2,9,229
2017-05-19,9PM,8,2,4,824
2017-05-20,11AM,8,9,3,893
2017-05-20,4PM,9,5,5,955
2017-05-20,9PM,6,0,9,609
2017-05-21,11AM,9,7,9,979
2017-05-21,4PM,5,3,8,538
2017-05-21,9PM,7,2,1,721
2017-05-22,11AM,9,5,8,958
2017-05-22,4PM,8,9,5,895
2017-05-22,9PM,2,0,2,202
2017-05-23,11AM,6,2,9,629
2017-05-23,4PM,0,8,9,089
2017-05-23,9PM,0,5,3,053
2017-05-24,11AM,2,9,0,290
2017-05-24,4PM,9,9,9,999
2017-05-24,9PM,9,7,3,973
2017-05-25,11AM,9,3,4,934
2017-05-25,4PM,3,5,6,356
2017-05-25,9PM,1,4,8,148
2017-05-26,11AM,9,6,3,963
2017-05-26,4PM,9,5,3,953
2017-05-26,9PM,7,3,1,731
2017-05-27,11AM,2,3,3,233
2017-05-27,4PM,2,4,6,246
2017-05-27,9PM,7,4,6,746
2017-05-28,11AM,8,5,0,850
2017-05-28,4PM,4,1,0,410
2017-05-28,9PM,1,3,3,133
2017-05-29,11AM,9,3,1,931
2017-05-29,4PM,4,3,6,436
2017-05-29,9PM,8,6,8,868
2017-05-30,11AM,4,4,4,444
2017-05-30,4PM,0,1,7,017
2017-05-30,9PM,7,4,7,747
2017-05-31,11AM,5,2,2,522
2017-05-31,4PM,1,6,0,160
2017-05-31,9PM,0,4,8,048
2017-06-01,11AM,8,7,0,870
2017-06-01,4PM,0,1,3,013
2017-06-01,9PM,7,9,9,799
2017-06-02,11AM,6,4,1,641
2017-06-02,4PM,8,3,5,835
2017-06-02,9PM,3,5,4,354
2017-06-03,11AM,9,5,2,952
2017-06-03,4PM,4,0,6,406
2017-06-03,9PM,9,4,3,943
2017-06-04,11AM,1,5,4,154
2017-06-04,4PM,0,2,1,021
2017-06-04,9PM,1,7,9,179
2017-06-05,11AM,4,6,2,462
2017-06-05,4PM,5,8,0,580
2017-06-05,9PM,3,8,1,381
2017-06-06,11AM,7,7,1,771
2017-06-06,4PM,5,7,4,574
2017-06-06,9PM,6,6,3,663
2017-06-07,11AM,0,2,3,023
2017-06-07,4PM,4,6,3,463
2017-06-07,9PM,9,0,6,906
2017-06-08,11AM,7,7,3,773
2017-06-08,4PM,6,4,0,640
2017-06-08,9PM,5,7,9,579
2017-06-09,11AM,3,5,7,357
2017-06-09,4PM,7,3,6,736
2017-06-09,9PM,0,8,4,084
2017-06-10,11AM,8,4,7,847
2017-06-10,4PM,6,4,7,647
2017-06-10,9PM,6,8,7,687
2017-06-11,11AM,8,4,0,840
2017-06-11,4PM,4,9,8,498
2017-06-11,9PM,0,0,2,002
2017-06-12,11AM,1,5,0,150
2017-06-12,4PM,1,8,3,183
2017-06-12,9PM,4,0,2,402
2017-06-13,11AM,7,2,7,727
2017-06-13,4PM,7,9,4,794
2017-06-13,9PM,1,2,1,121
2017-06-14,11AM,9,7,5,975
2017-06-14,4PM,7,4,4,744
2017-06-14,9PM,0,8,6,086
2017-06-15,11AM,9,1,9,919
2017-06-15,4PM,1,4,7,147
2017-06-15,9PM,0,2,2,022
2017-06-16,11AM,3,4,9,349
2017-06-16,4PM,0,7,7,077
2017-06-16,9PM,7,4,3,743
2017-06-17,11AM,2,0,3,203
2017-06-17,4PM,9,8,3,983
2017-06-17,9PM,6,7,8,678
2017-06-18,11AM,7,1,1,711
2017-06-18,4PM,7,7,9,779
2017-06-18,9PM,4,4,1,441
2017-06-19,11AM,8,5,4,854
2017-06-19,4PM,2,1,4,214
2017-06-19,9PM,6,7,8,678
2017-06-20,11AM,2,0,6,206
2017-06-20,4PM,5,0,2,502
2017-06-20,9PM,0,8,8,088
2017-06-21,11AM,0,8,8,088
2017-06-21,4PM,5,2,0,520
2017-06-21,9PM,8,3,2,832
2017-06-22,11AM,6,1,8,618
2017-06-22,4PM,6,5,0,650
2017-06-22,9PM,2,0,5,205
2017-06-23,11AM,6,2,3,623
2017-06-23,4PM,2,3,2,232
2017-06-23,9PM,8,5,6,856
2017-06-24,11AM,2,9,7,297
2017-06-24,4PM,9,4,6,946
2017-06-24,9PM,8,9,4,894
2017-06-25,11AM,2,2,4,224
2017-06-25,4PM,9,9,3,993
2017-06-25,9PM,0,6,4,064
2017-06-26,11AM,2,4,2,242
2017-06-26,4PM,4,4,7,447
2017-06-26,9PM,6,2,9,629
2017-06-27,11AM,1,7,2,172
2017-06-27,4PM,7,3,0,730
2017-06-27,9PM,2,3,9,239
2017-06-28,11AM,3,7,5,375
2017-06-28,4PM,4,5,3,453
2017-06-28,9PM,4,6,7,467
2017-06-29,11AM,4,2,1,421
2017-06-29,4PM,6,1,9,619
2017-06-29,9PM,6,8,3,683
2017-06-30,11AM,5,0,2,502
2017-06-30,4PM,5,8,6,586
2017-06-30,9PM,9,7,0,970
2017-07-01,11AM,3,0,8,308
2017-07-01,4PM,8,9,1,891
2017-07-01,9PM,6,2,7,627
2017-07-02,11AM,5,5,5,555
2017-07-02,4PM,2,8,9,289
2017-07-02,9PM,8,1,6,816
2017-07-03,11AM,9,2,1,921
2017-07-03,4PM,6,6,6,666
2017-07-03,9PM,6,4,4,644
2017-07-04,11AM,2,2,7,227
2017-07-04,4PM,2,9,1,291
2017-07-04,9PM,9,0,8,908
2017-07-05,11AM,5,6,5,565
2017-07-05,4PM,4,8,3,483
2017-07-05,9PM,9,1,2,912
2017-07-06,11AM,1,8,3,183
2017-07-06,4PM,9,1,3,913
2017-07-06,9PM,9,8,8,988
2017-07-07,11AM,4,6,3,463
2017-07-07,4PM,9,7,0,970
2017-07-07,9PM,4,0,5,405
2017-07-08,11AM,1,7,2,172
2017-07-08,4PM,4,4,2,442
2017-07-08,9PM,7,5,9,759
2017-07-09,11AM,0,1,7,017
2017-07-09,4PM,7,5,5,755
2017-07-09,9PM,3,3,8,338
2017-07-10,11AM,2,9,8,298
2017-07-10,4PM,2,2,3,223
2017-07-10,9PM,5,1,3,513
2017-07-11,11AM,6,1,2,612
2017-07-11,4PM,0,9,9,099
2017-07-11,9PM,5,5,1,551
2017-07-12,11AM,1,6,3,163
2017-07-12,4PM,0,7,3,073
2017-07-12,9PM,5,0,9,509
2017-07-13,11AM,8,0,8,808
2017-07-13,4PM,5,4,2,542
2017-07-13,9PM,4,6,8,468
2017-07-14,11AM,5,4,3,543
2017-07-14,4PM,7,7,3,773
2017-07-14,9PM,2,3,3,233
2017-07-15,11AM,7,2,7,727
2017-07-15,4PM,3,7,0,370
2017-07-15,9PM,8,9,3,893
2017-07-16,11AM,2,5,0,250
2017-07-16,4PM,1,3,8,138
2017-07-16,9PM,7,2,9,729
2017-07-17,11AM,7,1,4,714
2017-07-17,4PM,2,1,0,210
2017-07-17,9PM,0,2,7,027
2017-07-18,11AM,1,6,0,160
2017-07-18,4PM,9,5,7,957
2017-07-18,9PM,2,6,5,265
2017-07-19,11AM,8,8,1,881
2017-07-19,4PM,5,9,9,599
2017-07-19,9PM,4,7,4,474
2017-07-20,11AM,6,2,3,623
2017-07-20,4PM,8,0,1,801
2017-07-20,9PM,6,0,4,604
2017-07-21,11AM,7,3,0,730
2017-07-21,4PM,5,2,5,525
2017-07-21,9PM,0,9,3,093
2017-07-22,11AM,8,1,7,817
2017-07-22,4PM,5,8,6,586
2017-07-22,9PM,2,6,7,267
2017-07-23,11AM,1,5,3,153
2017-07-23,4PM,8,0,6,806
2017-07-23,9PM,3,4,0,340
2017-07-24,11AM,7,7,4,774
2017-07-24,4PM,6,4,1,641
2017-07-24,9PM,5,0,1,501
2017-07-25,11AM,9,0,2,902
2017-07-25,4PM,3,3,9,339
2017-07-25,9PM,8,3,6,836
2017-07-26,11AM,7,8,1,781
2017-07-26,4PM,8,3,2,832
2017-07-26,9PM,6,6,3,663
2017-07-27,11AM,3,8,9,389
2017-07-27,4PM,6,1,3,613
2017-07-27,9PM,5,1,8,518
2017-07-28,11AM,8,2,1,821
2017-07-28,4PM,7,6,8,768
2017-07-28,9PM,5,1,9,519
2017-07-29,11AM,9,1,8,918
2017-07-29,4PM,0,1,3,013
2017-07-29,9PM,0,7,9,079
2017-07-30,11AM,0,0,3,003
2017-07-30,4PM,0,0,1,001
2017-07-30,9PM,0,9,2,092
2017-07-31,11AM,7,2,8,728
2017-07-31,4PM,3,9,9,399
2017-07-31,9PM,3,4,4,344
2017-08-01,11AM,9,7,7,977
2017-08-01,4PM,2,2,9,229
2017-08-01,9PM,5,5,8,558
2017-08-02,11AM,9,1,9,919
2017-08-02,4PM,1,8,7,187
2017-08-02,9PM,3,1,2,312
2017-08-03,11AM,8,7,2,872
2017-08-03,4PM,9,4,5,945
2017-08-03,9PM,1,1,7,117
2017-08-04,11AM,7,9,1,791
2017-08-04,4PM,0,0,7,007
2017-08-04,9PM,9,0,5,905
2017-08-05,11AM,0,5,6,056
2017-08-05,4PM,3,3,3,333
2017-08-05,9PM,1,3,1,131
2017-08-06,11AM,3,8,7,387
2017-08-06,4PM,2,1,7,217
2017-08-06,9PM,7,0,0,700
2017-08-07,11AM,3,0,6,306
2017-08-07,4PM,0,6,4,064
2017-08-07,9PM,7,0,0,700
2017-08-08,11AM,3,2,2,322
2017-08-08,4PM,2,6,2,262
2017-08-08,9PM,5,4,1,541
2017-08-09,11AM,1,2,7,127
2017-08-09,4PM,9,3,7,937
2017-08-09,9PM,7,3,8,738
2017-08-10,11AM,9,9,5,995
2017-08-10,4PM,8,3,9,839
2017-08-10,9PM,9,3,3,933
2017-08-11,11AM,6,2,4,624
2017-08-11,4PM,4,3,3,433
2017-08-11,9PM,1,6,4,164
2017-08-12,11AM,7,0,4,704
2017-08-12,4PM,1,0,1,101
2017-08-12,9PM,7,6,6,766
2017-08-13,11AM,5,8,2,582
2017-08-13,4PM,0,1,8,018
2017-08-13,9PM,9,7,4,974
2017-08-14,11AM,1,2,8,128
2017-08-14,4PM,7,9,8,798
2017-08-14,9PM,6,6,2,662
2017-08-15,11AM,5,2,4,524
2017-08-15,4PM,6,5,0,650
2017-08-15,9PM,1,5,8,158
2017-08-16,11AM,8,3,4,834
2017-08-16,4PM,7,1,1,711
2017-08-16,9PM,2,7,2,272
2017-08-17,11AM,0,4,8,048
2017-08-17,4PM,1,6,4,164
2017-08-17,9PM,7,5,4,754
2017-08-18,11AM,2,4,2,242
2017-08-18,4PM,7,4,5,745
2017-08-18,9PM,5,2,6,526
2017-08-19,11AM,1,0,5,105
2017-08-19,4PM,1,9,8,198
2017-08-19,9PM,7,6,0,760
2017-08-20,11AM,5,9,4,594
2017-08-20,4PM,6,6,0,660
2017-08-20,9PM,2,6,6,266
2017-08-21,11AM,5,2,1,521
2017-08-21,4PM,4,1,1,411
2017-08-21,9PM,8,1,0,810
2017-08-22,11AM,2,3,5,235
2017-08-22,4PM,0,4,5,045
2017-08-22,9PM,9,9,8,998
2017-08-23,11AM,2,4,2,242
2017-08-23,4PM,2,8,8,288
2017-08-23,9PM,1,1,1,111
2017-08-24,11AM,5,4,4,544
2017-08-24,4PM,3,8,4,384
2017-08-24,9PM,9,9,9,999
2017-08-25,11AM,2,4,3,243
2017-08-25,4PM,3,2,1,321
2017-08-25,9PM,2,6,2,262
2017-08-26,11AM,1,0,3,103
2017-08-26,4PM,2,2,4,224
2017-08-26,9PM,5,0,2,502
2017-08-27,11AM,0,9,1,091
2017-08-27,4PM,7,2,3,723
2017-08-27,9PM,6,7,7,677
2017-08-28,11AM,2,7,5,275
2017-08-28,4PM,3,9,2,392
2017-08-28,9PM,0,8,7,087
2017-08-29,11AM,9,4,6,946
2017-08-29,4PM,1,3,4,134
2017-08-29,9PM,0,7,8,078
2017-08-30,11AM,5,0,1,501
2017-08-30,4PM,6,7,3,673
2017-08-30,9PM,3,4,8,348
2017-08-31,11AM,1,9,4,194
2017-08-31,4PM,0,5,3,053
2017-08-31,9PM,4,2,3,423
2017-09-01,11AM,8,9,6,896
2017-09-01,4PM,7,9,2,792
2017-09-01,9PM,6,4,1,641
2017-09-02,11AM,3,1,7,317
2017-09-02,4PM,6,6,5,665
2017-09-02,9PM,1,0,0,100
2017-09-03,11AM,1,2,3,123
2017-09-03,4PM,1,0,9,109
2017-09-03,9PM,8,9,8,898
2017-09-04,11AM,0,1,0,010
2017-09-04,4PM,2,1,3,213
2017-09-04,9PM,9,1,2,912
2017-09-05,11AM,6,1,0,610
2017-09-05,4PM,0,0,1,001
2017-09-05,9PM,8,5,7,857
2017-09-06,11AM,8,2,0,820
2017-09-06,4PM,9,3,5,935
2017-09-06,9PM,5,6,1,561
2017-09-07,11AM,3,1,0,310
2017-09-07,4PM,8,5,5,855
2017-09-07,9PM,3,7,7,377
2017-09-08,11AM,5,4,4,544
2017-09-08,4PM,4,6,4,464
2017-09-08,9PM,1,6,8,168
2017-09-09,11AM,1,5,6,156
2017-09-09,4PM,0,2,1,021
2017-09-09,9PM,8,4,2,842
2017-09-10,11AM,8,2,2,822
2017-09-10,4PM,0,7,3,073
2017-09-10,9PM,9,7,3,973
2017-09-11,11AM,0,4,4,044
2017-09-11,4PM,9,8,6,986
2017-09-11,9PM,6,1,9,619
2017-09-12,11AM,4,6,5,465
2017-09-12,4PM,5,2,9,529
2017-09-12,9PM,3,2,5,325
2017-09-13,11AM,5,2,5,525
2017-09-13,4PM,1,8,3,183
2017-09-13,9PM,4,2,0,420
2017-09-14,11AM,6,0,3,603
2017-09-14,4PM,9,6,8,968
2017-09-14,9PM,2,9,5,295
2017-09-15,11AM,4,1,7,417
2017-09-15,4PM,4,1,4,414
2017-09-15,9PM,3,1,3,313
2017-09-16,11AM,7,5,1,751
2017-09-16,4PM,5,2,4,524
2017-09-16,9PM,6,0,4,604
2017-09-17,11AM,6,8,1,681
2017-09-17,4PM,8,7,8,878
2017-09-17,9PM,2,4,5,245
2017-09-18,11AM,8,6,8,868
2017-09-18,4PM,3,7,1,371
2017-09-18,9PM,1,8,9,189
2017-09-19,11AM,9,2,9,929
2017-09-19,4PM,3,9,7,397
2017-09-19,9PM,4,1,7,417
2017-09-20,11AM,9,2,7,927
2017-09-20,4PM,6,8,0,680
2017-09-20,9PM,6,9,8,698
2017-09-21,11AM,3,2,3,323
2017-09-21,4PM,6,8,7,687
2017-09-21,9PM,5,6,2,562
2017-09-22,11AM,4,5,1,451
2017-09-22,4PM,0,5,2,052
2017-09-22,9PM,0,5,1,051
2017-09-23,11AM,8,1,3,813
2017-09-23,4PM,7,4,8,748
2017-09-23,9PM,3,6,9,369
2017-09-24,11AM,2,2,8,228
2017-09-24,4PM,7,3,8,738
2017-09-24,9PM,9,4,6,946
2017-09-25,11AM,1,0,2,102
2017-09-25,4PM,8,2,2,822
2017-09-25,9PM,7,8,1,781
2017-09-26,11AM,6,2,9,629
2017-09-26,4PM,9,4,9,949
2017-09-26,9PM,4,1,4,414
2017-09-27,11AM,4,9,6,496
2017-09-27,4PM,4,0,3,403
2017-09-27,9PM,9,7,5,975
2017-09-28,11AM,2,4,8,248
2017-09-28,4PM,8,5,5,855
2017-09-28,9PM,8,3,1,831
2017-09-29,11AM,5,6,0,560
2017-09-29,4PM,4,0,6,406
2017-09-29,9PM,1,2,9,129
2017-09-30,11AM,7,9,6,796
2017-09-30,4PM,5,5,8,558
2017-09-30,9PM,7,3,3,733
2017-10-01,11AM,5,0,6,506
2017-10-01,4PM,2,8,1,281
2017-10-01,9PM,4,7,3,473
2017-10-02,11AM,8,7,3,873
2017-10-02,4PM,7,3,1,731
2017-10-02,9PM,3,1,2,312
2017-10-03,11AM,8,0,4,804
2017-10-03,4PM,6,8,8,688
2017-10-03,9PM,2,1,6,216
2017-10-04,11AM,7,6,7,767
2017-10-04,4PM,2,6,9,269
2017-10-04,9PM,5,0,5,505
2017-10-05,11AM,0,3,0,030
2017-10-05,4PM,0,6,0,060
2017-10-05,9PM,6,8,9,689
2017-10-06,11AM,8,1,0,810
2017-10-06,4PM,2,7,4,274
2017-10-06,9PM,7,0,7,707
2017-10-07,11AM,8,4,6,846
2017-10-07,4PM,7,6,9,769
2017-10-07,9PM,8,5,5,855
2017-10-08,11AM,2,0,4,204
2017-10-08,4PM,0,3,4,034
2017-10-08,9PM,1,3,5,135
2017-10-09,11AM,8,5,8,858
2017-10-09,4PM,4,2,0,420
2017-10-09,9PM,5,7,1,571
2017-10-10,11AM,4,2,7,427
2017-10-10,4PM,4,8,1,481
2017-10-10,9PM,1,4,0,140
2017-10-11,11AM,1,0,1,101
2017-10-11,4PM,8,0,1,801
2017-10-11,9PM,1,0,0,100
2017-10-12,11AM,2,7,2,272
2017-10-12,4PM,3,5,8,358
2017-10-12,9PM,5,2,0,520
2017-10-13,11AM,2,0,9,209
2017-10-13,4PM,7,2,2,722
2017-10-13,9PM,6,0,4,604
2017-10-14,11AM,3,6,8,368
2017-10-14,4PM,2,8,7,287
2017-10-14,9PM,7,0,0,700
2017-10-15,11AM,0,2,2,022
2017-10-15,4PM,2,7,4,274
2017-10-15,9PM,5,7,4,574
2017-10-16,11AM,6,3,9,639
2017-10-16,4PM,7,5,5,755
2017-10-16,9PM,0,3,4,034
2017-10-17,11AM,1,2,3,123
2017-10-17,4PM,7,3,8,738
2017-10-17,9PM,5,8,8,588
2017-10-18,11AM,7,1,2,712
2017-10-18,4PM,6,8,7,687
2017-10-18,9PM,4,2,0,420
2017-10-19,11AM,0,1,2,012
2017-10-19,4PM,4,1,1,411
2017-10-19,9PM,4,2,4,424
2017-10-20,11AM,7,8,7,787
2017-10-20,4PM,0,9,0,090
2017-10-20,9PM,6,2,1,621
2017-10-21,11AM,5,4,0,540
2017-10-21,4PM,7,6,2,762
2017-10-21,9PM,2,3,8,238
2017-10-22,11AM,5,6,3,563
2017-10-22,4PM,7,7,2,772
2017-10-22,9PM,6,8,0,680
2017-10-23,11AM,0,6,1,061
2017-10-23,4PM,6,6,7,667
2017-10-23,9PM,2,5,3,253
2017-10-24,11AM,8,3,8,838
2017-10-24,4PM,7,9,1,791
2017-10-24,9PM,6,9,1,691
2017-10-25,11AM,2,3,7,237
2017-10-25,4PM,0,7,0,070
2017-10-25,9PM,7,3,0,730
2017-10-26,11AM,9,9,7,997
2017-10-26,4PM,8,8,5,885
2017-10-26,9PM,3,1,6,316
2017-10-27,11AM,1,2,4,124
2017-10-27,4PM,9,0,7,907
2017-10-27,9PM,8,6,4,864
2017-10-28,11AM,4,1,4,414
2017-10-28,4PM,3,0,7,307
2017-10-28,9PM,1,3,1,131
2017-10-29,11AM,0,5,7,057
2017-10-29,4PM,8,5,5,855
2017-10-29,9PM,2,9,8,298
2017-10-30,11AM,2,1,4,214
2017-10-30,4PM,5,9,4,594
2017-10-30,9PM,5,1,5,515
2017-10-31,11AM,7,8,8,788
2017-10-31,4PM,3,1,7,317
2017-10-31,9PM,0,7,2,072
2017-11-01,11AM,8,5,6,856
2017-11-01,4PM,5,6,8,568
2017-11-01,9PM,4,1,1,411
2017-11-02,11AM,0,7,3,073
2017-11-02,4PM,4,9,7,497
2017-11-02,9PM,7,2,4,724
2017-11-03,11AM,9,5,3,953
2017-11-03,4PM,9,4,5,945
2017-11-03,9PM,4,6,5,465
2017-11-04,11AM,0,4,7,047
2017-11-04,4PM,2,0,2,202
2017-11-04,9PM,8,5,8,858
2017-11-05,11AM,1,5,0,150
2017-11-05,4PM,5,7,6,576
2017-11-05,9PM,9,1,6,916
2017-11-06,11AM,6,0,6,606
2017-11-06,4PM,9,5,5,955
2017-11-06,9PM,2,1,9,219
2017-11-07,11AM,7,3,2,732
2017-11-07,4PM,9,7,2,972
2017-11-07,9PM,1,4,2,142
2017-11-08,11AM,8,3,9,839
2017-11-08,4PM,4,9,9,499
2017-11-08,9PM,0,6,0,060
2017-11-09,11AM,8,9,2,892
2017-11-09,4PM,8,4,5,845
2017-11-09,9PM,7,2,0,720
2017-11-10,11AM,8,9,1,891
2017-11-10,4PM,9,5,6,956
2017-11-10,9PM,7,2,2,722
2017-11-11,11AM,7,5,9,759
2017-11-11,4PM,7,7,8,778
2017-11-11,9PM,9,9,2,992
2017-11-12,11AM,7,3,4,734
2017-11-12,4PM,3,0,1,301
2017-11-12,9PM,6,3,6,636
2017-11-13,11AM,9,6,5,965
2017-11-13,4PM,6,0,8,608
2017-11-13,9PM,2,4,2,242
2017-11-14,11AM,6,4,3,643
2017-11-14,4PM,4,0,8,408
2017-11-14,9PM,0,8,3,083
2017-11-15,11AM,0,3,7,037
2017-11-15,4PM,3,4,3,343
2017-11-15,9PM,8,2,2,822
2017-11-16,11AM,7,7,0,770
2017-11-16,4PM,3,9,1,391
2017-11-16,9PM,3,9,8,398
2017-11-17,11AM,8,1,1,811
2017-11-17,4PM,8,1,7,817
2017-11-17,9PM,1,1,0,110
2017-11-18,11AM,1,6,8,168
2017-11-18,4PM,1,2,6,126
2017-11-18,9PM,0,3,4,034
2017-11-19,11AM,2,7,5,275
2017-11-19,4PM,7,6,3,763
2017-11-19,9PM,8,6,3,863
2017-11-20,11AM,6,6,0,660
2017-11-20,4PM,1,8,5,185
2017-11-20,9PM,7,7,4,774
2017-11-21,11AM,3,0,6,306
2017-11-21,4PM,5,2,5,525
2017-11-21,9PM,6,1,8,618
2017-11-22,11AM,4,9,5,495
2017-11-22,4PM,3,6,1,361
2017-11-22,9PM,5,7,7,577
2017-11-23,11AM,5,6,4,564
2017-11-23,4PM,6,2,1,621
2017-11-23,9PM,0,5,9,059
2017-11-24,11AM,2,0,2,202
2017-11-24,4PM,3,7,3,373
2017-11-24,9PM,3,6,7,367
2017-11-25,11AM,0,8,4,084
2017-11-25,4PM,1,4,3,143
2017-11-25,9PM,5,4,5,545
2017-11-26,11AM,8,4,2,842
2017-11-26,4PM,2,7,0,270
2017-11-26,9PM,7,4,1,741
2017-11-27,11AM,4,1,2,412
2017-11-27,4PM,7,4,4,744
2017-11-27,9PM,4,5,5,455
2017-11-28,11AM,4,5,5,455
2017-11-28,4PM,9,7,4,974
2017-11-28,9PM,9,1,9,919
2017-11-29,11AM,3,0,0,300
2017-11-29,4PM,3,2,7,327
2017-11-29,9PM,9,1,9,919
2017-11-30,11AM,0,5,6,056
2017-11-30,4PM,1,3,1,131
2017-11-30,9PM,1,9,3,193
2017-12-01,11AM,9,3,5,935
2017-12-01,4PM,8,7,4,874
2017-12-01,9PM,5,9,1,591
2017-12-02,11AM,6,6,8,668
2017-12-02,4PM,9,0,7,907
2017-12-02,9PM,6,9,9,699
2017-12-03,11AM,0,4,2,042
2017-12-03,4PM,7,9,8,798
2017-12-03,9PM,0,1,7,017
2017-12-04,11AM,5,8,5,585
2017-12-04,4PM,8,4,7,847
2017-12-04,9PM,4,5,8,458
2017-12-05,11AM,5,5,1,551
2017-12-05,4PM,5,9,3,593
2017-12-05,9PM,2,8,3,283
2017-12-06,11AM,4,1,6,416
2017-12-06,4PM,2,1,8,218
2017-12-06,9PM,1,4,0,140
2017-12-07,11AM,8,2,9,829
2017-12-07,4PM,5,4,4,544
2017-12-07,9PM,8,7,0,870
2017-12-08,11AM,9,1,1,911
2017-12-08,4PM,3,7,6,376
2017-12-08,9PM,0,8,1,081
2017-12-09,11AM,5,9,3,593
2017-12-09,4PM,7,8,8,788
2017-12-09,9PM,3,4,8,348
2017-12-10,11AM,8,2,7,827
2017-12-10,4PM,2,9,3,293
2017-12-10,9PM,5,7,3,573
2017-12-11,11AM,8,8,2,882
2017-12-11,4PM,2,7,5,275
2017-12-11,9PM,8,6,3,863
2017-12-12,11AM,8,1,4,814
2017-12-12,4PM,8,6,5,865
2017-12-12,9PM,4,5,5,455
2017-12-13,11AM,5,5,5,555
2017-12-13,4PM,2,0,1,201
2017-12-13,9PM,8,2,2,822
2017-12-14,11AM,6,4,6,646
2017-12-14,4PM,7,7,9,779
2017-12-14,9PM,5,9,3,593
2017-12-15,11AM,8,1,8,818
2017-12-15,4PM,5,4,6,546
2017-12-15,9PM,8,0,3,803
2017-12-16,11AM,4,3,7,437
2017-12-16,4PM,0,6,4,064
2017-12-16,9PM,9,6,2,962
2017-12-17,11AM,0,3,8,038
2017-12-17,4PM,6,5,6,656
2017-12-17,9PM,8,8,5,885
2017-12-18,11AM,1,6,1,161
2017-12-18,4PM,6,6,6,666
2017-12-18,9PM,4,0,2,402
2017-12-19,11AM,2,6,6,266
2017-12-19,4PM,2,0,0,200
2017-12-19,9PM,5,6,2,562
2017-12-20,11AM,5,9,5,595
2017-12-20,4PM,3,2,8,328
2017-12-20,9PM,1,4,6,146
2017-12-21,11AM,8,2,2,822
2017-12-21,4PM,0,3,6,036
2017-12-21,9PM,3,6,3,363
2017-12-22,11AM,0,2,0,020
2017-12-22,4PM,5,9,9,599
2017-12-22,9PM,6,2,0,620
2017-12-23,11AM,2,8,8,288
2017-12-23,4PM,1,5,4,154
2017-12-23,9PM,9,2,6,926
2017-12-24,11AM,9,9,6,996
2017-12-24,4PM,0,5,8,058
2017-12-24,9PM,7,5,3,753
2017-12-26,11AM,7,5,3,753
2017-12-26,4PM,1,4,4,144
2017-12-26,9PM,5,4,0,540
2017-12-27,11AM,8,2,4,824
2017-12-27,4PM,8,6,0,860
2017-12-27,9PM,2,8,4,284
2017-12-28,11AM,2,5,6,256
2017-12-28,4PM,4,3,6,436
2017-12-28,9PM,1,8,1,181
2017-12-29,11AM,2,2,6,226
2017-12-29,4PM,6,7,5,675
2017-12-29,9PM,5,0,7,507
2017-12-30,11AM,1,8,6,186
2017-12-30,4PM,1,2,2,122
2017-12-30,9PM,8,7,6,876
2017-12-31,11AM,6,5,1,651
2017-12-31,4PM,5,3,1,531
2017-12-31,9PM,0,9,5,095
2018-01-02,11AM,1,0,3,103
2018-01-02,4PM,5,9,3,593
2018-01-02,9PM,4,4,9,449
2018-01-03,11AM,7,5,0,750
2018-01-03,4PM,3,2,4,324
2018-01-03,9PM,2,6,8,268
2018-01-04,11AM,9,3,3,933
2018-01-04,4PM,7,1,9,719
2018-01-04,9PM,5,1,9,519
2018-01-05,11AM,2,5,0,250
2018-01-05,4PM,9,3,2,932
2018-01-05,9PM,2,1,3,213
2018-01-06,11AM,2,1,3,213
2018-01-06,4PM,5,5,6,556
2018-01-06,9PM,7,2,3,723
2018-01-07,11AM,8,3,1,831
2018-01-07,4PM,2,0,1,201
2018-01-07,9PM,4,6,1,461
2018-01-08,11AM,9,9,9,999
2018-01-08,4PM,3,2,7,327
2018-01-08,9PM,2,0,0,200
2018-01-09,11AM,7,2,5,725
2018-01-09,4PM,7,3,3,733
2018-01-09,9PM,6,5,5,655
2018-01-10,11AM,2,9,2,292
2018-01-10,4PM,1,9,2,192
2018-01-10,9PM,2,8,0,280
2018-01-11,11AM,9,7,0,970
2018-01-11,4PM,4,6,1,461
2018-01-11,9PM,7,8,3,783
2018-01-12,11AM,0,0,3,003
2018-01-12,4PM,4,1,1,411
2018-01-12,9PM,3,0,6,306
2018-01-13,11AM,9,9,4,994
2018-01-13,4PM,6,2,8,628
2018-01-13,9PM,4,2,4,424
2018-01-14,11AM,8,3,6,836
2018-01-14,4PM,0,4,2,042
2018-01-14,9PM,1,1,8,118
2018-01-15,11AM,9,8,2,982
2018-01-15,4PM,9,7,4,974
2018-01-15,9PM,4,7,9,479
2018-01-16,11AM,3,8,0,380
2018-01-16,4PM,9,9,4,994
2018-01-16,9PM,8,8,7,887
2018-01-17,11AM,3,3,5,335
2018-01-17,4PM,4,8,8,488
2018-01-17,9PM,5,2,1,521
2018-01-18,11AM,7,6,0,760
2018-01-18,4PM,6,8,6,686
2018-01-18,9PM,8,0,5,805
2018-01-19,11AM,5,3,1,531
2018-01-19,4PM,4,1,8,418
2018-01-19,9PM,0,4,7,047
2018-01-20,11AM,3,7,8,378
2018-01-20,4PM,4,2,4,424
2018-01-20,9PM,4,7,5,475
2018-01-21,11AM,1,6,6,166
2018-01-21,4PM,5,1,0,510
2018-01-21,9PM,2,8,8,288
2018-01-22,11AM,9,0,7,907
2018-01-22,4PM,3,3,5,335
2018-01-22,9PM,5,3,0,530
2018-01-23,11AM,8,0,1,801
2018-01-23,4PM,4,3,4,434
2018-01-23,9PM,6,5,8,658
2018-01-24,11AM,3,6,1,361
2018-01-24,4PM,3,4,3,343
2018-01-24,9PM,2,6,7,267
2018-01-25,11AM,3,8,6,386
2018-01-25,4PM,7,5,7,757
2018-01-25,9PM,2,1,4,214
2018-01-26,11AM,0,7,8,078
2018-01-26,4PM,2,2,1,221
2018-01-26,9PM,0,0,1,001
2018-01-27,11AM,9,3,4,934
2018-01-27,4PM,5,1,7,517
2018-01-27,9PM,3,8,4,384
2018-01-28,11AM,9,8,4,984
2018-01-28,4PM,2,0,0,200
2018-01-28,9PM,1,6,4,164
2018-01-29,11AM,9,9,8,998
2018-01-29,4PM,8,0,6,806
2018-01-29,9PM,3,1,2,312
2018-01-30,11AM,9,6,0,960
2018-01-30,4PM,0,5,2,052
2018-01-30,9PM,0,8,5,085
2018-01-31,11AM,2,6,5,265
2018-01-31,4PM,9,8,6,986
2018-01-31,9PM,0,0,1,001
2018-02-01,11AM,3,8,0,380
2018-02-01,4PM,0,6,5,065
2018-02-01,9PM,8,8,0,880
2018-02-02,11AM,5,7,8,578
2018-02-02,4PM,5,2,0,520
2018-02-02,9PM,8,5,5,855
2018-02-03,11AM,4,6,9,469
2018-02-03,4PM,9,2,5,925
2018-02-03,9PM,1,4,6,146
2018-02-04,11AM,3,1,3,313
2018-02-04,4PM,9,1,5,915
2018-02-04,9PM,9,6,7,967
2018-02-05,11AM,8,9,0,890
2018-02-05,4PM,9,2,5,925
2018-02-05,9PM,7,5,1,751
2018-02-06,11AM,1,8,1,181
2018-02-06,4PM,4,6,0,460
2018-02-06,9PM,4,8,2,482
2018-02-07,11AM,3,3,6,336
2018-02-07,4PM,0,3,7,037
2018-02-07,9PM,2,1,6,216
2018-02-08,11AM,1,3,8,138
2018-02-08,4PM,6,3,1,631
2018-02-08,9PM,8,5,6,856
2018-02-09,11AM,3,5,3,353
2018-02-09,4PM,2,0,2,202
2018-02-09,9PM,7,5,1,751
2018-02-10,11AM,1,9,7,197
2018-02-10,4PM,9,3,7,937
2018-02-10,9PM,9,7,4,974
2018-02-11,11AM,7,8,2,782
2018-02-11,4PM,6,1,7,617
2018-02-11,9PM,5,1,6,516
2018-02-12,11AM,7,7,8,778
2018-02-12,4PM,3,2,3,323
2018-02-12,9PM,9,1,9,919
2018-02-13,11AM,7,1,9,719
2018-02-13,4PM,5,6,9,569
2018-02-13,9PM,9,8,8,988
2018-02-14,11AM,6,1,5,615
2018-02-14,4PM,2,3,1,231
2018-02-14,9PM,9,4,1,941
2018-02-15,11AM,8,2,0,820
2018-02-15,4PM,0,2,0,020
2018-02-15,9PM,4,3,8,438
2018-02-16,11AM,2,0,9,209
2018-02-16,4PM,1,2,0,120
2018-02-16,9PM,0,0,8,008
2018-02-17,11AM,7,2,2,722
2018-02-17,4PM,1,3,5,135
2018-02-17,9PM,9,9,1,991
2018-02-18,11AM,5,0,6,506
2018-02-18,4PM,2,0,9,209
2018-02-18,9PM,8,7,6,876
2018-02-19,11AM,3,2,3,323
2018-02-19,4PM,8,2,8,828
2018-02-19,9PM,2,6,9,269
2018-02-20,11AM,6,0,6,606
2018-02-20,4PM,3,2,8,328
2018-02-20,9PM,3,7,7,377
2018-02-21,11AM,8,4,4,844
2018-02-21,4PM,1,1,1,111
2018-02-21,9PM,3,1,9,319
2018-02-22,11AM,8,8,0,880
2018-02-22,4PM,4,5,3,453
2018-02-22,9PM,3,8,7,387
2018-02-23,11AM,4,5,7,457
2018-02-23,4PM,1,6,6,166
2018-02-23,9PM,6,7,1,671
2018-02-24,11AM,8,5,2,852
2018-02-24,4PM,4,0,4,404
2018-02-24,9PM,8,4,2,842
2018-02-25,11AM,2,3,2,232
2018-02-25,4PM,5,6,4,564
2018-02-25,9PM,1,6,4,164
2018-02-26,11AM,0,3,5,035
2018-02-26,4PM,2,4,2,242
2018-02-26,9PM,0,9,6,096
2018-02-27,11AM,9,7,2,972
2018-02-27,4PM,3,3,0,330
2018-02-27,9PM,5,9,3,593
2018-02-28,11AM,1,6,3,163
2018-02-28,4PM,4,0,5,405
2018-02-28,9PM,0,1,1,011
2018-03-01,11AM,8,2,4,824
2018-03-01,4PM,4,5,1,451
2018-03-01,9PM,3,5,3,353
2018-03-02,11AM,2,0,7,207
2018-03-02,4PM,0,5,3,053
2018-03-02,9PM,2,3,6,236
2018-03-03,11AM,9,7,1,971
2018-03-03,4PM,4,1,0,410
2018-03-03,9PM,3,0,3,303
2018-03-04,11AM,5,2,3,523
2018-03-04,4PM,5,7,7,577
2018-03-04,9PM,3,1,8,318
2018-03-05,11AM,2,4,4,244
2018-03-05,4PM,5,4,9,549
2018-03-05,9PM,3,8,2,382
2018-03-06,11AM,1,0,5,105
2018-03-06,4PM,1,2,0,120
2018-03-06,9PM,5,1,5,515
2018-03-07,11AM,0,5,3,053
2018-03-07,4PM,9,9,0,990
2018-03-07,9PM,2,9,8,298
2018-03-08,11AM,1,0,5,105
2018-03-08,4PM,5,0,7,507
2018-03-08,9PM,8,0,8,808
2018-03-09,11AM,9,6,2,962
2018-03-09,4PM,9,6,5,965
2018-03-09,9PM,6,6,5,665
2018-03-10,11AM,5,6,3,563
2018-03-10,4PM,3,7,7,377
2018-03-10,9PM,3,3,9,339
2018-03-11,11AM,1,5,5,155
2018-03-11,4PM,8,5,1,851
2018-03-11,9PM,7,7,0,770
2018-03-12,11AM,7,0,0,700
2018-03-12,4PM,4,3,1,431
2018-03-12,9PM,8,0,6,806
2018-03-13,11AM,3,7,9,379
2018-03-13,4PM,9,6,9,969
2018-03-13,9PM,5,4,7,547
2018-03-14,11AM,4,5,8,458
2018-03-14,4PM,8,8,8,888
2018-03-14,9PM,3,4,5,345
2018-03-15,11AM,7,6,8,768
2018-03-15,4PM,1,6,6,166
2018-03-15,9PM,1,9,7,197
2018-03-16,11AM,6,8,3,683
2018-03-16,4PM,0,6,7,067
2018-03-16,9PM,0,5,7,057
2018-03-17,11AM,3,3,2,332
2018-03-17,4PM,2,9,0,290
2018-03-17,9PM,5,2,0,520
2018-03-18,11AM,2,2,5,225
2018-03-18,4PM,2,7,9,279
2018-03-18,9PM,8,7,4,874
2018-03-19,11AM,1,1,8,118
2018-03-19,4PM,8,9,7,897
2018-03-19,9PM,7,2,7,727
2018-03-20,11AM,1,6,9,169
2018-03-20,4PM,4,3,1,431
2018-03-20,9PM,0,9,8,098
2018-03-21,11AM,1,6,2,162
2018-03-21,4PM,0,0,7,007
2018-03-21,9PM,3,6,9,369
2018-03-22,11AM,1,4,5,145
2018-03-22,4PM,6,0,4,604
2018-03-22,9PM,6,0,4,604
2018-03-23,11AM,6,6,3,663
2018-03-23,4PM,3,7,9,379
2018-03-23,9PM,9,4,8,948
2018-03-24,11AM,5,6,1,561
2018-03-24,4PM,1,7,8,178
2018-03-24,9PM,3,9,4,394
2018-03-25,11AM,1,6,0,160
2018-03-25,4PM,2,5,2,252
2018-03-25,9PM,9,4,6,946
2018-03-26,11AM,1,9,0,190
2018-03-26,4PM,7,5,4,754
2018-03-26,9PM,6,4,7,647
2018-03-27,11AM,2,1,6,216
2018-03-27,4PM,5,6,1,561
2018-03-27,9PM,4,1,6,416
2018-03-28,11AM,3,3,9,339
2018-03-28,4PM,1,4,8,148
2018-03-28,9PM,3,1,3,313
2018-04-02,11AM,2,3,2,232
2018-04-02,4PM,0,1,7,017
2018-04-02,9PM,8,1,0,810
2018-04-03,11AM,3,2,5,325
2018-04-03,4PM,4,8,9,489
2018-04-03,9PM,3,8,0,380
2018-04-04,11AM,0,0,6,006
2018-04-04,4PM,3,4,7,347
2018-04-04,9PM,3,6,4,364
2018-04-05,11AM,3,0,7,307
2018-04-05,4PM,1,1,9,119
2018-04-05,9PM,9,9,2,992
2018-04-06,11AM,1,9,7,197
2018-04-06,4PM,5,4,2,542
2018-04-06,9PM,2,5,7,257
2018-04-07,11AM,6,7,4,674
2018-04-07,4PM,1,1,6,116
2018-04-07,9PM,9,6,4,964
2018-04-08,11AM,5,7,1,571
2018-04-08,4PM,1,0,0,100
2018-04-08,9PM,5,9,5,595
2018-04-09,11AM,8,8,6,886
2018-04-09,4PM,4,0,9,409
2018-04-09,9PM,9,2,1,921
2018-04-10,11AM,8,8,4,884
2018-04-10,4PM,0,5,6,056
2018-04-10,9PM,9,9,4,994
2018-04-11,11AM,8,5,0,850
2018-04-11,4PM,9,3,6,936
2018-04-11,9PM,9,8,1,981
2018-04-12,11AM,2,9,9,299
2018-04-12,4PM,6,0,7,607
2018-04-12,9PM,7,5,3,753
2018-04-13,11AM,6,3,0,630
2018-04-13,4PM,6,2,4,624
2018-04-13,9PM,4,4,3,443
2018-04-14,11AM,1,1,6,116
2018-04-14,4PM,2,2,1,221
2018-04-14,9PM,6,1,4,614
2018-04-15,11AM,3,0,1,301
2018-04-15,4PM,6,2,5,625
2018-04-15,9PM,8,7,9,879
2018-04-16,11AM,8,3,6,836
2018-04-16,4PM,5,5,9,559
2018-04-16,9PM,0,0,2,002
2018-04-17,11AM,3,2,0,320
2018-04-17,4PM,9,1,7,917
2018-04-17,9PM,7,0,9,709
2018-04-18,11AM,7,4,8,748
2018-04-18,4PM,7,2,7,727
2018-04-18,9PM,5,5,5,555
2018-04-19,11AM,8,7,9,879
2018-04-19,4PM,6,0,6,606
2018-04-19,9PM,1,3,1,131
2018-04-20,11AM,4,0,0,400
2018-04-20,4PM,6,9,5,695
2018-04-20,9PM,1,7,6,176
2018-04-21,11AM,8,6,7,867
2018-04-21,4PM,4,6,9,469
2018-04-21,9PM,4,1,4,414
2018-04-22,11AM,4,6,5,465
2018-04-22,4PM,2,4,5,245
2018-04-22,9PM,3,8,5,385
2018-04-23,11AM,0,2,4,024
2018-04-23,4PM,5,2,7,527
2018-04-23,9PM,2,1,0,210
2018-04-24,11AM,8,9,2,892
2018-04-24,4PM,9,6,2,962
2018-04-24,9PM,4,0,0,400
2018-04-25,11AM,1,2,3,123
2018-04-25,4PM,3,7,1,371
2018-04-25,9PM,8,9,4,894
2018-04-26,11AM,9,8,1,981
2018-04-26,4PM,0,5,1,051
2018-04-26,9PM,3,1,8,318
2018-04-27,11AM,9,4,0,940
2018-04-27,4PM,7,4,3,743
2018-04-27,9PM,9,9,4,994
2018-04-28,11AM,2,3,3,233
2018-04-28,4PM,8,1,8,818
2018-04-28,9PM,4,9,2,492
2018-04-29,11AM,3,5,7,357
2018-04-29,4PM,8,3,7,837
2018-04-29,9PM,6,6,2,662
2018-04-30,11AM,6,3,8,638
2018-04-30,4PM,3,6,2,362
2018-04-30,9PM,9,9,5,995
2018-05-01,11AM,5,0,9,509
2018-05-01,4PM,6,9,4,694
2018-05-01,9PM,6,5,7,657
2018-05-02,11AM,5,4,0,540
2018-05-02,4PM,8,1,0,810
2018-05-02,9PM,9,3,5,935
2018-05-03,11AM,3,9,8,398
2018-05-03,4PM,8,7,4,874
2018-05-03,9PM,8,1,3,813
2018-05-04,11AM,9,8,5,985
2018-05-04,4PM,7,1,4,714
2018-05-04,9PM,9,8,6,986
2018-05-05,11AM,0,9,1,091
2018-05-05,4PM,8,2,5,825
2018-05-05,9PM,6,9,3,693
2018-05-06,11AM,0,2,6,026
2018-05-06,4PM,2,8,9,289
2018-05-06,9PM,9,8,3,983
2018-05-07,11AM,7,5,3,753
2018-05-07,4PM,2,1,7,217
2018-05-07,9PM,1,3,3,133
2018-05-08,11AM,7,2,5,725
2018-05-08,4PM,6,0,5,605
2018-05-08,9PM,5,7,6,576
2018-05-09,11AM,0,0,4,004
2018-05-09,4PM,0,7,9,079
2018-05-09,9PM,1,4,0,140
2018-05-10,11AM,5,8,8,588
2018-05-10,4PM,8,1,4,814
2018-05-10,9PM,1,4,3,143
2018-05-11,11AM,9,5,3,953
2018-05-11,4PM,5,6,1,561
2018-05-11,9PM,2,6,2,262
2018-05-12,11AM,0,2,5,025
2018-05-12,4PM,6,8,2,682
2018-05-12,9PM,1,9,7,197
2018-05-13,11AM,0,4,6,046
2018-05-13,4PM,2,7,9,279
2018-05-13,9PM,7,6,7,767
2018-05-14,11AM,1,3,3,133
2018-05-14,4PM,8,1,8,818
2018-05-14,9PM,7,1,0,710
2018-05-15,11AM,5,1,9,519
2018-05-15,4PM,9,4,5,945
2018-05-15,9PM,4,7,5,475
2018-05-16,11AM,5,4,6,546
2018-05-16,4PM,8,3,0,830
2018-05-16,9PM,3,7,8,378
2018-05-17,11AM,8,4,6,846
2018-05-17,4PM,4,2,2,422
2018-05-17,9PM,0,5,2,052
2018-05-18,11AM,5,8,5,585
2018-05-18,4PM,3,2,1,321
2018-05-18,9PM,7,1,6,716
2018-05-19,11AM,5,8,9,589
2018-05-19,4PM,8,9,4,894
2018-05-19,9PM,8,8,8,888
2018-05-20,11AM,9,2,9,929
2018-05-20,4PM,2,6,6,266
2018-05-20,9PM,0,9,3,093
2018-05-21,11AM,4,2,6,426
2018-05-21,4PM,2,8,7,287
2018-05-21,9PM,2,3,9,239
2018-05-22,11AM,5,9,1,591
2018-05-22,4PM,9,6,1,961
2018-05-22,9PM,6,4,2,642
2018-05-23,11AM,9,8,4,984
2018-05-23,4PM,8,0,3,803
2018-05-23,9PM,9,8,1,981
2018-05-24,11AM,9,3,5,935
2018-05-24,4PM,5,8,6,586
2018-05-24,9PM,6,3,3,633
2018-05-25,11AM,5,4,3,543
2018-05-25,4PM,4,1,7,417
2018-05-25,9PM,8,0,5,805
2018-05-26,11AM,3,8,5,385
2018-05-26,4PM,1,7,8,178
2018-05-26,9PM,4,1,1,411
2018-05-27,11AM,6,6,8,668
2018-05-27,4PM,0,0,7,007
2018-05-27,9PM,1,1,2,112
2018-05-28,11AM,7,2,4,724
2018-05-28,4PM,7,9,4,794
2018-05-28,9PM,7,7,5,775
2018-05-29,11AM,8,9,0,890
2018-05-29,4PM,0,8,6,086
2018-05-29,9PM,2,9,7,297
2018-05-30,11AM,6,7,6,676
2018-05-30,4PM,5,7,3,573
2018-05-30,9PM,0,2,0,020
2018-05-31,11AM,8,8,4,884
2018-05-31,4PM,3,0,8,308
2018-05-31,9PM,3,8,8,388
2018-06-01,11AM,6,8,2,682
2018-06-01,4PM,3,4,7,347
2018-06-01,9PM,1,2,6,126
2018-06-02,11AM,0,8,6,086
2018-06-02,4PM,3,4,3,343
2018-06-02,9PM,0,0,9,009
2018-06-03,11AM,2,1,8,218
2018-06-03,4PM,7,2,3,723
2018-06-03,9PM,2,2,8,228
2018-06-04,11AM,0,8,3,083
2018-06-04,4PM,6,3,1,631
2018-06-04,9PM,4,6,4,464
2018-06-05,11AM,8,0,3,803
2018-06-05,4PM,8,7,2,872
2018-06-05,9PM,0,7,3,073
2018-06-06,11AM,7,0,1,701
2018-06-06,4PM,9,5,1,951
2018-06-06,9PM,1,3,0,130
2018-06-07,11AM,9,2,5,925
2018-06-07,4PM,5,6,9,569
2018-06-07,9PM,2,5,0,250
2018-06-08,11AM,0,4,8,048
2018-06-08,4PM,5,5,2,552
2018-06-08,9PM,5,1,3,513
2018-06-09,11AM,7,2,4,724
2018-06-09,4PM,0,6,6,066
2018-06-09,9PM,1,5,5,155
2018-06-10,11AM,9,1,8,918
2018-06-10,4PM,4,8,8,488
2018-06-10,9PM,4,7,5,475
2018-06-11,11AM,9,9,8,998
2018-06-11,4PM,0,0,7,007
2018-06-11,9PM,8,1,7,817
2018-06-12,11AM,8,4,4,844
2018-06-12,4PM,5,5,1,551
2018-06-12,9PM,0,4,9,049
2018-06-13,11AM,8,9,4,894
2018-06-13,4PM,0,1,4,014
2018-06-13,9PM,0,7,1,071
2018-06-14,11AM,9,2,6,926
2018-06-14,4PM,5,5,9,559
2018-06-14,9PM,3,8,0,380
2018-06-15,11AM,1,5,1,151
2018-06-15,4PM,7,0,2,702
2018-06-15,9PM,2,1,2,212
2018-06-16,11AM,5,4,5,545
2018-06-16,4PM,7,5,5,755
2018-06-16,9PM,7,6,9,769
2018-06-17,11AM,7,9,8,798
2018-06-17,4PM,2,2,4,224
2018-06-17,9PM,4,7,6,476
2018-06-18,11AM,8,5,2,852
2018-06-18,4PM,3,2,2,322
2018-06-18,9PM,7,0,4,704
2018-06-19,11AM,5,0,8,508
2018-06-19,4PM,0,1,0,010
2018-06-19,9PM,0,7,5,075
2018-06-20,11AM,3,5,2,352
2018-06-20,4PM,5,8,9,589
2018-06-20,9PM,6,4,3,643
2018-06-21,11AM,8,7,7,877
2018-06-21,4PM,1,8,6,186
2018-06-21,9PM,0,3,4,034
2018-06-22,11AM,9,7,7,977
2018-06-22,4PM,3,4,3,343
2018-06-22,9PM,3,2,0,320
2018-06-23,11AM,5,5,3,553
2018-06-23,4PM,2,7,0,270
2018-06-23,9PM,9,7,5,975
2018-06-24,11AM,2,8,8,288
2018-06-24,4PM,5,0,5,505
2018-06-24,9PM,1,2,5,125
2018-06-25,11AM,8,4,9,849
2018-06-25,4PM,8,3,3,833
2018-06-25,9PM,8,8,2,882
2018-06-26,11AM,7,3,9,739
2018-06-26,4PM,1,0,1,101
2018-06-26,9PM,7,7,2,772
2018-06-27,11AM,4,5,1,451
2018-06-27,4PM,6,8,2,682
2018-06-27,9PM,0,7,6,076
2018-06-28,11AM,4,9,5,495
2018-06-28,4PM,8,3,7,837
2018-06-28,9PM,5,3,4,534
2018-06-29,11AM,3,1,1,311
2018-06-29,4PM,7,1,4,714
2018-06-29,9PM,6,1,3,613
2018-06-30,11AM,9,3,5,935
2018-06-30,4PM,5,2,4,524
2018-06-30,9PM,5,2,4,524
2018-07-01,11AM,0,1,1,011
2018-07-01,4PM,4,2,1,421
2018-07-01,9PM,0,8,1,081
2018-07-02,11AM,9,7,1,971
2018-07-02,4PM,5,6,5,565
2018-07-02,9PM,7,8,6,786
2018-07-03,11AM,7,8,9,789
2018-07-03,4PM,3,0,7,307
2018-07-03,9PM,4,2,9,429
2018-07-04,11AM,7,3,9,739
2018-07-04,4PM,0,8,5,085
2018-07-04,9PM,0,7,7,077
2018-07-05,11AM,2,7,5,275
2018-07-05,4PM,7,8,0,780
2018-07-05,9PM,1,6,3,163
2018-07-06,11AM,9,3,0,930
2018-07-06,4PM,4,4,4,444
2018-07-06,9PM,2,3,1,231
2018-07-07,11AM,2,5,3,253
2018-07-07,4PM,9,3,6,936
2018-07-07,9PM,8,4,1,841
2018-07-08,11AM,4,4,2,442
2018-07-08,4PM,1,2,3,123
2018-07-08,9PM,7,1,3,713
2018-07-09,11AM,3,6,9,369
2018-07-09,4PM,8,4,8,848
2018-07-09,9PM,7,4,9,749
2018-07-10,11AM,7,1,1,711
2018-07-10,4PM,2,8,6,286
2018-07-10,9PM,2,3,3,233
2018-07-11,11AM,5,0,7,507
2018-07-11,4PM,5,1,0,510
2018-07-11,9PM,8,0,9,809
2018-07-12,11AM,2,5,8,258
2018-07-12,4PM,4,1,5,415
2018-07-12,9PM,2,5,5,255
2018-07-13,11AM,1,9,4,194
2018-07-13,4PM,7,0,5,705
2018-07-13,9PM,8,8,6,886
2018-07-14,11AM,8,0,4,804
2018-07-14,4PM,0,3,3,033
2018-07-14,9PM,4,3,4,434
2018-07-15,11AM,7,5,6,756
2018-07-15,4PM,3,8,5,385
2018-07-15,9PM,0,5,1,051
2018-07-16,11AM,7,2,6,726
2018-07-16,4PM,9,9,9,999
2018-07-16,9PM,5,6,9,569
2018-07-17,11AM,1,0,3,103
2018-07-17,4PM,0,0,7,007
2018-07-17,9PM,0,4,5,045
2018-07-18,11AM,5,4,0,540
2018-07-18,4PM,6,8,5,685
2018-07-18,9PM,2,0,7,207
2018-07-19,11AM,2,7,8,278
2018-07-19,4PM,5,2,8,528
2018-07-19,9PM,8,0,1,801
2018-07-20,11AM,8,3,1,831
2018-07-20,4PM,9,9,8,998
2018-07-20,9PM,5,0,6,506
2018-07-21,11AM,5,0,2,502
2018-07-21,4PM,7,7,8,778
2018-07-21,9PM,5,5,3,553
2018-07-22,11AM,4,5,3,453
2018-07-22,4PM,1,0,2,102
2018-07-22,9PM,0,1,7,017
2018-07-23,11AM,5,4,4,544
2018-07-23,4PM,1,7,3,173
2018-07-23,9PM,3,7,2,372
2018-07-24,11AM,6,3,6,636
2018-07-24,4PM,1,1,0,110
2018-07-24,9PM,9,4,4,944
2018-07-25,11AM,4,8,7,487
2018-07-25,4PM,6,7,9,679
2018-07-25,9PM,9,6,0,960
2018-07-26,11AM,5,4,5,545
2018-07-26,4PM,7,6,9,769
2018-07-26,9PM,4,4,1,441
2018-07-27,11AM,3,8,4,384
2018-07-27,4PM,1,8,1,181
2018-07-27,9PM,1,9,3,193
2018-07-28,11AM,7,3,8,738
2018-07-28,4PM,6,0,9,609
2018-07-28,9PM,5,2,9,529
2018-07-29,11AM,1,3,0,130
2018-07-29,4PM,7,5,3,753
2018-07-29,9PM,9,3,2,932
2018-07-30,11AM,2,2,2,222
2018-07-30,4PM,2,3,6,236
2018-07-30,9PM,7,1,2,712
2018-07-31,11AM,6,7,7,677
2018-07-31,4PM,2,4,3,243
2018-07-31,9PM,1,5,2,152
2018-08-01,11AM,3,4,5,345
2018-08-01,4PM,8,0,1,801
2018-08-01,9PM,3,8,6,386
2018-08-02,11AM,8,4,5,845
2018-08-02,4PM,4,3,5,435
2018-08-02,9PM,7,1,1,711
2018-08-03,11AM,5,7,8,578
2018-08-03,4PM,9,3,6,936
2018-08-03,9PM,8,3,7,837
2018-08-04,11AM,8,3,4,834
2018-08-04,4PM,2,4,8,248
2018-08-04,9PM,3,9,6,396
2018-08-05,11AM,3,9,8,398
2018-08-05,4PM,0,1,8,018
2018-08-05,9PM,0,4,7,047
2018-08-06,11AM,5,8,6,586
2018-08-06,4PM,7,0,2,702
2018-08-06,9PM,3,9,5,395
2018-08-07,11AM,0,9,4,094
2018-08-07,4PM,5,0,9,509
2018-08-07,9PM,9,8,9,989
2018-08-08,11AM,5,0,2,502
2018-08-08,4PM,9,7,4,974
2018-08-08,9PM,6,3,9,639
2018-08-09,11AM,9,5,7,957
2018-08-09,4PM,8,8,2,882
2018-08-09,9PM,1,3,2,132
2018-08-10,11AM,8,3,5,835
2018-08-10,4PM,2,0,9,209
2018-08-10,9PM,2,0,9,209
2018-08-11,11AM,7,5,7,757
2018-08-11,4PM,1,5,4,154
2018-08-11,9PM,8,7,3,873
2018-08-12,11AM,7,0,1,701
2018-08-12,4PM,2,2,8,228
2018-08-12,9PM,7,7,4,774
2018-08-13,11AM,2,8,3,283
2018-08-13,4PM,6,8,2,682
2018-08-13,9PM,9,1,5,915
2018-08-14,11AM,7,0,5,705
2018-08-14,4PM,5,7,2,572
2018-08-14,9PM,7,1,5,715
2018-08-15,11AM,1,6,9,169
2018-08-15,4PM,1,3,3,133
2018-08-15,9PM,0,2,3,023
2018-08-16,11AM,3,7,8,378
2018-08-16,4PM,0,3,8,038
2018-08-16,9PM,8,0,4,804
2018-08-17,11AM,7,9,4,794
2018-08-17,4PM,0,7,7,077
2018-08-17,9PM,6,4,4,644
2018-08-18,11AM,3,0,2,302
2018-08-18,4PM,8,1,3,813
2018-08-18,9PM,4,7,6,476
2018-08-19,11AM,7,9,1,791
2018-08-19,4PM,6,4,6,646
2018-08-19,9PM,9,6,0,960
2018-08-20,11AM,4,6,0,460
2018-08-20,4PM,6,7,4,674
2018-08-20,9PM,4,9,2,492
2018-08-21,11AM,8,8,6,886
2018-08-21,4PM,2,2,2,222
2018-08-21,9PM,8,0,1,801
2018-08-22,11AM,0,9,8,098
2018-08-22,4PM,2,1,9,219
2018-08-22,9PM,1,2,0,120
2018-08-23,11AM,5,0,3,503
2018-08-23,4PM,8,5,5,855
2018-08-23,9PM,5,4,1,541
2018-08-24,11AM,4,5,9,459
2018-08-24,4PM,1,2,3,123
2018-08-24,9PM,9,4,5,945
2018-08-25,11AM,2,9,9,299
2018-08-25,4PM,2,7,6,276
2018-08-25,9PM,9,0,5,905
2018-08-26,11AM,5,2,4,524
2018-08-26,4PM,1,8,3,183
2018-08-26,9PM,2,6,4,264
2018-08-27,11AM,4,6,4,464
2018-08-27,4PM,1,1,4,114
2018-08-27,9PM,4,5,7,457
2018-08-28,11AM,4,9,4,494
2018-08-28,4PM,0,0,0,000
2018-08-28,9PM,1,9,0,190
2018-08-29,11AM,5,0,6,506
2018-08-29,4PM,1,2,2,122
2018-08-29,9PM,2,6,5,265
2018-08-30,11AM,7,6,1,761
2018-08-30,4PM,8,3,9,839
2018-08-30,9PM,9,1,3,913
2018-08-31,11AM,3,8,5,385
2018-08-31,4PM,3,8,2,382
2018-08-31,9PM,5,9,2,592
2018-09-01,11AM,2,8,0,280
2018-09-01,4PM,8,3,0,830
2018-09-01,9PM,6,5,6,656
2018-09-02,11AM,5,7,9,579
2018-09-02,4PM,3,9,6,396
2018-09-02,9PM,1,5,4,154
2018-09-03,11AM,2,8,6,286
2018-09-03,4PM,5,7,6,576
2018-09-03,9PM,9,0,6,906
2018-09-04,11AM,1,2,0,120
2018-09-04,4PM,3,5,6,356
2018-09-04,9PM,4,1,9,419
2018-09-05,11AM,3,6,0,360
2018-09-05,4PM,6,0,7,607
2018-09-05,9PM,8,2,1,821
2018-09-06,11AM,0,9,0,090
2018-09-06,4PM,8,2,0,820
2018-09-06,9PM,5,6,1,561
2018-09-07,11AM,2,8,3,283
2018-09-07,4PM,9,6,1,961
2018-09-07,9PM,1,0,2,102
2018-09-08,11AM,7,8,2,782
2018-09-08,4PM,2,1,9,219
2018-09-08,9PM,1,3,5,135
2018-09-09,11AM,7,7,2,772
2018-09-09,4PM,1,5,2,152
2018-09-09,9PM,5,3,2,532
2018-09-10,11AM,5,7,0,570
2018-09-10,4PM,3,3,5,335
2018-09-10,9PM,5,4,0,540
2018-09-11,11AM,8,1,2,812
2018-09-11,4PM,4,0,4,404
2018-09-11,9PM,2,5,4,254
2018-09-12,11AM,5,1,3,513
2018-09-12,4PM,4,7,1,471
2018-09-12,9PM,2,2,9,229
2018-09-13,11AM,9,9,4,994
2018-09-13,4PM,8,0,7,807
2018-09-13,9PM,6,8,4,684
2018-09-14,11AM,0,1,9,019
2018-09-14,4PM,4,2,1,421
2018-09-14,9PM,8,0,1,801
2018-09-15,11AM,1,1,6,116
2018-09-15,4PM,4,7,0,470
2018-09-15,9PM,2,7,3,273
2018-09-16,11AM,3,8,2,382
2018-09-16,4PM,9,5,5,955
2018-09-16,9PM,9,9,7,997
2018-09-17,11AM,6,2,2,622
2018-09-17,4PM,2,3,6,236
2018-09-17,9PM,5,3,9,539
2018-09-18,11AM,5,2,6,526
2018-09-18,4PM,3,9,5,395
2018-09-18,9PM,9,0,3,903
2018-09-19,11AM,7,7,3,773
2018-09-19,4PM,7,1,1,711
2018-09-19,9PM,2,6,0,260
2018-09-20,11AM,7,4,7,747
2018-09-20,4PM,5,0,2,502
2018-09-20,9PM,2,2,8,228
2018-09-21,11AM,1,3,8,138
2018-09-21,4PM,0,5,6,056
2018-09-21,9PM,0,4,3,043
2018-09-22,11AM,7,0,5,705
2018-09-22,4PM,6,6,7,667
2018-09-22,9PM,0,0,9,009
2018-09-23,11AM,9,9,1,991
2018-09-23,4PM,2,5,8,258
2018-09-23,9PM,0,2,7,027
2018-09-24,11AM,1,4,5,145
2018-09-24,4PM,5,2,3,523
2018-09-24,9PM,0,9,5,095
2018-09-25,11AM,6,5,6,656
2018-09-25,4PM,7,3,1,731
2018-09-25,9PM,5,7,1,571
2018-09-26,11AM,8,9,9,899
2018-09-26,4PM,5,1,8,518
2018-09-26,9PM,4,6,3,463
2018-09-27,11AM,5,2,0,520
2018-09-27,4PM,8,7,4,874
2018-09-27,9PM,2,5,2,252
2018-09-28,11AM,0,3,8,038
2018-09-28,4PM,1,7,4,174
2018-09-28,9PM,0,1,9,019
2018-09-29,11AM,5,5,3,553
2018-09-29,4PM,8,4,4,844
2018-09-29,9PM,1,9,2,192
2018-09-30,11AM,9,0,0,900
2018-09-30,4PM,9,9,9,999
2018-09-30,9PM,8,9,0,890
2018-10-01,11AM,3,5,1,351
2018-10-01,4PM,9,6,8,968
2018-10-01,9PM,0,5,6,056
2018-10-02,11AM,2,2,1,221
2018-10-02,4PM,8,5,8,858
2018-10-02,9PM,2,9,5,295
2018-10-03,11AM,3,0,2,302
2018-10-03,4PM,9,3,0,930
2018-10-03,9PM,9,6,0,960
2018-10-04,11AM,0,8,1,081
2018-10-04,4PM,7,2,9,729
2018-10-04,9PM,5,4,3,543
2018-10-05,11AM,9,2,0,920
2018-10-05,4PM,6,2,1,621
2018-10-05,9PM,6,5,6,656
2018-10-06,11AM,4,6,7,467
2018-10-06,4PM,3,6,5,365
2018-10-06,9PM,5,6,4,564
2018-10-07,11AM,6,7,9,679
2018-10-07,4PM,0,8,8,088
2018-10-07,9PM,0,6,8,068
2018-10-08,11AM,0,7,7,077
2018-10-08,4PM,5,6,9,569
2018-10-08,9PM,6,0,3,603
2018-10-09,11AM,6,4,4,644
2018-10-09,4PM,3,5,7,357
2018-10-09,9PM,2,2,0,220
2018-10-10,11AM,6,5,2,652
2018-10-10,4PM,8,1,8,818
2018-10-10,9PM,2,9,1,291
2018-10-11,11AM,5,6,1,561
2018-10-11,4PM,4,9,4,494
2018-10-11,9PM,9,7,9,979
2018-10-12,11AM,0,9,4,094
2018-10-12,4PM,2,4,0,240
2018-10-12,9PM,4,8,6,486
2018-10-13,11AM,0,4,4,044
2018-10-13,4PM,4,9,1,491
2018-10-13,9PM,1,6,1,161
2018-10-14,11AM,8,4,4,844
2018-10-14,4PM,9,3,6,936
2018-10-14,9PM,6,0,1,601
2018-10-15,11AM,2,8,2,282
2018-10-15,4PM,7,5,1,751
2018-10-15,9PM,7,6,9,769
2018-10-16,11AM,0,2,8,028
2018-10-16,4PM,5,2,4,524
2018-10-16,9PM,7,7,2,772
2018-10-17,11AM,1,0,2,102
2018-10-17,4PM,4,8,7,487
2018-10-17,9PM,3,3,8,338
2018-10-18,11AM,9,3,2,932
2018-10-18,4PM,2,1,1,211
2018-10-18,9PM,7,9,5,795
2018-10-19,11AM,8,8,3,883
2018-10-19,4PM,4,4,1,441
2018-10-19,9PM,4,5,7,457
2018-10-20,11AM,9,7,5,975
2018-10-20,4PM,2,5,0,250
2018-10-20,9PM,3,1,6,316
2018-10-21,11AM,2,2,6,226
2018-10-21,4PM,6,5,6,656
2018-10-21,9PM,2,6,4,264
2018-10-22,11AM,0,0,1,001
2018-10-22,4PM,0,0,9,009
2018-10-22,9PM,1,5,3,153
2018-10-23,11AM,3,6,4,364
2018-10-23,4PM,4,6,6,466
2018-10-23,9PM,6,6,4,664
2018-10-24,11AM,9,6,9,969
2018-10-24,4PM,3,2,5,325
2018-10-24,9PM,0,8,0,080
2018-10-25,11AM,5,2,8,528
2018-10-25,4PM,0,8,7,087
2018-10-25,9PM,5,6,3,563
2018-10-26,11AM,7,0,6,706
2018-10-26,4PM,2,4,0,240
2018-10-26,9PM,8,8,9,889
2018-10-27,11AM,7,4,9,749
2018-10-27,4PM,7,5,8,758
2018-10-27,9PM,4,8,7,487
2018-10-28,11AM,4,5,3,453
2018-10-28,4PM,9,4,2,942
2018-10-28,9PM,1,5,0,150
2018-10-29,11AM,6,9,5,695
2018-10-29,4PM,2,6,2,262
2018-10-29,9PM,6,9,5,695
2018-10-30,11AM,5,6,9,569
2018-10-30,4PM,7,7,4,774
2018-10-30,9PM,1,2,7,127
2018-10-31,11AM,6,7,8,678
2018-10-31,4PM,5,4,7,547
2018-10-31,9PM,5,9,2,592
2018-11-01,11AM,5,4,4,544
2018-11-01,4PM,9,9,2,992
2018-11-01,9PM,3,3,5,335
2018-11-02,11AM,5,0,1,501
2018-11-02,4PM,4,5,5,455
2018-11-02,9PM,0,5,0,050
2018-11-03,11AM,8,1,7,817
2018-11-03,4PM,4,1,0,410
2018-11-03,9PM,9,5,3,953
2018-11-04,11AM,3,1,0,310
2018-11-04,4PM,0,6,3,063
2018-11-04,9PM,6,1,3,613
2018-11-05,11AM,0,7,9,079
2018-11-05,4PM,1,5,6,156
2018-11-05,9PM,7,2,5,725
2018-11-06,11AM,3,7,1,371
2018-11-06,4PM,8,5,9,859
2018-11-06,9PM,2,6,1,261
2018-11-07,11AM,8,5,0,850
2018-11-07,4PM,9,2,1,921
2018-11-07,9PM,4,2,3,423
2018-11-08,11AM,7,6,5,765
2018-11-08,4PM,8,2,6,826
2018-11-08,9PM,0,6,3,063
2018-11-09,11AM,5,5,8,558
2018-11-09,4PM,6,1,0,610
2018-11-09,9PM,9,6,7,967
2018-11-10,11AM,0,0,5,005
2018-11-10,4PM,3,0,3,303
2018-11-10,9PM,1,4,6,146
2018-11-11,11AM,8,1,4,814
2018-11-11,4PM,2,7,2,272
2018-11-11,9PM,4,5,8,458
2018-11-12,11AM,9,3,3,933
2018-11-12,4PM,0,4,9,049
2018-11-12,9PM,2,5,9,259
2018-11-13,11AM,0,3,4,034
2018-11-13,4PM,7,7,4,774
2018-11-13,9PM,2,4,2,242
2018-11-14,11AM,7,6,1,761
2018-11-14,4PM,2,8,0,280
2018-11-14,9PM,9,2,6,926
2018-11-15,11AM,5,4,6,546
2018-11-15,4PM,4,9,3,493
2018-11-15,9PM,4,1,8,418
2018-11-16,11AM,8,8,8,888
2018-11-16,4PM,7,3,0,730
2018-11-16,9PM,3,8,9,389
2018-11-17,11AM,9,6,5,965
2018-11-17,4PM,4,8,4,484
2018-11-17,9PM,3,7,1,371
2018-11-18,11AM,3,2,2,322
2018-11-18,4PM,1,8,7,187
2018-11-18,9PM,2,4,8,248
2018-11-19,11AM,6,0,5,605
2018-11-19,4PM,2,4,9,249
2018-11-19,9PM,5,3,6,536
2018-11-20,11AM,8,1,3,813
2018-11-20,4PM,3,7,2,372
2018-11-20,9PM,2,8,8,288
2018-11-21,11AM,2,9,9,299
2018-11-21,4PM,1,1,2,112
2018-11-21,9PM,3,2,7,327
2018-11-22,11AM,8,3,9,839
2018-11-22,4PM,4,9,5,495
2018-11-22,9PM,3,6,4,364
2018-11-23,11AM,2,1,1,211
2018-11-23,4PM,0,1,5,015
2018-11-23,9PM,4,9,4,494
2018-11-24,11AM,4,1,6,416
2018-11-24,4PM,8,8,4,884
2018-11-24,9PM,3,2,7,327
2018-11-25,11AM,8,5,3,853
2018-11-25,4PM,2,8,6,286
2018-11-25,9PM,9,7,4,974
2018-11-26,11AM,4,9,1,491
2018-11-26,4PM,5,1,3,513
2018-11-26,9PM,3,2,5,325
2018-11-27,11AM,9,8,5,985
2018-11-27,4PM,7,3,7,737
2018-11-27,9PM,7,5,7,757
2018-11-28,11AM,7,4,2,742
2018-11-28,4PM,4,6,4,464
2018-11-28,9PM,6,5,9,659
2018-11-29,11AM,0,1,6,016
2018-11-29,4PM,2,5,8,258
2018-11-29,9PM,6,3,1,631
2018-11-30,11AM,4,8,4,484
2018-11-30,4PM,7,3,1,731
2018-11-30,9PM,6,8,2,682
2018-12-01,11AM,4,9,0,490
2018-12-01,4PM,7,4,2,742
2018-12-01,9PM,0,8,3,083
2018-12-02,11AM,5,0,2,502
2018-12-02,4PM,7,1,2,712
2018-12-02,9PM,5,1,6,516
2018-12-03,11AM,1,3,6,136
2018-12-03,4PM,4,0,0,400
2018-12-03,9PM,9,5,5,955
2018-12-04,11AM,0,3,9,039
2018-12-04,4PM,8,2,7,827
2018-12-04,9PM,5,2,0,520
2018-12-05,11AM,0,5,4,054
2018-12-05,4PM,5,0,1,501
2018-12-05,9PM,0,2,0,020
2018-12-06,11AM,9,4,9,949
2018-12-06,4PM,1,5,2,152
2018-12-06,9PM,4,6,8,468
2018-12-07,11AM,1,8,4,184
2018-12-07,4PM,9,4,9,949
2018-12-07,9PM,0,6,3,063
2018-12-08,11AM,6,1,6,616
2018-12-08,4PM,6,8,0,680
2018-12-08,9PM,7,6,3,763
2018-12-09,11AM,7,2,3,723
2018-12-09,4PM,1,6,7,167
2018-12-09,9PM,7,6,3,763
2018-12-10,11AM,4,0,0,400
2018-12-10,4PM,1,3,0,130
2018-12-10,9PM,2,5,4,254
2018-12-11,11AM,7,6,4,764
2018-12-11,4PM,5,6,3,563
2018-12-11,9PM,2,8,6,286
2018-12-12,11AM,3,2,1,321
2018-12-12,4PM,9,1,7,917
2018-12-12,9PM,7,3,3,733
2018-12-13,11AM,3,1,8,318
2018-12-13,4PM,3,8,4,384
2018-12-13,9PM,4,3,2,432
2018-12-14,11AM,3,3,3,333
2018-12-14,4PM,5,4,1,541
2018-12-14,9PM,1,4,0,140
2018-12-15,11AM,9,7,2,972
2018-12-15,4PM,4,6,8,468
2018-12-15,9PM,1,1,7,117
2018-12-16,11AM,4,8,6,486
2018-12-16,4PM,3,0,0,300
2018-12-16,9PM,6,1,3,613
2018-12-17,11AM,5,4,6,546
2018-12-17,4PM,8,7,5,875
2018-12-17,9PM,1,7,1,171
2018-12-18,11AM,8,9,7,897
2018-12-18,4PM,3,0,4,304
2018-12-18,9PM,8,4,4,844
2018-12-19,11AM,0,9,8,098
2018-12-19,4PM,6,9,1,691
2018-12-19,9PM,5,4,3,543
2018-12-20,11AM,1,1,3,113
2018-12-20,4PM,0,0,1,001
2018-12-20,9PM,7,5,0,750
2018-12-21,11AM,6,0,9,609
2018-12-21,4PM,6,7,2,672
2018-12-21,9PM,5,0,6,506
2018-12-22,11AM,4,8,9,489
2018-12-22,4PM,2,0,2,202
2018-12-22,9PM,6,4,0,640
2018-12-23,11AM,2,6,4,264
2018-12-23,4PM,1,5,9,159
2018-12-23,9PM,7,0,4,704
2018-12-26,11AM,2,3,0,230
2018-12-26,4PM,9,8,1,981
2018-12-26,9PM,9,1,2,912
2018-12-27,11AM,6,2,1,621
2018-12-27,4PM,3,5,8,358
2018-12-27,9PM,0,3,5,035
2018-12-28,11AM,5,9,1,591
2018-12-28,4PM,4,3,3,433
2018-12-28,9PM,6,5,3,653
2018-12-29,11AM,1,5,7,157
2018-12-29,4PM,3,0,3,303
2018-12-29,9PM,6,2,6,626
2018-12-30,11AM,8,6,8,868
2018-12-30,4PM,7,0,3,703
2018-12-30,9PM,7,3,3,733
2019-01-02,11AM,3,8,2,382
2019-01-02,4PM,2,4,5,245
2019-01-02,9PM,2,2,0,220
2019-01-03,11AM,3,9,8,398
2019-01-03,4PM,2,4,9,249
2019-01-03,9PM,9,6,9,969
2019-01-04,11AM,9,5,2,952
2019-01-04,4PM,3,7,1,371
2019-01-04,9PM,0,1,9,019
2019-01-05,11AM,6,4,8,648
2019-01-05,4PM,5,7,5,575
2019-01-05,9PM,5,5,4,554
2019-01-06,11AM,9,5,2,952
2019-01-06,4PM,7,0,6,706
2019-01-06,9PM,0,0,4,004
2019-01-07,11AM,8,7,1,871
2019-01-07,4PM,4,5,0,450
2019-01-07,9PM,4,0,5,405
2019-01-08,11AM,8,7,4,874
2019-01-08,4PM,1,3,9,139
2019-01-08,9PM,1,6,7,167
2019-01-09,11AM,8,8,2,882
2019-01-09,4PM,5,4,4,544
2019-01-09,9PM,4,1,9,419
2019-01-10,11AM,8,9,8,898
2019-01-10,4PM,2,9,4,294
2019-01-10,9PM,6,5,0,650
2019-01-11,11AM,3,9,3,393
2019-01-11,4PM,6,7,4,674
2019-01-11,9PM,7,0,3,703
2019-01-12,11AM,7,6,2,762
2019-01-12,4PM,9,4,3,943
2019-01-12,9PM,0,2,0,020
2019-01-13,11AM,9,2,3,923
2019-01-13,4PM,6,8,2,682
2019-01-13,9PM,3,8,5,385
2019-01-14,11AM,8,6,4,864
2019-01-14,4PM,5,1,8,518
2019-01-14,9PM,2,8,7,287
2019-01-15,11AM,1,8,8,188
2019-01-15,4PM,6,6,7,667
2019-01-15,9PM,9,6,0,960
2019-01-16,11AM,3,2,9,329
2019-01-16,4PM,9,6,7,967
2019-01-16,9PM,7,1,5,715
2019-01-17,11AM,3,7,7,377
2019-01-17,4PM,8,3,5,835
2019-01-17,9PM,4,8,0,480
2019-01-18,11AM,7,6,8,768
2019-01-18,4PM,8,0,4,804
2019-01-18,9PM,5,0,7,507
2019-01-19,11AM,3,7,5,375
2019-01-19,4PM,8,7,4,874
2019-01-19,9PM,1,4,4,144
2019-01-20,11AM,0,5,7,057
2019-01-20,4PM,2,8,8,288
2019-01-20,9PM,8,0,3,803
2019-01-21,11AM,7,1,7,717
2019-01-21,4PM,8,0,4,804
2019-01-21,9PM,8,5,6,856
2019-01-22,11AM,9,2,4,924
2019-01-22,4PM,8,2,0,820
2019-01-22,9PM,6,1,4,614
2019-01-23,11AM,5,5,2,552
2019-01-23,4PM,3,5,5,355
2019-01-23,9PM,1,5,0,150
2019-01-24,11AM,3,0,5,305
2019-01-24,4PM,6,8,7,687
2019-01-24,9PM,1,7,3,173
2019-01-25,11AM,8,8,8,888
2019-01-25,4PM,9,5,3,953
2019-01-25,9PM,9,0,2,902
2019-01-26,11AM,0,6,9,069
2019-01-26,4PM,6,7,3,673
2019-01-26,9PM,2,2,5,225
2019-01-27,11AM,8,8,2,882
2019-01-27,4PM,4,5,1,451
2019-01-27,9PM,2,8,7,287
2019-01-28,11AM,1,5,6,156
2019-01-28,4PM,4,2,4,424
2019-01-28,9PM,0,0,0,000
2019-01-29,11AM,7,9,8,798
2019-01-29,4PM,9,5,4,954
2019-01-29,9PM,5,8,7,587
2019-01-30,11AM,5,1,8,518
2019-01-30,4PM,3,7,6,376
2019-01-30,9PM,5,2,2,522
2019-01-31,11AM,1,8,6,186
2019-01-31,4PM,2,5,3,253
2019-01-31,9PM,4,8,0,480
2019-02-01,11AM,9,2,2,922
2019-02-01,4PM,6,4,2,642
2019-02-01,9PM,4,5,6,456
2019-02-02,11AM,5,7,6,576
2019-02-02,4PM,6,9,8,698
2019-02-02,9PM,0,3,7,037
2019-02-03,11AM,0,7,9,079
2019-02-03,4PM,3,9,0,390
2019-02-03,9PM,7,7,2,772
2019-02-04,11AM,3,9,9,399
2019-02-04,4PM,0,4,9,049
2019-02-04,9PM,3,0,2,302
2019-02-05,11AM,6,4,9,649
2019-02-05,4PM,1,9,6,196
2019-02-05,9PM,7,3,8,738
2019-02-06,11AM,5,7,8,578
2019-02-06,4PM,8,0,8,808
2019-02-06,9PM,6,9,5,695
2019-02-07,11AM,3,6,9,369
2019-02-07,4PM,2,8,0,280
2019-02-07,9PM,0,9,6,096
2019-02-08,11AM,6,6,6,666
2019-02-08,4PM,5,5,5,555
2019-02-08,9PM,1,2,1,121
2019-02-09,11AM,1,6,3,163
2019-02-09,4PM,3,4,1,341
2019-02-09,9PM,4,0,5,405
2019-02-10,11AM,4,1,7,417
2019-02-10,4PM,2,2,9,229
2019-02-10,9PM,7,7,0,770
2019-02-11,11AM,6,1,6,616
2019-02-11,4PM,9,9,5,995
2019-02-11,9PM,4,0,5,405
2019-02-12,11AM,3,2,8,328
2019-02-12,4PM,0,4,1,041
2019-02-12,9PM,4,8,0,480
2019-02-13,11AM,6,8,3,683
2019-02-13,4PM,0,7,6,076
2019-02-13,9PM,1,4,5,145
2019-02-14,11AM,9,7,1,971
2019-02-14,4PM,4,4,4,444
2019-02-14,9PM,4,4,3,443
2019-02-15,11AM,5,1,0,510
2019-02-15,4PM,5,3,5,535
2019-02-15,9PM,8,9,7,897
2019-02-16,11AM,2,9,9,299
2019-02-16,4PM,9,7,1,971
2019-02-16,9PM,7,5,1,751
2019-02-17,11AM,4,4,4,444
2019-02-17,4PM,9,3,4,934
2019-02-17,9PM,5,5,5,555
2019-02-18,11AM,3,1,1,311
2019-02-18,4PM,4,6,8,468
2019-02-18,9PM,5,6,8,568
2019-02-19,11AM,1,5,7,157
2019-02-19,4PM,8,3,1,831
2019-02-19,9PM,3,2,7,327
2019-02-20,11AM,8,0,6,806
2019-02-20,4PM,3,3,2,332
2019-02-20,9PM,6,8,5,685
2019-02-21,11AM,2,0,3,203
2019-02-21,4PM,0,8,3,083
2019-02-21,9PM,7,9,5,795
2019-02-22,11AM,5,2,8,528
2019-02-22,4PM,0,5,7,057
2019-02-22,9PM,7,0,5,705
2019-02-23,11AM,8,3,0,830
2019-02-23,4PM,1,2,1,121
2019-02-23,9PM,5,5,1,551
2019-02-24,11AM,6,9,7,697
2019-02-24,4PM,1,1,2,112
2019-02-24,9PM,1,8,6,186
2019-02-25,11AM,5,3,8,538
2019-02-25,4PM,7,5,3,753
2019-02-25,9PM,1,8,1,181
2019-02-26,11AM,1,5,2,152
2019-02-26,4PM,9,5,6,956
2019-02-26,9PM,0,8,7,087
2019-02-27,11AM,7,6,5,765
2019-02-27,4PM,4,0,8,408
2019-02-27,9PM,8,9,5,895
2019-02-28,11AM,8,8,4,884
2019-02-28,4PM,7,8,8,788
2019-02-28,9PM,6,7,7,677
2019-03-01,11AM,7,5,0,750
2019-03-01,4PM,1,0,2,102
2019-03-01,9PM,6,7,0,670
2019-03-02,11AM,9,1,1,911
2019-03-02,4PM,3,6,8,368
2019-03-02,9PM,3,6,9,369
2019-03-03,11AM,7,3,5,735
2019-03-03,4PM,4,0,1,401
2019-03-03,9PM,9,4,1,941
2019-03-04,11AM,8,6,1,861
2019-03-04,4PM,5,4,6,546
2019-03-04,9PM,5,2,9,529
2019-03-05,11AM,1,4,0,140
2019-03-05,4PM,3,3,2,332
2019-03-05,9PM,5,6,9,569
2019-03-06,11AM,1,6,3,163
2019-03-06,4PM,1,5,4,154
2019-03-06,9PM,0,0,5,005
2019-03-07,11AM,0,8,7,087
2019-03-07,4PM,0,0,8,008
2019-03-07,9PM,5,0,7,507
2019-03-08,11AM,3,8,4,384
2019-03-08,4PM,7,2,6,726
2019-03-08,9PM,7,8,0,780
2019-03-09,11AM,6,2,8,628
2019-03-09,4PM,1,9,2,192
2019-03-09,9PM,0,5,7,057
2019-03-10,11AM,7,2,4,724
2019-03-10,4PM,4,2,1,421
2019-03-10,9PM,5,6,2,562
2019-03-11,11AM,6,2,4,624
2019-03-11,4PM,6,3,8,638
2019-03-11,9PM,2,7,0,270
2019-03-12,11AM,6,5,7,657
2019-03-12,4PM,9,1,8,918
2019-03-12,9PM,9,2,6,926
2019-03-13,11AM,6,8,3,683
2019-03-13,4PM,5,5,4,554
2019-03-13,9PM,9,2,8,928
2019-03-14,11AM,6,7,1,671
2019-03-14,4PM,2,7,6,276
2019-03-14,9PM,9,6,1,961
2019-03-15,11AM,0,4,1,041
2019-03-15,4PM,5,5,7,557
2019-03-15,9PM,3,8,9,389
2019-03-16,11AM,2,5,9,259
2019-03-16,4PM,5,5,6,556
2019-03-16,9PM,6,0,0,600
2019-03-17,11AM,9,2,1,921
2019-03-17,4PM,5,2,8,528
2019-03-17,9PM,2,1,5,215
2019-03-18,11AM,3,7,9,379
2019-03-18,4PM,7,1,0,710
2019-03-18,9PM,4,2,5,425
2019-03-19,11AM,7,4,2,742
2019-03-19,4PM,4,7,9,479
2019-03-19,9PM,5,8,3,583
2019-03-20,11AM,2,5,7,257
2019-03-20,4PM,4,8,1,481
2019-03-20,9PM,5,3,8,538
2019-03-21,11AM,2,2,7,227
2019-03-21,4PM,8,7,6,876
2019-03-21,9PM,9,6,0,960
2019-03-22,11AM,5,8,1,581
2019-03-22,4PM,1,5,4,154
2019-03-22,9PM,7,6,4,764
2019-03-23,11AM,2,3,4,234
2019-03-23,4PM,1,0,6,106
2019-03-23,9PM,7,3,3,733
2019-03-24,11AM,7,0,2,702
2019-03-24,4PM,9,0,5,905
2019-03-24,9PM,2,3,6,236
2019-03-25,11AM,9,6,8,968
2019-03-25,4PM,9,2,7,927
2019-03-25,9PM,6,1,7,617
2019-03-26,11AM,3,5,7,357
2019-03-26,4PM,3,9,3,393
2019-03-26,9PM,6,2,9,629
2019-03-27,11AM,6,2,7,627
2019-03-27,4PM,2,6,3,263
2019-03-27,9PM,8,9,1,891
2019-03-28,11AM,6,0,6,606
2019-03-28,4PM,1,8,1,181
2019-03-28,9PM,3,1,5,315
2019-03-29,11AM,7,6,8,768
2019-03-29,4PM,1,2,1,121
2019-03-29,9PM,8,4,6,846
2019-03-30,11AM,1,5,9,159
2019-03-30,4PM,2,9,9,299
2019-03-30,9PM,4,3,6,436
2019-03-31,11AM,4,8,7,487
2019-03-31,4PM,9,5,5,955
2019-03-31,9PM,0,7,1,071
2019-04-01,11AM,8,8,6,886
2019-04-01,4PM,8,3,3,833
2019-04-01,9PM,6,6,3,663
2019-04-02,11AM,1,0,7,107
2019-04-02,4PM,5,0,7,507
2019-04-02,9PM,7,4,4,744
2019-04-03,11AM,0,1,5,015
2019-04-03,4PM,0,5,4,054
2019-04-03,9PM,8,0,1,801
2019-04-04,11AM,1,0,4,104
2019-04-04,4PM,1,8,9,189
2019-04-04,9PM,5,6,0,560
2019-04-05,11AM,1,3,8,138
2019-04-05,4PM,1,0,0,100
2019-04-05,9PM,7,0,2,702
2019-04-06,11AM,9,9,7,997
2019-04-06,4PM,8,5,4,854
2019-04-06,9PM,4,2,4,424
2019-04-07,11AM,6,2,3,623
2019-04-07,4PM,3,3,8,338
2019-04-07,9PM,6,5,6,656
2019-04-08,11AM,6,2,7,627
2019-04-08,4PM,0,1,3,013
2019-04-08,9PM,0,2,0,020
2019-04-09,11AM,8,3,7,837
2019-04-09,4PM,1,7,3,173
2019-04-09,9PM,9,4,3,943
2019-04-10,11AM,5,2,4,524
2019-04-10,4PM,0,8,7,087
2019-04-10,9PM,0,1,9,019
2019-04-11,11AM,8,9,0,890
2019-04-11,4PM,0,4,6,046
2019-04-11,9PM,7,0,4,704
2019-04-12,11AM,7,4,1,741
2019-04-12,4PM,3,1,0,310
2019-04-12,9PM,8,4,7,847
2019-04-13,11AM,9,0,7,907
2019-04-13,4PM,8,2,6,826
2019-04-13,9PM,5,8,5,585
2019-04-14,11AM,5,1,5,515
2019-04-14,4PM,3,3,5,335
2019-04-14,9PM,4,4,8,448
2019-04-15,11AM,2,7,2,272
2019-04-15,4PM,5,7,0,570
2019-04-15,9PM,2,4,0,240
2019-04-16,11AM,0,6,4,064
2019-04-16,4PM,2,1,4,214
2019-04-16,9PM,7,3,9,739
2019-04-17,11AM,8,6,3,863
2019-04-17,4PM,5,4,0,540
2019-04-17,9PM,5,7,1,571
2019-04-22,11AM,1,7,9,179
2019-04-22,4PM,8,9,7,897
2019-04-22,9PM,4,8,7,487
2019-04-23,11AM,0,0,6,006
2019-04-23,4PM,3,6,3,363
2019-04-23,9PM,9,6,2,962
2019-04-24,11AM,3,9,3,393
2019-04-24,4PM,0,8,7,087
2019-04-24,9PM,3,8,3,383
2019-04-25,11AM,1,7,6,176
2019-04-25,4PM,6,1,3,613
2019-04-25,9PM,8,9,0,890
2019-04-26,11AM,1,6,2,162
2019-04-26,4PM,3,5,6,356
2019-04-26,9PM,9,5,9,959
2019-04-27,11AM,4,9,5,495
2019-04-27,4PM,2,8,8,288
2019-04-27,9PM,5,8,0,580
2019-04-28,11AM,6,9,0,690
2019-04-28,4PM,4,6,2,462
2019-04-28,9PM,4,0,6,406
2019-04-29,11AM,2,6,1,261
2019-04-29,4PM,0,3,6,036
2019-04-29,9PM,0,8,3,083
2019-04-30,11AM,2,4,3,243
2019-04-30,4PM,2,9,4,294
2019-04-30,9PM,5,9,7,597
2019-05-01,11AM,8,5,3,853
2019-05-01,4PM,1,1,0,110
2019-05-01,9PM,0,6,5,065
2019-05-02,11AM,9,6,7,967
2019-05-02,4PM,6,0,4,604
2019-05-02,9PM,6,5,7,657
2019-05-03,11AM,8,7,8,878
2019-05-03,4PM,7,1,6,716
2019-05-03,9PM,2,1,4,214
2019-05-04,11AM,7,2,5,725
2019-05-04,4PM,4,9,0,490
2019-05-04,9PM,5,7,4,574
2019-05-05,11AM,2,5,1,251
2019-05-05,4PM,1,9,0,190
2019-05-05,9PM,1,8,4,184
2019-05-06,11AM,3,0,7,307
2019-05-06,4PM,9,7,5,975
2019-05-06,9PM,7,9,6,796
2019-05-07,11AM,5,2,6,526
2019-05-07,4PM,3,9,1,391
2019-05-07,9PM,7,0,5,705
2019-05-08,11AM,5,7,4,574
2019-05-08,4PM,4,0,7,407
2019-05-08,9PM,4,2,8,428
2019-05-09,11AM,4,6,9,469
2019-05-09,4PM,9,3,2,932
2019-05-09,9PM,8,8,5,885
2019-05-10,11AM,1,8,5,185
2019-05-10,4PM,9,1,6,916
2019-05-10,9PM,3,3,5,335
2019-05-11,11AM,0,6,2,062
2019-05-11,4PM,4,4,6,446
2019-05-11,9PM,4,9,3,493
2019-05-12,11AM,2,2,3,223
2019-05-12,4PM,4,9,1,491
2019-05-12,9PM,3,1,9,319
2019-05-13,11AM,2,4,7,247
2019-05-13,4PM,5,2,3,523
2019-05-13,9PM,7,7,4,774
2019-05-14,11AM,4,2,7,427
2019-05-14,4PM,3,7,7,377
2019-05-14,9PM,5,5,3,553
2019-05-15,11AM,1,0,3,103
2019-05-15,4PM,5,6,1,561
2019-05-15,9PM,8,3,7,837
2019-05-16,11AM,6,0,7,607
2019-05-16,4PM,5,2,4,524
2019-05-16,9PM,4,8,3,483
2019-05-17,11AM,7,6,4,764
2019-05-17,4PM,9,1,4,914
2019-05-17,9PM,6,6,1,661
2019-05-18,11AM,0,0,4,004
2019-05-18,4PM,5,8,4,584
2019-05-18,9PM,9,1,8,918
2019-05-19,11AM,1,3,0,130
2019-05-19,4PM,9,1,3,913
2019-05-19,9PM,2,8,8,288
2019-05-20,11AM,3,8,9,389
2019-05-20,4PM,6,7,5,675
2019-05-20,9PM,1,1,5,115
2019-05-21,11AM,5,4,0,540
2019-05-21,4PM,5,4,8,548
2019-05-21,9PM,0,1,7,017
2019-05-22,11AM,8,4,3,843
2019-05-22,4PM,7,7,5,775
2019-05-22,9PM,1,8,4,184
2019-05-23,11AM,4,8,5,485
2019-05-23,4PM,7,1,8,718
2019-05-23,9PM,5,4,5,545
2019-05-24,11AM,8,7,7,877
2019-05-24,4PM,2,6,7,267
2019-05-24,9PM,2,3,3,233
2019-05-25,11AM,7,3,4,734
2019-05-25,4PM,0,2,5,025
2019-05-25,9PM,9,3,5,935
2019-05-26,11AM,0,3,0,030
2019-05-26,4PM,7,2,1,721
2019-05-26,9PM,9,1,3,913
2019-05-27,11AM,5,1,4,514
2019-05-27,4PM,3,5,0,350
2019-05-27,9PM,5,5,7,557
2019-05-28,11AM,4,6,9,469
2019-05-28,4PM,1,3,9,139
2019-05-28,9PM,0,6,7,067
2019-05-29,11AM,3,6,9,369
2019-05-29,4PM,7,0,2,702
2019-05-29,9PM,8,8,7,887
2019-05-30,11AM,4,7,1,471
2019-05-30,4PM,9,2,2,922
2019-05-30,9PM,1,5,5,155
2019-05-31,4PM,9,8,6,986
2019-06-01,11AM,1,5,2,152
2019-06-01,4PM,5,9,8,598
2019-06-01,9PM,0,6,5,065
2019-06-02,11AM,3,7,8,378
2019-06-02,4PM,7,2,4,724
2019-06-02,9PM,6,5,7,657
2019-06-03,11AM,0,7,6,076
2019-06-03,4PM,7,3,1,731
2019-06-03,9PM,2,1,4,214
2019-06-04,11AM,8,8,6,886
2019-06-04,4PM,8,5,6,856
2019-06-04,9PM,5,7,4,574
2019-06-05,11AM,2,5,5,255
2019-06-05,4PM,4,4,6,446
2019-06-05,9PM,1,8,4,184
2019-06-06,11AM,7,2,6,726
2019-06-06,4PM,7,2,4,724
2019-06-06,9PM,7,9,6,796
2019-06-07,11AM,2,9,2,292
2019-06-07,4PM,0,8,4,084
2019-06-07,9PM,7,0,5,705
2019-06-08,11AM,1,7,8,178
2019-06-08,4PM,1,6,2,162
2019-06-08,9PM,4,2,8,428
2019-06-09,11AM,0,7,0,070
2019-06-09,4PM,3,5,9,359
2019-06-09,9PM,8,8,5,885
2019-06-10,11AM,5,7,4,574
2019-06-10,4PM,6,6,1,661
2019-06-10,9PM,3,3,5,335
2019-06-11,11AM,0,4,9,049
2019-06-11,4PM,0,4,8,048
2019-06-11,9PM,4,9,3,493
2019-06-12,11AM,3,4,9,349
2019-06-12,4PM,9,2,7,927
2019-06-12,9PM,3,1,9,319
2019-06-13,11AM,1,3,4,134
2019-06-13,4PM,4,9,1,491
2019-06-13,9PM,7,7,4,774
2019-06-14,11AM,6,1,5,615
2019-06-14,4PM,5,1,2,512
2019-06-14,9PM,5,5,3,553
2019-06-15,11AM,7,5,4,754
2019-06-15,4PM,5,0,2,502
2019-06-15,9PM,8,3,7,837
2019-06-16,11AM,8,4,9,849
2019-06-16,4PM,3,0,3,303
2019-06-16,9PM,4,8,3,483
2019-06-17,11AM,6,6,4,664
2019-06-17,4PM,2,0,1,201
2019-06-17,9PM,6,6,1,661
2019-06-18,11AM,7,9,2,792
2019-06-18,4PM,6,9,4,694
2019-06-18,9PM,9,1,8,918
2019-06-19,11AM,3,8,1,381
2019-06-19,4PM,8,2,6,826
2019-06-19,9PM,2,8,8,288
2019-06-20,11AM,1,8,8,188
2019-06-20,4PM,4,8,9,489
2019-06-20,9PM,1,1,5,115
2019-06-21,11AM,3,0,5,305
2019-06-21,4PM,1,1,4,114
2019-06-21,9PM,0,1,7,017
2019-06-22,11AM,8,6,1,861
2019-06-22,4PM,1,1,6,116
2019-06-22,9PM,1,8,4,184
2019-06-23,11AM,3,6,4,364
2019-06-23,4PM,5,1,8,518
2019-06-23,9PM,5,4,5,545
2019-06-24,11AM,1,9,9,199
2019-06-24,4PM,7,0,7,707
2019-06-24,9PM,2,3,3,233
2019-06-25,11AM,9,6,6,966
2019-06-25,4PM,6,5,3,653
2019-06-25,9PM,9,3,5,935
2019-06-26,11AM,8,0,7,807
2019-06-26,4PM,6,7,0,670
2019-06-26,9PM,9,1,3,913
2019-06-27,11AM,5,2,0,520
2019-06-27,4PM,4,6,7,467
2019-06-27,9PM,5,5,7,557
2019-06-28,11AM,8,9,3,893
2019-06-28,4PM,6,9,1,691
2019-06-28,9PM,0,6,7,067
2019-06-29,11AM,1,9,4,194
2019-06-29,4PM,4,7,2,472
2019-06-29,9PM,8,8,7,887
2019-06-30,11AM,7,5,6,756
2019-06-30,4PM,8,5,4,854
2019-06-30,9PM,1,5,5,155
2019-07-01,11AM,1,8,9,189
2019-07-01,4PM,3,0,3,303
2019-07-01,9PM,3,1,0,310
2019-07-02,11AM,1,5,8,158
2019-07-02,4PM,9,9,6,996
2019-07-02,9PM,5,6,3,563
2019-07-03,11AM,3,4,9,349
2019-07-03,4PM,3,5,2,352
2019-07-03,9PM,1,7,4,174
2019-07-04,11AM,4,2,4,424
2019-07-04,4PM,7,8,1,781
2019-07-04,9PM,9,3,1,931
2019-07-05,11AM,5,0,1,501
2019-07-05,4PM,1,2,1,121
2019-07-05,9PM,6,7,8,678
2019-07-06,11AM,7,8,0,780
2019-07-06,4PM,4,2,2,422
2019-07-06,9PM,2,1,7,217
2019-07-07,11AM,4,2,8,428
2019-07-07,4PM,0,4,4,044
2019-07-07,9PM,0,0,7,007
2019-07-08,11AM,2,5,9,259
2019-07-08,4PM,8,4,5,845
2019-07-08,9PM,1,0,9,109
2019-07-09,11AM,1,3,1,131
2019-07-09,4PM,0,7,9,079
2019-07-09,9PM,6,6,0,660
2019-07-10,11AM,1,7,9,179
2019-07-10,4PM,2,2,3,223
2019-07-10,9PM,9,5,1,951
2019-07-11,11AM,2,5,4,254
2019-07-11,4PM,5,1,5,515
2019-07-11,9PM,0,0,5,005
2019-07-12,11AM,8,7,5,875
2019-07-12,4PM,8,1,8,818
2019-07-12,9PM,7,1,6,716
2019-07-13,11AM,8,0,4,804
2019-07-13,4PM,2,8,2,282
2019-07-13,9PM,1,6,5,165
2019-07-14,11AM,1,5,7,157
2019-07-14,4PM,0,6,4,064
2019-07-14,9PM,3,9,0,390
2019-07-15,11AM,4,3,8,438
2019-07-15,4PM,3,9,3,393
2019-07-15,9PM,8,2,0,820
2019-07-16,11AM,0,9,7,097
2019-07-16,4PM,0,0,1,001
2019-07-16,9PM,6,0,7,607
2019-07-17,11AM,5,6,4,564
2019-07-17,4PM,6,4,4,644
2019-07-17,9PM,6,2,5,625
2019-07-18,11AM,1,1,8,118
2019-07-18,4PM,5,0,7,507
2019-07-18,9PM,6,9,1,691
2019-07-19,11AM,4,2,7,427
2019-07-19,4PM,6,4,1,641
2019-07-19,9PM,2,7,9,279
2019-07-20,11AM,7,6,0,760
2019-07-20,4PM,0,7,5,075
2019-07-20,9PM,6,4,6,646
2019-07-21,11AM,8,4,4,844
2019-07-21,4PM,0,7,3,073
2019-07-21,9PM,5,7,5,575
2019-07-22,11AM,2,4,1,241
2019-07-22,4PM,7,5,9,759
2019-07-22,9PM,1,4,8,148
2019-07-23,11AM,3,0,4,304
2019-07-23,4PM,5,8,2,582
2019-07-23,9PM,5,3,4,534
2019-07-24,11AM,2,1,7,217
2019-07-24,4PM,1,7,8,178
2019-07-24,9PM,0,8,9,089
2019-07-25,11AM,2,4,8,248
2019-07-25,4PM,1,8,4,184
2019-07-25,9PM,8,6,4,864
2019-07-26,11AM,1,5,6,156
2019-07-26,4PM,9,2,9,929
2019-07-26,9PM,9,3,5,935
2019-07-27,11AM,4,4,4,444
2019-07-27,4PM,0,8,2,082
2019-07-27,9PM,9,0,7,907
2019-07-28,11AM,7,4,8,748
2019-07-28,4PM,9,9,3,993
2019-07-28,9PM,7,8,3,783
2019-07-29,11AM,6,2,3,623
2019-07-29,4PM,7,0,5,705
2019-07-29,9PM,9,4,9,949
2019-07-30,11AM,2,1,9,219
2019-07-30,4PM,4,7,5,475
2019-07-30,9PM,7,1,8,718
2019-07-31,11AM,9,3,8,938
2019-07-31,4PM,6,2,6,626
2019-07-31,9PM,0,3,1,031
2019-08-01,11AM,2,3,4,234
2019-08-01,4PM,6,4,0,640
2019-08-01,9PM,1,7,0,170
2019-08-02,11AM,8,4,1,841
2019-08-02,4PM,7,8,7,787
2019-08-02,9PM,2,6,1,261
2019-08-03,11AM,6,8,2,682
2019-08-03,4PM,7,2,0,720
2019-08-03,9PM,1,7,5,175
2019-08-04,11AM,8,2,7,827
2019-08-04,4PM,5,3,1,531
2019-08-04,9PM,6,3,6,636
2019-08-05,11AM,5,6,3,563
2019-08-05,4PM,1,9,4,194
2019-08-05,9PM,2,4,9,249
2019-08-06,11AM,4,8,7,487
2019-08-06,4PM,5,3,6,536
2019-08-06,9PM,8,6,5,865
2019-08-07,11AM,7,1,1,711
2019-08-07,4PM,9,5,8,958
2019-08-07,9PM,8,7,6,876
2019-08-08,11AM,8,1,4,814
2019-08-08,4PM,1,7,4,174
2019-08-08,9PM,5,0,2,502
2019-08-09,11AM,2,3,2,232
2019-08-09,4PM,7,6,9,769
2019-08-09,9PM,4,6,8,468
2019-08-10,11AM,7,0,1,701
2019-08-10,4PM,9,8,2,982
2019-08-10,9PM,5,5,4,554
2019-08-11,11AM,1,5,0,150
2019-08-11,4PM,4,0,1,401
2019-08-11,9PM,8,4,0,840
2019-08-12,11AM,8,8,0,880
2019-08-12,4PM,7,8,0,780
2019-08-12,9PM,2,2,2,222
2019-08-13,11AM,9,7,0,970
2019-08-13,4PM,5,2,3,523
2019-08-13,9PM,7,3,5,735
2019-08-14,11AM,5,0,4,504
2019-08-14,4PM,8,8,1,881
2019-08-14,9PM,5,5,0,550
2019-08-15,11AM,2,8,0,280
2019-08-15,4PM,3,7,1,371
2019-08-15,9PM,0,4,7,047
2019-08-16,11AM,0,2,2,022
2019-08-16,4PM,9,0,5,905
2019-08-16,9PM,4,1,5,415
2019-08-17,11AM,3,0,1,301
2019-08-17,4PM,9,5,8,958
2019-08-17,9PM,3,2,3,323
2019-08-18,11AM,2,7,3,273
2019-08-18,4PM,7,2,6,726
2019-08-18,9PM,4,6,6,466
2019-08-19,11AM,3,2,1,321
2019-08-19,4PM,1,8,8,188
2019-08-19,9PM,2,1,6,216
2019-08-20,11AM,4,7,5,475
2019-08-20,4PM,4,2,3,423
2019-08-20,9PM,3,7,0,370
2019-08-21,11AM,8,0,7,807
2019-08-21,4PM,3,6,9,369
2019-08-21,9PM,1,6,4,164
2019-08-22,11AM,4,6,5,465
2019-08-22,4PM,5,6,6,566
2019-08-22,9PM,7,8,6,786
2019-08-23,11AM,7,9,5,795
2019-08-23,4PM,2,4,1,241
2019-08-23,9PM,8,8,3,883
2019-08-24,11AM,2,2,1,221
2019-08-24,4PM,0,8,1,081
2019-08-24,9PM,7,1,0,710
2019-08-25,11AM,0,8,2,082
2019-08-25,4PM,0,8,6,086
2019-08-25,9PM,9,5,2,952
2019-08-26,11AM,7,5,1,751
2019-08-26,4PM,1,3,2,132
2019-08-26,9PM,1,1,0,110
2019-08-27,11AM,4,4,1,441
2019-08-27,4PM,3,9,6,396
2019-08-27,9PM,6,4,5,645
2019-08-28,11AM,0,1,4,014
2019-08-28,4PM,1,6,0,160
2019-08-28,9PM,2,9,2,292
2019-08-29,11AM,1,3,4,134
2019-08-29,4PM,8,3,4,834
2019-08-29,9PM,8,4,6,846
2019-08-30,11AM,6,4,3,643
2019-08-30,4PM,2,5,4,254
2019-08-30,9PM,2,9,7,297
2019-08-31,11AM,4,0,3,403
2019-08-31,4PM,2,9,6,296
2019-08-31,9PM,5,2,2,522
2019-09-01,11AM,5,5,9,559
2019-09-01,4PM,9,4,9,949
2019-09-01,9PM,6,3,6,636
2019-09-02,11AM,6,5,0,650
2019-09-02,4PM,2,6,1,261
2019-09-02,9PM,5,9,1,591
2019-09-03,11AM,2,8,5,285
2019-09-03,4PM,9,1,5,915
2019-09-03,9PM,9,8,4,984
2019-09-04,11AM,4,3,6,436
2019-09-04,4PM,8,8,3,883
2019-09-04,9PM,5,1,2,512
2019-09-05,11AM,8,2,4,824
2019-09-05,4PM,2,9,2,292
2019-09-05,9PM,8,7,8,878
2019-09-06,11AM,4,0,1,401
2019-09-06,4PM,4,2,6,426
2019-09-06,9PM,4,1,1,411
2019-09-07,11AM,4,2,8,428
2019-09-07,4PM,3,2,9,329
2019-09-07,9PM,7,3,9,739
2019-09-08,11AM,7,0,5,705
2019-09-08,4PM,7,9,4,794
2019-09-08,9PM,1,8,1,181
2019-09-09,11AM,0,0,2,002
2019-09-09,4PM,5,8,6,586
2019-09-09,9PM,5,7,8,578
2019-09-10,11AM,2,2,1,221
2019-09-10,4PM,5,4,5,545
2019-09-10,9PM,8,3,5,835
2019-09-11,11AM,9,0,5,905
2019-09-11,4PM,7,6,4,764
2019-09-11,9PM,4,3,7,437
2019-09-12,11AM,8,1,1,811
2019-09-12,4PM,1,1,9,119
2019-09-12,9PM,6,0,7,607
2019-09-13,11AM,7,5,8,758
2019-09-13,4PM,9,3,0,930
2019-09-13,9PM,7,9,7,797
2019-09-14,11AM,5,8,7,587
2019-09-14,4PM,8,9,4,894
2019-09-14,9PM,5,3,1,531
2019-09-15,11AM,5,8,7,587
2019-09-15,4PM,8,9,4,894
2019-09-15,9PM,5,3,1,531
2019-09-16,11AM,3,7,6,376
2019-09-16,4PM,3,6,9,369
2019-09-16,9PM,4,7,9,479
2019-09-17,11AM,1,3,9,139
2019-09-17,4PM,8,2,1,821
2019-09-17,9PM,4,8,6,486
2019-09-18,11AM,1,8,0,180
2019-09-18,4PM,5,9,2,592
2019-09-18,9PM,1,7,5,175
2019-09-19,11AM,1,5,9,159
2019-09-19,4PM,5,4,8,548
2019-09-19,9PM,3,3,8,338
2019-09-20,11AM,3,0,5,305
2019-09-20,4PM,7,0,5,705
2019-09-20,9PM,4,2,0,420
2019-09-21,11AM,3,8,7,387
2019-09-21,4PM,7,1,7,717
2019-09-21,9PM,8,4,0,840
2019-09-22,11AM,3,7,6,376
2019-09-22,4PM,6,8,5,685
2019-09-22,9PM,0,6,6,066
2019-09-23,11AM,4,7,9,479
2019-09-23,4PM,7,2,0,720
2019-09-23,9PM,2,1,6,216
2019-09-24,11AM,0,3,4,034
2019-09-24,4PM,5,3,7,537
2019-09-24,9PM,7,3,3,733
2019-09-25,11AM,0,9,1,091
2019-09-25,4PM,3,2,1,321
2019-09-25,9PM,7,2,9,729
2019-09-26,11AM,4,7,8,478
2019-09-26,4PM,5,4,7,547
2019-09-26,9PM,4,1,2,412
2019-09-27,11AM,1,0,3,103
2019-09-27,4PM,3,3,3,333
2019-09-27,9PM,6,8,1,681
2019-09-28,11AM,8,5,7,857
2019-09-28,4PM,4,7,5,475
2019-09-28,9PM,1,4,6,146
2019-09-29,11AM,9,5,1,951
2019-09-29,4PM,6,7,1,671
2019-09-29,9PM,2,3,2,232
2019-09-30,11AM,1,1,9,119
2019-09-30,4PM,3,7,7,377
2019-09-30,9PM,7,7,3,773
2019-10-01,11AM,4,6,7,467
2019-10-01,4PM,1,0,3,103
2019-10-01,9PM,7,3,2,732
2019-10-02,11AM,5,3,9,539
2019-10-02,4PM,5,4,5,545
2019-10-02,9PM,0,2,4,024
2019-10-03,11AM,5,4,8,548
2019-10-03,4PM,4,8,4,484
2019-10-03,9PM,6,6,4,664
2019-10-04,11AM,6,2,4,624
2019-10-04,4PM,6,4,2,642
2019-10-04,9PM,1,4,4,144
2019-10-05,11AM,2,1,4,214
2019-10-05,4PM,4,8,3,483
2019-10-05,9PM,5,9,9,599
2019-10-06,11AM,9,3,1,931
2019-10-06,4PM,3,8,8,388
2019-10-06,9PM,5,6,2,562
2019-10-07,11AM,5,8,8,588
2019-10-07,4PM,4,8,3,483
2019-10-07,9PM,2,2,5,225
2019-10-08,11AM,4,7,5,475
2019-10-08,4PM,3,4,4,344
2019-10-08,9PM,5,5,9,559
2019-10-09,11AM,3,4,6,346
2019-10-09,4PM,9,2,3,923
2019-10-09,9PM,3,9,2,392
2019-10-10,11AM,3,8,6,386
2019-10-10,4PM,0,4,1,041
2019-10-10,9PM,9,1,7,917
2019-10-11,11AM,1,5,4,154
2019-10-11,4PM,7,9,9,799
2019-10-11,9PM,5,8,6,586
2019-10-12,11AM,3,4,6,346
2019-10-12,4PM,3,8,6,386
2019-10-12,9PM,3,2,7,327
2019-10-13,11AM,4,3,1,431
2019-10-13,4PM,1,8,4,184
2019-10-13,9PM,2,7,5,275
2019-10-14,11AM,4,7,6,476
2019-10-14,4PM,1,3,5,135
2019-10-14,9PM,1,1,1,111
2019-10-15,11AM,6,1,3,613
2019-10-15,4PM,6,1,2,612
2019-10-15,9PM,5,9,5,595
2019-10-16,11AM,5,3,1,531
2019-10-16,4PM,3,3,2,332
2019-10-16,9PM,7,5,6,756
2019-10-17,11AM,3,9,9,399
2019-10-17,4PM,3,7,5,375
2019-10-17,9PM,6,8,1,681
2019-10-18,11AM,2,6,8,268
2019-10-18,4PM,6,7,8,678
2019-10-18,9PM,6,6,2,662
2019-10-19,11AM,2,4,7,247
2019-10-19,4PM,7,2,1,721
2019-10-19,9PM,6,6,7,667
2019-10-20,11AM,5,6,4,564
2019-10-20,4PM,1,4,4,144
2019-10-20,9PM,2,5,4,254
2019-10-21,11AM,9,4,1,941
2019-10-21,4PM,7,4,1,741
2019-10-21,9PM,0,2,7,027
2019-10-22,11AM,9,2,1,921
2019-10-22,4PM,5,8,5,585
2019-10-22,9PM,2,0,8,208
2019-10-23,11AM,0,3,7,037
2019-10-23,4PM,1,6,0,160
2019-10-23,9PM,3,9,6,396
2019-10-24,11AM,9,3,2,932
2019-10-24,4PM,2,2,6,226
2019-10-24,9PM,1,8,2,182
2019-10-25,11AM,0,1,3,013
2019-10-25,4PM,4,9,0,490
2019-10-25,9PM,8,4,3,843
2019-10-26,11AM,2,5,5,255
2019-10-26,4PM,2,1,9,219
2019-10-26,9PM,9,4,2,942
2019-10-27,11AM,9,0,6,906
2019-10-27,4PM,2,2,9,229
2019-10-27,9PM,0,1,1,011
2019-10-28,11AM,2,9,9,299
2019-10-28,4PM,8,7,9,879
2019-10-28,9PM,7,5,4,754
2019-10-29,11AM,2,5,9,259
2019-10-29,4PM,0,5,9,059
2019-10-29,9PM,1,1,4,114
2019-10-30,11AM,4,7,1,471
2019-10-30,4PM,9,6,4,964
2019-10-30,9PM,4,6,4,464
2019-10-31,11AM,7,0,4,704
2019-10-31,4PM,4,6,5,465
2019-10-31,9PM,4,4,0,440
2019-11-01,11AM,2,4,4,244
2019-11-01,4PM,4,8,5,485
2019-11-01,9PM,3,7,4,374
2019-11-02,11AM,5,3,2,532
2019-11-02,4PM,2,7,7,277
2019-11-02,9PM,5,7,6,576
2019-11-03,11AM,5,0,4,504
2019-11-03,4PM,8,2,1,821
2019-11-03,9PM,3,3,7,337
2019-11-04,11AM,2,1,9,219
2019-11-04,4PM,7,0,4,704
2019-11-04,9PM,3,1,7,317
2019-11-05,11AM,4,3,9,439
2019-11-05,4PM,7,6,7,767
2019-11-05,9PM,2,1,1,211
2019-11-06,11AM,1,6,7,167
2019-11-06,4PM,1,6,7,167
2019-11-06,9PM,9,9,9,999
2019-11-07,11AM,5,7,8,578
2019-11-07,4PM,3,5,8,358
2019-11-07,9PM,1,4,1,141
2019-11-08,11AM,5,1,3,513
2019-11-08,4PM,6,8,9,689
2019-11-08,9PM,9,9,1,991
2019-11-09,11AM,0,1,7,017
2019-11-09,4PM,9,4,4,944
2019-11-09,9PM,6,6,0,660
2019-11-10,11AM,7,8,8,788
2019-11-10,4PM,6,9,6,696
2019-11-10,9PM,2,4,8,248
2019-11-11,11AM,9,6,7,967
2019-11-11,4PM,3,8,3,383
2019-11-11,9PM,0,4,4,044
2019-11-12,11AM,7,9,7,797
2019-11-12,4PM,1,2,4,124
2019-11-12,9PM,9,3,1,931
2019-11-13,11AM,9,4,6,946
2019-11-13,4PM,5,5,7,557
2019-11-13,9PM,9,7,3,973
2019-11-14,11AM,7,2,6,726
2019-11-14,4PM,0,4,6,046
2019-11-14,9PM,9,7,7,977
2019-11-15,11AM,8,9,2,892
2019-11-15,4PM,4,8,4,484
2019-11-15,9PM,4,3,4,434
2019-11-16,11AM,3,1,0,310
2019-11-16,4PM,4,5,6,456
2019-11-16,9PM,2,4,4,244
2019-11-17,11AM,8,4,6,846
2019-11-17,4PM,7,7,3,773
2019-11-17,9PM,7,7,7,777
2019-11-18,11AM,9,6,3,963
2019-11-18,4PM,7,8,5,785
2019-11-18,9PM,6,0,8,608
2019-11-19,11AM,4,5,2,452
2019-11-19,4PM,7,6,2,762
2019-11-19,9PM,8,7,9,879
2019-11-20,11AM,1,4,6,146
2019-11-20,4PM,5,1,0,510
2019-11-20,9PM,4,3,8,438
2019-11-21,11AM,9,0,6,906
2019-11-21,4PM,3,6,4,364
2019-11-21,9PM,2,1,1,211
2019-11-22,11AM,1,5,9,159
2019-11-22,4PM,8,8,1,881
2019-11-22,9PM,3,3,7,337
2019-11-23,11AM,1,5,2,152
2019-11-23,4PM,1,9,1,191
2019-11-23,9PM,2,4,7,247
2019-11-24,11AM,1,8,0,180
2019-11-24,4PM,7,9,6,796
2019-11-24,9PM,2,3,2,232
2019-11-25,11AM,6,1,2,612
2019-11-25,4PM,1,4,2,142
2019-11-25,9PM,4,5,2,452
2019-11-26,11AM,6,4,2,642
2019-11-26,4PM,1,2,1,121
2019-11-26,9PM,9,8,4,984
2019-11-27,11AM,5,4,1,541
2019-11-27,4PM,8,1,8,818
2019-11-27,9PM,1,8,2,182
2019-11-28,11AM,7,4,3,743
2019-11-28,4PM,5,2,7,527
2019-11-28,9PM,7,6,9,769
2019-11-29,11AM,7,3,6,736
2019-11-29,4PM,2,9,4,294
2019-11-29,9PM,1,0,0,100
2019-11-30,11AM,9,6,9,969
2019-11-30,4PM,0,9,4,094
2019-11-30,9PM,2,6,1,261
2019-12-01,11AM,7,4,9,749
2019-12-01,4PM,1,6,5,165
2019-12-01,9PM,0,3,1,031
2019-12-02,11AM,5,3,2,532
2019-12-02,4PM,5,9,0,590
2019-12-02,9PM,3,4,0,340
2019-12-03,11AM,2,1,8,218
2019-12-03,4PM,9,7,6,976
2019-12-03,9PM,4,2,0,420
2019-12-04,11AM,9,8,4,984
2019-12-04,4PM,1,6,1,161
2019-12-04,9PM,1,0,5,105
2019-12-05,11AM,4,0,6,406
2019-12-05,4PM,5,4,2,542
2019-12-05,9PM,2,4,3,243
2019-12-06,11AM,1,7,8,178
2019-12-06,4PM,2,4,1,241
2019-12-06,9PM,3,6,5,365
2019-12-07,11AM,1,8,3,183
2019-12-07,4PM,3,2,3,323
2019-12-07,9PM,0,4,0,040
2019-12-08,11AM,6,1,0,610
2019-12-08,4PM,5,1,0,510
2019-12-08,9PM,3,5,0,350
2019-12-09,11AM,5,3,9,539
2019-12-09,4PM,0,7,3,073
2019-12-09,9PM,6,3,6,636
2019-12-10,11AM,2,4,3,243
2019-12-10,4PM,4,6,4,464
2019-12-10,9PM,4,3,0,430
2019-12-11,11AM,0,4,2,042
2019-12-11,4PM,0,6,8,068
2019-12-11,9PM,8,9,1,891
2019-12-12,11AM,5,6,1,561
2019-12-12,4PM,8,6,8,868
2019-12-12,9PM,4,4,9,449
2019-12-13,11AM,3,6,0,360
2019-12-13,4PM,7,5,0,750
2019-12-13,9PM,8,6,0,860
2019-12-14,11AM,8,0,7,807
2019-12-14,4PM,2,3,3,233
2019-12-14,9PM,1,9,2,192
2019-12-15,11AM,9,8,9,989
2019-12-15,4PM,4,4,6,446
2019-12-15,9PM,8,0,8,808
2019-12-16,11AM,0,7,1,071
2019-12-16,4PM,6,4,9,649
2019-12-16,9PM,4,1,1,411
2019-12-17,11AM,6,1,7,617
2019-12-17,4PM,8,5,9,859
2019-12-17,9PM,3,0,3,303
2019-12-18,11AM,0,7,9,079
2019-12-18,4PM,1,5,3,153
2019-12-18,9PM,3,1,4,314
2019-12-19,11AM,6,7,1,671
2019-12-19,4PM,9,6,1,961
2019-12-19,9PM,2,0,5,205
2019-12-20,11AM,1,6,2,162
2019-12-20,4PM,8,3,0,830
2019-12-20,9PM,9,2,0,920
2019-12-21,11AM,7,6,6,766
2019-12-21,4PM,4,8,0,480
2019-12-21,9PM,2,7,1,271
2019-12-22,11AM,1,2,7,127
2019-12-22,4PM,1,7,1,171
2019-12-22,9PM,5,9,8,598
2019-12-23,11AM,1,0,3,103
2019-12-23,4PM,0,3,3,033
2019-12-23,9PM,2,0,4,204
2019-12-24,11AM,0,8,3,083
2019-12-24,4PM,2,2,2,222
2019-12-24,9PM,1,6,7,167
2019-12-26,11AM,2,5,7,257
2019-12-26,4PM,0,9,2,092
2019-12-26,9PM,8,1,8,818
2019-12-27,11AM,0,9,4,094
2019-12-27,4PM,4,7,6,476
2019-12-27,9PM,4,9,2,492
2019-12-28,11AM,3,9,0,390
2019-12-28,4PM,7,5,7,757
2019-12-28,9PM,8,3,1,831
2019-12-29,11AM,9,9,2,992
2019-12-29,4PM,2,1,8,218
2019-12-29,9PM,2,9,2,292
2019-12-30,11AM,7,3,0,730
2019-12-30,4PM,7,1,8,718
2019-12-30,9PM,1,8,2,182
2019-12-31,11AM,4,8,4,484
2019-12-31,4PM,7,4,5,745
2019-12-31,9PM,9,6,3,963
2020-01-02,11AM,9,0,8,908
2020-01-02,4PM,0,5,2,052
2020-01-02,9PM,0,6,2,062
2020-01-03,11AM,9,3,2,932
2020-01-03,4PM,5,8,3,583
2020-01-03,9PM,7,4,4,744
2020-01-04,11AM,0,2,8,028
2020-01-04,4PM,1,4,6,146
2020-01-04,9PM,7,4,9,749
2020-01-05,11AM,5,9,8,598
2020-01-05,4PM,9,7,3,973
2020-01-05,9PM,7,0,6,706
2020-01-06,11AM,9,6,5,965
2020-01-06,4PM,3,4,6,346
2020-01-06,9PM,5,7,7,577
2020-01-07,11AM,5,3,1,531
2020-01-07,4PM,0,9,4,094
2020-01-07,9PM,9,6,7,967
2020-01-08,11AM,3,1,1,311
2020-01-08,4PM,3,8,3,383
2020-01-08,9PM,7,6,3,763
2020-01-09,11AM,5,2,3,523
2020-01-09,4PM,5,2,0,520
2020-01-09,9PM,8,6,9,869
2020-01-10,11AM,3,0,2,302
2020-01-10,4PM,2,2,0,220
2020-01-10,9PM,4,6,9,469
2020-01-11,11AM,9,9,1,991
2020-01-11,4PM,5,6,6,566
2020-01-11,9PM,4,1,8,418
2020-01-12,11AM,9,4,5,945
2020-01-12,4PM,6,4,2,642
2020-01-12,9PM,8,3,1,831
2020-01-13,11AM,8,6,9,869
2020-01-13,4PM,8,1,1,811
2020-01-13,9PM,5,9,2,592
2020-01-14,11AM,7,1,7,717
2020-01-14,4PM,8,0,9,809
2020-01-14,9PM,8,9,1,891
2020-01-15,11AM,7,7,3,773
2020-01-15,4PM,1,9,2,192
2020-01-15,9PM,5,7,4,574
2020-01-16,11AM,6,9,6,696
2020-01-16,4PM,8,5,6,856
2020-01-16,9PM,3,4,7,347
2020-01-17,11AM,1,1,9,119
2020-01-17,4PM,4,6,5,465
2020-01-17,9PM,4,6,5,465
2020-01-18,11AM,9,8,3,983
2020-01-18,4PM,6,7,2,672
2020-01-18,9PM,1,4,0,140
2020-01-19,11AM,5,3,3,533
2020-01-19,4PM,8,6,3,863
2020-01-19,9PM,4,0,4,404
2020-01-20,11AM,1,4,1,141
2020-01-20,4PM,3,2,7,327
2020-01-20,9PM,7,4,3,743
2020-01-21,11AM,6,7,5,675
2020-01-21,4PM,8,9,6,896
2020-01-21,9PM,7,5,7,757
2020-01-22,11AM,0,7,5,075
2020-01-22,4PM,5,7,8,578
2020-01-22,9PM,1,1,0,110
2020-01-23,11AM,4,8,8,488
2020-01-23,4PM,4,4,8,448
2020-01-23,9PM,5,3,3,533
2020-01-24,11AM,9,5,8,958
2020-01-24,4PM,8,7,6,876
2020-01-24,9PM,8,2,5,825
2020-01-25,11AM,3,3,6,336
2020-01-25,4PM,5,6,5,565
2020-01-25,9PM,8,1,2,812
2020-01-26,11AM,3,3,1,331
2020-01-26,4PM,0,4,3,043
2020-01-26,9PM,6,0,5,605
2020-01-27,11AM,3,2,4,324
2020-01-27,4PM,7,2,0,720
2020-01-27,9PM,4,0,6,406
2020-01-28,11AM,2,7,2,272
2020-01-28,4PM,9,6,5,965
2020-01-28,9PM,9,3,3,933
2020-01-29,11AM,0,1,7,017
2020-01-29,4PM,2,7,7,277
2020-01-29,9PM,6,3,9,639
2020-01-30,11AM,1,9,9,199
2020-01-30,4PM,0,5,6,056
2020-01-30,9PM,5,6,2,562
2020-01-31,11AM,0,9,4,094
2020-01-31,4PM,3,7,7,377
2020-01-31,9PM,0,7,1,071
2020-02-01,11AM,0,6,3,063
2020-02-01,4PM,5,9,6,596
2020-02-01,9PM,0,3,4,034
2020-02-02,11AM,2,9,7,297
2020-02-02,4PM,7,9,7,797
2020-02-02,9PM,6,0,5,605
2020-02-03,11AM,5,9,0,590
2020-02-03,4PM,3,4,5,345
2020-02-03,9PM,1,3,0,130
2020-02-04,11AM,7,9,5,795
2020-02-04,4PM,8,2,4,824
2020-02-04,9PM,2,4,2,242
2020-02-05,11AM,1,3,8,138
2020-02-05,4PM,5,2,8,528
2020-02-05,9PM,5,8,0,580
2020-02-06,11AM,4,1,0,410
2020-02-06,4PM,5,0,6,506
2020-02-06,9PM,3,6,8,368
2020-02-07,11AM,3,9,4,394
2020-02-07,4PM,6,2,7,627
2020-02-07,9PM,9,6,5,965
2020-02-08,11AM,8,7,6,876
2020-02-08,4PM,8,5,6,856
2020-02-08,9PM,0,1,5,015
2020-02-09,11AM,7,7,0,770
2020-02-09,4PM,3,3,8,338
2020-02-09,9PM,0,2,8,028
2020-02-10,11AM,4,5,9,459
2020-02-10,4PM,2,6,1,261
2020-02-10,9PM,1,6,2,162
2020-02-11,11AM,8,9,7,897
2020-02-11,4PM,7,6,4,764
2020-02-11,9PM,2,1,2,212
2020-02-12,11AM,2,2,9,229
2020-02-12,4PM,4,8,6,486
2020-02-12,9PM,2,1,1,211
2020-02-13,11AM,0,3,7,037
2020-02-13,4PM,0,2,7,027
2020-02-13,9PM,3,7,3,373
2020-02-14,11AM,7,3,1,731
2020-02-14,4PM,7,0,4,704
2020-02-14,9PM,9,5,2,952
2020-02-15,11AM,0,8,0,080
2020-02-15,4PM,9,9,8,998
2020-02-15,9PM,2,0,6,206
2020-02-16,11AM,1,6,7,167
2020-02-16,4PM,8,2,7,827
2020-02-16,9PM,0,5,8,058
2020-02-17,11AM,7,2,5,725
2020-02-17,4PM,4,1,9,419
2020-02-17,9PM,8,4,0,840
2020-02-18,11AM,2,9,2,292
2020-02-18,4PM,4,0,7,407
2020-02-18,9PM,2,2,7,227
2020-02-19,11AM,9,0,4,904
2020-02-19,4PM,8,2,7,827
2020-02-19,9PM,8,8,6,886
2020-02-20,11AM,6,0,2,602
2020-02-20,4PM,4,3,9,439
2020-02-20,9PM,7,4,1,741
2020-02-21,11AM,8,6,4,864
2020-02-21,4PM,1,7,5,175
2020-02-21,9PM,0,0,2,002
2020-02-22,11AM,9,0,6,906
2020-02-22,4PM,9,5,7,957
2020-02-22,9PM,3,0,8,308
2020-02-23,11AM,4,2,2,422
2020-02-23,4PM,9,3,7,937
2020-02-23,9PM,1,7,7,177
2020-02-24,11AM,6,6,5,665
2020-02-24,4PM,1,2,8,128
2020-02-24,9PM,3,1,0,310
2020-02-25,11AM,7,1,7,717
2020-02-25,4PM,1,5,7,157
2020-02-25,9PM,8,5,4,854
2020-02-26,11AM,1,6,3,163
2020-02-26,4PM,7,0,1,701
2020-02-26,9PM,2,3,0,230
2020-02-27,11AM,5,2,5,525
2020-02-27,4PM,6,4,0,640
2020-02-27,9PM,4,8,4,484
2020-02-28,11AM,6,2,8,628
2020-02-28,4PM,5,8,1,581
2020-02-28,9PM,4,2,6,426
2020-02-29,11AM,4,8,9,489
2020-02-29,4PM,1,3,4,134
2020-02-29,9PM,8,2,4,824
2020-03-01,11AM,5,6,5,565
2020-03-01,4PM,1,5,1,151
2020-03-01,9PM,7,0,8,708
2020-03-02,11AM,0,5,9,059
2020-03-02,4PM,2,0,8,208
2020-03-02,9PM,3,1,0,310
2020-03-03,11AM,4,4,0,440
2020-03-03,4PM,1,0,9,109
2020-03-03,9PM,7,9,5,795
2020-03-04,11AM,4,6,4,464
2020-03-04,4PM,1,9,7,197
2020-03-04,9PM,8,8,6,886
2020-03-05,11AM,5,1,3,513
2020-03-05,4PM,2,7,4,274
2020-03-05,9PM,2,2,1,221
2020-03-06,11AM,2,1,5,215
2020-03-06,4PM,4,2,7,427
2020-03-06,9PM,9,6,6,966
2020-03-07,11AM,9,9,2,992
2020-03-07,4PM,7,3,3,733
2020-03-07,9PM,8,0,0,800
2020-03-08,11AM,5,0,3,503
2020-03-08,4PM,9,9,0,990
2020-03-08,9PM,1,0,5,105
2020-03-09,11AM,7,3,1,731
2020-03-09,4PM,5,0,8,508
2020-03-09,9PM,9,9,9,999
2020-03-10,11AM,5,4,2,542
2020-03-10,4PM,9,1,7,917
2020-03-10,9PM,1,7,1,171
2020-03-11,11AM,5,6,5,565
2020-03-11,4PM,8,9,6,896
2020-03-11,9PM,7,6,4,764
2020-03-12,11AM,1,7,8,178
2020-03-12,4PM,8,0,6,806
2020-03-12,9PM,4,3,9,439
2020-03-13,11AM,7,9,7,797
2020-03-13,4PM,1,4,4,144
2020-03-13,9PM,7,5,9,759
2020-03-14,11AM,5,2,7,527
2020-03-14,4PM,0,6,6,066
2020-03-14,9PM,0,0,4,004
2020-03-15,11AM,7,2,5,725
2020-03-15,4PM,9,6,1,961
2020-03-15,9PM,3,5,8,358
2020-03-16,11AM,6,8,7,687
2020-03-16,4PM,6,3,1,631
2020-03-16,9PM,5,8,1,581
2020-03-17,11AM,6,7,0,670
2020-03-17,4PM,9,4,6,946
2020-03-17,9PM,4,0,3,403
2020-03-18,11AM,4,0,6,406
2020-03-18,4PM,2,6,6,266
2020-03-18,9PM,1,4,8,148
2020-03-19,11AM,4,0,4,404
2020-08-24,11AM,2,0,6,206
2020-08-24,4PM,6,9,0,690
2020-08-24,9PM,9,7,4,974
2020-08-25,11AM,9,0,0,900
2020-08-25,4PM,0,7,6,076
2020-08-25,9PM,3,4,8,348
2020-08-26,11AM,3,5,3,353
2020-08-26,4PM,0,0,9,009
2020-08-26,9PM,3,0,4,304
2020-08-27,11AM,6,8,2,682
2020-08-27,4PM,6,4,4,644
2020-08-27,9PM,7,5,4,754
2020-08-28,11AM,2,3,6,236
2020-08-28,4PM,0,1,0,010
2020-08-28,9PM,7,7,6,776
2020-08-29,11AM,1,6,2,162
2020-08-29,4PM,3,6,3,363
2020-08-29,9PM,6,8,3,683
2020-08-30,11AM,1,1,8,118
2020-08-30,4PM,1,1,6,116
2020-08-30,9PM,8,8,0,880
2020-08-31,11AM,0,9,9,099
2020-08-31,4PM,4,5,7,457
2020-08-31,9PM,3,8,9,389
2020-09-01,2PM,3,1,1,311
2020-09-01,5PM,8,2,5,825
2020-09-01,9PM,9,5,5,955
2020-09-02,2PM,9,3,7,937
2020-09-02,5PM,8,4,3,843
2020-09-02,9PM,6,0,1,601
2020-09-03,2PM,3,5,4,354
2020-09-03,5PM,5,2,7,527
2020-09-03,9PM,5,2,5,525
2020-09-04,2PM,3,5,9,359
2020-09-04,5PM,8,7,0,870
2020-09-04,9PM,0,5,1,051
2020-09-05,2PM,0,1,7,017
2020-09-05,5PM,7,1,7,717
2020-09-05,9PM,6,9,4,694
2020-09-06,2PM,3,0,6,306
2020-09-06,5PM,8,3,9,839
2020-09-06,9PM,7,8,4,784
2020-09-07,2PM,4,9,2,492
2020-09-07,5PM,7,2,5,725
2020-09-07,9PM,9,0,2,902
2020-09-08,2PM,5,1,5,515
2020-09-08,5PM,3,8,7,387
2020-09-08,9PM,1,7,3,173
2020-09-09,2PM,1,0,2,102
2020-09-09,5PM,0,1,0,010
2020-09-09,9PM,5,6,3,563
2020-09-10,2PM,5,2,2,522
2020-09-10,5PM,4,4,0,440
2020-09-10,9PM,1,8,4,184
2020-09-11,2PM,4,2,1,421
2020-09-11,5PM,0,5,3,053
2020-09-11,9PM,9,9,2,992
2020-09-12,2PM,8,1,4,814
2020-09-12,5PM,6,9,1,691
2020-09-12,9PM,2,8,5,285
2020-09-13,2PM,1,0,1,101
2020-09-13,5PM,2,8,2,282
2020-09-13,9PM,3,3,1,331
2020-09-14,2PM,3,4,6,346
2020-09-14,5PM,2,4,1,241
2020-09-14,9PM,6,3,8,638
2020-09-15,2PM,7,4,9,749
2020-09-15,5PM,3,6,3,363
2020-09-15,9PM,5,2,2,522
2020-09-16,2PM,0,3,9,039
2020-09-16,5PM,8,9,1,891
2020-09-16,9PM,1,5,1,151
2020-09-17,2PM,5,7,9,579
2020-09-17,5PM,0,1,7,017
2020-09-17,9PM,5,5,8,558
2020-09-18,2PM,6,6,6,666
2020-09-18,5PM,6,3,6,636
2020-09-18,9PM,5,0,4,504
2020-09-19,2PM,7,3,7,737
2020-09-19,5PM,7,4,2,742
2020-09-19,9PM,1,7,6,176
2020-09-20,2PM,0,9,3,093
2020-09-20,5PM,4,1,1,411
2020-09-20,9PM,1,7,1,171
2020-09-21,2PM,2,7,3,273
2020-09-21,5PM,5,2,6,526
2020-09-21,9PM,5,6,2,562
2020-09-22,2PM,0,9,6,096
2020-09-22,5PM,3,0,0,300
2020-09-22,9PM,2,1,8,218
2020-09-23,2PM,2,9,5,295
2020-09-23,5PM,8,3,1,831
2020-09-23,9PM,0,3,1,031
2020-09-24,2PM,9,8,4,984
2020-09-24,5PM,5,3,7,537
2020-09-24,9PM,6,3,4,634
2020-09-25,2PM,6,4,9,649
2020-09-25,5PM,9,9,7,997
2020-09-25,9PM,2,4,5,245
2020-09-26,2PM,4,7,8,478
2020-09-26,5PM,1,2,9,129
2020-09-26,9PM,9,0,1,901
2020-09-27,2PM,4,4,8,448
2020-09-27,5PM,4,2,3,423
2020-09-27,9PM,7,3,2,732
2020-09-28,2PM,9,8,8,988
2020-09-28,5PM,4,1,7,417
2020-09-28,9PM,2,9,0,290
2020-09-29,2PM,1,1,4,114
2020-09-29,5PM,6,9,0,690
2020-09-29,9PM,2,7,9,279
2020-09-30,2PM,4,7,5,475
2020-09-30,5PM,4,0,1,401
2020-09-30,9PM,0,2,9,029
2020-10-01,11AM,3,5,5,355
2020-10-01,4PM,3,6,2,362
2020-10-01,9PM,5,5,9,559
2020-10-02,11AM,2,0,0,200
2020-10-02,4PM,2,7,8,278
2020-10-02,9PM,0,8,1,081
2020-10-03,11AM,7,6,4,764
2020-10-03,4PM,0,3,8,038
2020-10-03,9PM,3,4,9,349
2020-10-04,11AM,0,0,0,000
2020-10-04,4PM,8,5,3,853
2020-10-04,9PM,3,9,7,397
2020-10-05,11AM,2,1,2,212
2020-10-05,4PM,7,0,7,707
2020-10-05,9PM,9,7,1,971
2020-10-06,11AM,8,0,0,800
2020-10-06,4PM,3,5,5,355
2020-10-06,9PM,9,6,2,962
2020-10-07,11AM,5,9,9,599
2020-10-07,4PM,0,3,8,038
2020-10-07,9PM,5,3,5,535
2020-10-08,11AM,2,3,9,239
2020-10-08,4PM,9,6,4,964
2020-10-08,9PM,6,5,0,650
2020-10-09,11AM,5,9,0,590
2020-10-09,4PM,4,6,4,464
2020-10-09,9PM,5,3,1,531
2020-10-10,11AM,8,6,5,865
2020-10-10,4PM,6,9,7,697
2020-10-10,9PM,9,6,1,961
2020-10-11,11AM,8,6,4,864
2020-10-11,4PM,7,3,1,731
2020-10-11,9PM,8,5,1,851
2020-10-12,11AM,5,9,0,590
2020-10-12,4PM,7,9,3,793
2020-10-12,9PM,1,2,8,128
2020-10-13,11AM,9,1,8,918
2020-10-13,4PM,5,1,7,517
2020-10-13,9PM,7,2,6,726
2020-10-14,11AM,8,0,0,800
2020-10-14,4PM,4,8,0,480
2020-10-14,9PM,7,2,2,722
2020-10-15,11AM,2,4,9,249
2020-10-15,4PM,3,9,9,399
2020-10-15,9PM,8,6,3,863
2020-10-16,11AM,9,1,8,918
2020-10-16,4PM,4,8,5,485
2020-10-16,9PM,3,2,6,326
2020-10-17,11AM,9,8,2,982
2020-10-17,4PM,6,8,2,682
2020-10-17,9PM,4,3,7,437
2020-10-18,11AM,0,5,7,057
2020-10-18,4PM,5,2,7,527
2020-10-18,9PM,6,2,5,625
2020-10-19,11AM,7,0,9,709
2020-10-19,4PM,6,1,5,615
2020-10-19,9PM,5,9,9,599
2020-10-20,11AM,9,3,9,939
2020-10-20,4PM,1,5,2,152
2020-10-20,9PM,9,2,3,923
2020-10-21,11AM,8,6,8,868
2020-10-21,4PM,0,3,9,039
2020-10-21,9PM,2,0,4,204
2020-10-22,11AM,8,1,8,818
2020-10-22,4PM,8,2,9,829
2020-10-22,9PM,4,4,5,445
2020-10-23,11AM,5,1,6,516
2020-10-23,4PM,9,3,9,939
2020-10-23,9PM,2,7,0,270
2020-10-24,11AM,0,2,3,023
2020-10-24,4PM,9,7,0,970
2020-10-24,9PM,3,4,3,343
2020-10-25,11AM,5,9,6,596
2020-10-25,4PM,2,2,8,228
2020-10-25,9PM,8,3,3,833
2020-10-26,11AM,8,9,6,896
2020-10-26,4PM,5,5,9,559
2020-10-26,9PM,3,0,5,305
2020-10-27,11AM,3,5,7,357
2020-10-27,4PM,2,9,9,299
2020-10-27,9PM,5,9,0,590
2020-10-28,11AM,5,2,7,527
2020-10-28,4PM,0,0,2,002
2020-10-28,9PM,5,9,2,592
2020-10-29,11AM,6,6,4,664
2020-10-29,4PM,1,6,3,163
2020-10-29,9PM,8,3,5,835
2020-10-30,11AM,5,8,7,587
2020-10-30,4PM,3,3,5,335
2020-10-30,9PM,3,6,2,362
2020-10-31,11AM,7,0,8,708
2020-10-31,4PM,5,3,4,534
2020-10-31,9PM,6,5,9,659
2020-11-01,11AM,9,0,1,901
2020-11-01,4PM,1,1,3,113
2020-11-01,9PM,7,1,2,712
2020-11-02,11AM,0,8,3,083
2020-11-02,4PM,1,5,1,151
2020-11-02,9PM,2,9,8,298
2020-11-03,11AM,0,4,8,048
2020-11-03,4PM,7,1,9,719
2020-11-03,9PM,6,9,7,697
2020-11-04,11AM,6,7,1,671
2020-11-04,4PM,3,5,0,350
2020-11-04,9PM,6,7,9,679
2020-11-05,11AM,1,5,5,155
2020-11-05,4PM,7,4,9,749
2020-11-05,9PM,8,0,3,803
2020-11-06,11AM,9,8,2,982
2020-11-06,4PM,9,8,1,981
2020-11-06,9PM,8,9,5,895
2020-11-07,11AM,4,9,0,490
2020-11-07,4PM,1,6,3,163
2020-11-07,9PM,9,1,1,911
2020-11-08,11AM,8,2,9,829
2020-11-08,4PM,6,6,3,663
2020-11-08,9PM,5,4,5,545
2020-11-09,11AM,3,8,5,385
2020-11-09,4PM,9,0,1,901
2020-11-09,9PM,8,1,0,810
2020-11-10,11AM,1,9,1,191
2020-11-10,4PM,4,4,8,448
2020-11-10,9PM,1,9,1,191
2020-11-11,11AM,1,7,9,179
2020-11-11,4PM,6,6,6,666
2020-11-11,9PM,2,2,0,220
2020-11-12,11AM,3,8,5,385
2020-11-12,4PM,9,1,1,911
2020-11-12,9PM,2,7,6,276
2020-11-13,11AM,1,6,2,162
2020-11-13,4PM,8,1,2,812
2020-11-13,9PM,3,9,8,398
2020-11-14,11AM,4,6,8,468
2020-11-14,4PM,4,8,6,486
2020-11-14,9PM,5,2,7,527
2020-11-15,11AM,9,4,2,942
2020-11-15,4PM,5,8,3,583
2020-11-15,9PM,0,2,7,027
2020-11-16,11AM,1,7,6,176
2020-11-16,4PM,5,5,9,559
2020-11-16,9PM,1,2,9,129
2020-11-17,11AM,8,4,4,844
2020-11-17,4PM,7,2,6,726
2020-11-17,9PM,4,5,1,451
2020-11-18,11AM,2,4,8,248
2020-11-18,4PM,1,6,8,168
2020-11-18,9PM,3,5,4,354
2020-11-19,11AM,5,5,8,558
2020-11-19,4PM,0,5,6,056
2020-11-19,9PM,4,7,4,474
2020-11-20,11AM,7,0,1,701
2020-11-20,4PM,3,0,9,309
2020-11-20,9PM,8,1,4,814
2020-11-21,11AM,1,1,4,114
2020-11-21,4PM,3,6,7,367
2020-11-21,9PM,4,2,7,427
2020-11-22,11AM,0,2,4,024
2020-11-22,4PM,4,5,3,453
2020-11-22,9PM,8,1,7,817
2020-11-23,11AM,4,7,7,477
2020-11-23,4PM,9,2,7,927
2020-11-23,9PM,9,9,0,990
2020-11-24,11AM,8,7,7,877
2020-11-24,4PM,4,3,9,439
2020-11-24,9PM,7,7,1,771
2020-11-25,11AM,0,3,9,039
2020-11-25,4PM,7,4,8,748
2020-11-25,9PM,8,5,2,852
2020-11-26,11AM,2,6,3,263
2020-11-26,4PM,2,0,5,205
2020-11-26,9PM,9,4,3,943
2020-11-27,11AM,2,4,2,242
2020-11-27,4PM,3,7,6,376
2020-11-27,9PM,8,7,7,877
2020-11-28,11AM,1,1,8,118
2020-11-28,4PM,8,0,1,801
2020-11-28,9PM,7,9,1,791
2020-11-29,11AM,3,6,9,369
2020-11-29,4PM,2,2,1,221
2020-11-29,9PM,3,9,5,395
2020-11-30,11AM,1,0,7,107
2020-11-30,4PM,7,3,1,731
2020-11-30,9PM,3,1,6,316
2020-12-01,11AM,9,9,1,991
2020-12-01,4PM,6,4,8,648
2020-12-01,9PM,7,2,9,729
2020-12-02,11AM,7,3,3,733
2020-12-02,4PM,4,7,1,471
2020-12-02,9PM,1,3,2,132
2020-12-03,11AM,0,1,9,019
2020-12-03,4PM,2,1,5,215
2020-12-03,9PM,6,2,0,620
2020-12-04,11AM,2,6,5,265
2020-12-04,4PM,1,8,3,183
2020-12-04,9PM,7,9,3,793
2020-12-05,11AM,9,0,5,905
2020-12-05,4PM,3,1,1,311
2020-12-05,9PM,3,6,5,365
2020-12-06,11AM,3,8,9,389
2020-12-06,4PM,6,8,5,685
2020-12-06,9PM,5,7,6,576
2020-12-07,11AM,9,9,1,991
2020-12-07,4PM,3,5,5,355
2020-12-07,9PM,9,1,9,919
2020-12-08,11AM,5,4,0,540
2020-12-08,4PM,6,9,5,695
2020-12-08,9PM,0,0,3,003
2020-12-09,11AM,6,6,5,665
2020-12-09,4PM,2,4,1,241
2020-12-09,9PM,6,8,0,680
2020-12-10,11AM,3,2,4,324
2020-12-10,4PM,0,6,6,066
2020-12-10,9PM,1,8,9,189
2020-12-11,11AM,3,3,9,339
2020-12-11,4PM,4,7,6,476
2020-12-11,9PM,9,0,3,903
2020-12-12,11AM,2,7,9,279
2020-12-12,4PM,9,4,9,949
2020-12-12,9PM,0,5,7,057
2020-12-13,11AM,2,2,6,226
2020-12-13,4PM,8,2,6,826
2020-12-13,9PM,2,1,1,211
2020-12-14,11AM,9,5,1,951
2020-12-14,4PM,1,0,2,102
2020-12-14,9PM,3,9,1,391
2020-12-15,11AM,1,3,7,137
2020-12-15,4PM,0,1,7,017
2020-12-15,9PM,6,5,5,655
2020-12-16,11AM,5,1,1,511
2020-12-16,4PM,3,5,8,358
2020-12-16,9PM,4,6,8,468
2020-12-17,11AM,0,4,9,049
2020-12-17,4PM,0,6,9,069
2020-12-17,9PM,4,9,4,494
2020-12-18,11AM,7,4,5,745
2020-12-18,4PM,7,5,1,751
2020-12-18,9PM,8,5,4,854
2020-12-19,11AM,6,3,6,636
2020-12-19,4PM,6,5,1,651
2020-12-19,9PM,3,4,8,348
2020-12-20,11AM,1,4,6,146
2020-12-20,4PM,2,5,9,259
2020-12-20,9PM,3,6,0,360
2020-12-21,11AM,8,5,3,853
2020-12-21,4PM,7,4,3,743
2020-12-21,9PM,2,3,6,236
2020-12-22,11AM,6,7,3,673
2020-12-22,4PM,9,0,1,901
2020-12-22,9PM,1,5,9,159
2020-12-23,11AM,4,1,8,418
2020-12-23,4PM,4,4,3,443
2020-12-23,9PM,0,0,3,003
2020-12-24,11AM,5,1,1,511
2020-12-24,4PM,3,8,7,387
2020-12-24,9PM,8,0,8,808
2020-12-26,11AM,2,8,3,283
2020-12-26,4PM,2,5,8,258
2020-12-26,9PM,0,8,6,086
2020-12-27,11AM,9,1,5,915
2020-12-27,4PM,7,5,0,750
2020-12-27,9PM,7,6,1,761
2020-12-28,11AM,6,3,9,639
2020-12-28,4PM,2,4,7,247
2020-12-28,9PM,7,9,2,792
2020-12-29,11AM,3,2,8,328
2020-12-29,4PM,4,9,3,493
2020-12-29,9PM,1,3,1,131
2020-12-30,11AM,3,3,2,332
2020-12-30,4PM,2,1,8,218
2020-12-30,9PM,7,0,0,700
2020-12-31,11AM,0,3,6,036
2020-12-31,4PM,4,3,8,438
2020-12-31,9PM,4,6,3,463
2021-01-02,2PM,1,0,3,103
2021-01-02,5PM,3,1,3,313
2021-01-02,9PM,0,1,3,013
2021-01-03,2PM,7,4,4,744
2021-01-03,5PM,0,6,0,060
2021-01-03,9PM,9,0,9,909
2021-01-04,2PM,3,0,1,301
2021-01-04,5PM,1,4,6,146
2021-01-04,9PM,5,8,9,589
2021-01-05,2PM,0,1,1,011
2021-01-05,5PM,0,1,2,012
2021-01-05,9PM,8,5,2,852
2021-01-06,2PM,0,5,0,050
2021-01-06,5PM,7,8,3,783
2021-01-06,9PM,9,4,1,941
2021-01-07,2PM,2,9,4,294
2021-01-07,5PM,1,1,4,114
2021-01-07,9PM,0,2,0,020
2021-01-08,2PM,9,3,0,930
2021-01-08,5PM,9,2,5,925
2021-01-08,9PM,1,1,3,113
2021-01-09,2PM,0,3,9,039
2021-01-09,5PM,9,0,4,904
2021-01-09,9PM,7,3,3,733
2021-01-10,2PM,1,5,7,157
2021-01-10,5PM,2,6,7,267
2021-01-10,9PM,8,2,4,824
2021-01-11,2PM,3,0,9,309
2021-01-11,5PM,1,5,2,152
2021-01-11,9PM,6,6,8,668
2021-01-12,2PM,7,5,0,750
2021-01-12,5PM,4,4,5,445
2021-01-12,9PM,1,0,1,101
2021-01-13,2PM,8,0,6,806
2021-01-13,5PM,2,7,5,275
2021-01-13,9PM,5,0,8,508
2021-01-14,2PM,2,5,5,255
2021-01-14,5PM,9,8,6,986
2021-01-14,9PM,9,3,2,932
2021-01-15,2PM,1,5,6,156
2021-01-15,5PM,3,6,6,366
2021-01-15,9PM,4,9,8,498
2021-01-16,2PM,7,3,0,730
2021-01-16,5PM,7,3,9,739
2021-01-16,9PM,5,6,3,563
2021-01-17,2PM,6,2,2,622
2021-01-17,5PM,0,2,7,027
2021-01-17,9PM,2,2,6,226
2021-01-18,2PM,2,1,9,219
2021-01-18,5PM,5,1,1,511
2021-01-18,9PM,7,6,7,767
2021-01-19,2PM,2,0,8,208
2021-01-19,5PM,0,4,5,045
2021-01-19,9PM,9,1,3,913
2021-01-20,2PM,6,8,0,680
2021-01-20,5PM,0,1,2,012
2021-01-20,9PM,9,5,6,956
2021-01-21,2PM,3,9,3,393
2021-01-21,5PM,9,4,0,940
2021-01-21,9PM,1,0,9,109
2021-01-22,2PM,6,4,4,644
2021-01-22,5PM,8,5,4,854
2021-01-22,9PM,8,1,0,810
2021-01-23,2PM,5,9,8,598
2021-01-23,5PM,1,4,3,143
2021-01-23,9PM,5,1,3,513
2021-01-24,2PM,3,9,4,394
2021-01-24,5PM,5,5,6,556
2021-01-24,9PM,7,1,9,719
2021-01-25,2PM,7,5,7,757
2021-01-25,5PM,5,1,7,517
2021-01-25,9PM,0,9,3,093
2021-01-26,2PM,4,5,7,457
2021-01-26,5PM,0,8,7,087
2021-01-26,9PM,2,6,6,266
2021-01-27,2PM,4,6,9,469
2021-01-27,5PM,6,7,9,679
2021-01-27,9PM,1,8,0,180
2021-01-28,2PM,0,0,5,005
2021-01-28,5PM,9,5,7,957
2021-01-28,9PM,0,9,3,093
2021-01-29,2PM,8,8,2,882
2021-01-29,5PM,4,5,2,452
2021-01-29,9PM,0,9,2,092
2021-01-30,2PM,0,6,6,066
2021-01-30,5PM,4,0,1,401
2021-01-30,9PM,0,6,3,063
2021-01-31,2PM,7,3,0,730
2021-01-31,5PM,1,3,5,135
2021-01-31,9PM,9,7,1,971
2021-02-01,2PM,4,4,6,446
2021-02-01,5PM,1,4,2,142
2021-02-01,9PM,5,4,0,540
2021-02-02,2PM,3,6,3,363
2021-02-02,5PM,4,9,1,491
2021-02-02,9PM,7,8,0,780
2021-02-03,2PM,6,7,4,674
2021-02-03,5PM,8,6,7,867
2021-02-03,9PM,0,4,8,048
2021-02-04,2PM,3,9,0,390
2021-02-04,5PM,0,9,6,096
2021-02-04,9PM,2,9,5,295
2021-02-05,2PM,7,7,8,778
2021-02-05,5PM,3,9,7,397
2021-02-05,9PM,9,7,7,977
2021-02-06,2PM,9,7,5,975
2021-02-06,5PM,0,2,7,027
2021-02-06,9PM,8,5,4,854
2021-02-07,2PM,7,4,4,744
2021-02-07,5PM,6,3,3,633
2021-02-07,9PM,5,9,9,599
2021-02-08,2PM,4,5,4,454
2021-02-08,5PM,0,8,8,088
2021-02-08,9PM,6,0,1,601
2021-02-09,2PM,9,0,7,907
2021-02-09,5PM,1,8,9,189
2021-02-09,9PM,7,7,2,772
2021-02-10,2PM,2,0,1,201
2021-02-10,5PM,7,4,0,740
2021-02-10,9PM,1,0,9,109
2021-02-11,2PM,1,2,0,120
2021-02-11,5PM,1,9,8,198
2021-02-11,9PM,6,0,5,605
2021-02-12,2PM,4,8,6,486
2021-02-12,5PM,7,5,6,756
2021-02-12,9PM,8,8,7,887
2021-02-13,2PM,8,1,6,816
2021-02-13,5PM,2,5,3,253
2021-02-13,9PM,9,3,3,933
2021-02-14,2PM,8,4,2,842
2021-02-14,5PM,7,7,3,773
2021-02-14,9PM,5,9,7,597
2021-02-15,2PM,2,4,1,241
2021-02-15,5PM,1,6,6,166
2021-02-15,9PM,3,2,4,324
2021-02-16,2PM,8,2,0,820
2021-02-16,5PM,5,8,8,588
2021-02-16,9PM,1,0,7,107
2021-02-17,2PM,8,8,5,885
2021-02-17,5PM,5,8,8,588
2021-02-17,9PM,8,0,0,800
2021-02-18,2PM,0,4,9,049
2021-02-18,5PM,6,8,5,685
2021-02-18,9PM,2,5,1,251
2021-02-19,2PM,5,6,3,563
2021-02-19,5PM,3,0,8,308
2021-02-19,9PM,4,4,6,446
2021-02-20,2PM,2,4,6,246
2021-02-20,5PM,9,2,8,928
2021-02-20,9PM,9,3,7,937
2021-02-21,2PM,3,2,3,323
2021-02-21,5PM,6,6,0,660
2021-02-21,9PM,5,3,2,532
2021-02-22,2PM,3,6,0,360
2021-02-22,5PM,6,4,8,648
2021-02-22,9PM,8,4,2,842
2021-02-23,2PM,4,1,4,414
2021-02-23,5PM,8,6,3,863
2021-02-23,9PM,7,0,6,706
2021-02-24,2PM,1,1,7,117
2021-02-24,5PM,8,3,4,834
2021-02-24,9PM,3,7,3,373
2021-02-25,2PM,4,9,4,494
2021-02-25,5PM,1,4,4,144
2021-02-25,9PM,6,4,4,644
2021-02-26,2PM,9,0,4,904
2021-02-26,5PM,9,1,8,918
2021-02-26,9PM,3,2,2,322
2021-02-27,2PM,9,7,7,977
2021-02-27,5PM,0,4,7,047
2021-02-27,9PM,8,0,7,807
2021-02-28,2PM,6,7,9,679
2021-02-28,5PM,8,2,8,828
2021-02-28,9PM,7,8,0,780
2021-03-01,2PM,2,9,3,293
2021-03-01,5PM,3,6,0,360
2021-03-01,9PM,1,0,7,107
2021-03-02,2PM,2,5,3,253
2021-03-02,5PM,9,9,5,995
2021-03-02,9PM,1,1,3,113
2021-03-03,2PM,8,5,0,850
2021-03-03,5PM,6,9,5,695
2021-03-03,9PM,3,1,0,310
2021-03-04,2PM,3,6,7,367
2021-03-04,5PM,6,2,1,621
2021-03-04,9PM,8,1,3,813
2021-03-05,2PM,2,3,5,235
2021-03-05,5PM,4,5,7,457
2021-03-05,9PM,0,8,9,089
2021-03-06,2PM,8,0,7,807
2021-03-06,5PM,2,5,9,259
2021-03-06,9PM,0,7,9,079
2021-03-07,2PM,0,0,8,008
2021-03-07,5PM,0,4,5,045
2021-03-07,9PM,1,9,7,197
2021-03-08,2PM,3,4,2,342
2021-03-08,5PM,2,5,1,251
2021-03-08,9PM,6,8,1,681
2021-03-09,2PM,1,2,4,124
2021-03-09,5PM,9,1,8,918
2021-03-09,9PM,3,6,3,363
2021-03-10,2PM,8,5,4,854
2021-03-10,5PM,9,3,0,930
2021-03-10,9PM,6,0,7,607
2021-03-11,2PM,9,2,0,920
2021-03-11,5PM,9,6,2,962
2021-03-11,9PM,8,1,1,811
2021-03-12,2PM,0,8,5,085
2021-03-12,5PM,6,5,9,659
2021-03-12,9PM,9,9,6,996
2021-03-13,2PM,6,7,6,676
2021-03-13,5PM,4,9,6,496
2021-03-13,9PM,4,4,2,442
2021-03-14,2PM,4,8,7,487
2021-03-14,5PM,0,9,5,095
2021-03-14,9PM,1,2,6,126
2021-03-15,2PM,3,5,6,356
2021-03-15,5PM,4,6,2,462
2021-03-15,9PM,9,5,0,950
2021-03-16,2PM,2,6,1,261
2021-03-16,5PM,1,9,6,196
2021-03-16,9PM,2,7,4,274
2021-03-17,2PM,3,3,9,339
2021-03-17,5PM,6,9,3,693
2021-03-17,9PM,5,8,4,584
2021-03-18,2PM,6,5,7,657
2021-03-18,5PM,3,3,6,336
2021-03-18,9PM,9,5,2,952
2021-03-19,2PM,6,8,3,683
2021-03-19,5PM,6,0,6,606
2021-03-19,9PM,5,3,0,530
2021-03-20,2PM,0,4,4,044
2021-03-20,5PM,3,7,7,377
2021-03-20,9PM,6,3,1,631
2021-03-21,2PM,4,3,8,438
2021-03-21,5PM,7,8,2,782
2021-03-21,9PM,7,9,0,790
2021-03-22,2PM,6,8,9,689
2021-03-22,5PM,5,6,1,561
2021-03-22,9PM,1,3,4,134
2021-03-23,2PM,3,4,0,340
2021-03-23,5PM,4,0,4,404
2021-03-23,9PM,5,6,0,560
2021-03-24,2PM,4,3,8,438
2021-03-24,5PM,4,5,3,453
2021-03-24,9PM,3,7,0,370
2021-03-25,2PM,9,6,8,968
2021-03-25,5PM,4,0,6,406
2021-03-25,9PM,4,6,1,461
2021-03-26,2PM,2,4,5,245
2021-03-26,5PM,2,0,0,200
2021-03-26,9PM,9,1,3,913
2021-03-27,2PM,3,2,1,321
2021-03-27,5PM,4,6,3,463
2021-03-27,9PM,7,8,8,788
2021-03-28,2PM,3,3,8,338
2021-03-28,5PM,7,2,7,727
2021-03-28,9PM,0,9,4,094
2021-03-29,2PM,9,1,5,915
2021-03-29,5PM,9,3,4,934
2021-03-29,9PM,9,9,4,994
2021-03-30,2PM,7,9,7,797
2021-03-30,5PM,4,1,2,412
2021-03-30,9PM,9,3,9,939
2021-03-31,2PM,9,9,8,998
2021-03-31,5PM,2,3,1,231
2021-03-31,9PM,8,8,6,886
2021-04-05,2PM,7,7,8,778
2021-04-05,5PM,8,4,7,847
2021-04-05,9PM,3,2,3,323
2021-04-06,2PM,3,3,5,335
2021-04-06,5PM,7,7,2,772
2021-04-06,9PM,6,5,0,650
2021-04-07,2PM,4,0,5,405
2021-04-07,5PM,1,9,7,197
2021-04-07,9PM,1,5,5,155
2021-04-08,2PM,6,9,3,693
2021-04-08,5PM,7,8,7,787
2021-04-08,9PM,8,1,6,816
2021-04-09,2PM,4,0,7,407
2021-04-09,5PM,4,9,8,498
2021-04-09,9PM,1,9,8,198
2021-04-10,2PM,7,6,8,768
2021-04-10,5PM,5,5,0,550
2021-04-10,9PM,1,6,8,168
2021-04-11,2PM,0,6,5,065
2021-04-11,5PM,5,5,5,555
2021-04-11,9PM,3,4,0,340
2021-04-12,2PM,9,5,9,959
2021-04-12,5PM,7,2,9,729
2021-04-12,9PM,3,6,8,368
2021-04-13,2PM,2,4,8,248
2021-04-13,5PM,7,6,4,764
2021-04-13,9PM,4,7,1,471
2021-04-14,2PM,7,2,7,727
2021-04-14,5PM,0,8,1,081
2021-04-14,9PM,3,9,2,392
2021-04-15,2PM,3,8,9,389
2021-04-15,5PM,8,1,8,818
2021-04-15,9PM,5,4,6,546
2021-04-16,2PM,2,1,7,217
2021-04-16,5PM,6,0,8,608
2021-04-16,9PM,0,9,7,097
2021-04-17,2PM,1,9,0,190
2021-04-17,5PM,9,4,4,944
2021-04-17,9PM,1,1,6,116
2021-04-18,2PM,7,4,4,744
2021-04-18,5PM,1,6,3,163
2021-04-18,9PM,9,7,6,976
2021-04-19,2PM,4,7,8,478
2021-04-19,5PM,8,9,9,899
2021-04-19,9PM,4,0,8,408
2021-04-20,2PM,3,1,7,317
2021-04-20,5PM,4,4,3,443
2021-04-20,9PM,6,0,1,601
2021-04-21,2PM,0,6,0,060
2021-04-21,5PM,3,1,8,318
2021-04-21,9PM,1,4,5,145
2021-04-22,2PM,6,9,6,696
2021-04-22,5PM,4,2,2,422
2021-04-22,9PM,1,1,7,117
2021-04-23,2PM,5,5,7,557
2021-04-23,5PM,8,3,9,839
2021-04-23,9PM,8,6,3,863
2021-04-24,2PM,3,3,1,331
2021-04-24,5PM,3,5,2,352
2021-04-24,9PM,8,8,7,887
2021-04-25,2PM,2,7,6,276
2021-04-25,5PM,7,0,3,703
2021-04-25,9PM,0,5,0,050
2021-04-26,2PM,2,8,1,281
2021-04-26,5PM,3,1,1,311
2021-04-26,9PM,8,0,8,808
2021-04-27,2PM,8,6,3,863
2021-04-27,5PM,0,0,9,009
2021-04-27,9PM,2,5,5,255
2021-04-28,2PM,8,2,7,827
2021-04-28,5PM,1,4,4,144
2021-04-28,9PM,0,0,1,001
2021-04-29,2PM,2,1,5,215
2021-04-29,5PM,7,0,5,705
2021-04-29,9PM,9,2,6,926
2021-04-30,2PM,3,1,4,314
2021-04-30,5PM,1,2,5,125
2021-04-30,9PM,3,7,8,378
2021-05-01,2PM,7,8,8,788
2021-05-01,5PM,8,4,4,844
2021-05-01,9PM,4,0,3,403
2021-05-02,2PM,4,1,9,419
2021-05-02,5PM,8,6,3,863
2021-05-02,9PM,0,5,2,052
2021-05-03,2PM,2,6,0,260
2021-05-03,5PM,9,9,2,992
2021-05-03,9PM,2,5,9,259
2021-05-04,2PM,4,4,4,444
2021-05-04,5PM,9,7,1,971
2021-05-04,9PM,3,0,8,308
2021-05-05,2PM,7,6,2,762
2021-05-05,5PM,4,9,3,493
2021-05-05,9PM,7,8,9,789
2021-05-06,2PM,1,0,3,103
2021-05-06,5PM,0,6,2,062
2021-05-06,9PM,4,1,7,417
2021-05-07,2PM,7,6,2,762
2021-05-07,5PM,0,3,5,035
2021-05-07,9PM,6,3,5,635
2021-05-08,2PM,3,4,6,346
2021-05-08,5PM,8,0,7,807
2021-05-08,9PM,1,4,8,148
2021-05-09,2PM,0,8,7,087
2021-05-09,5PM,3,2,3,323
2021-05-09,9PM,3,8,0,380
2021-05-10,2PM,8,0,9,809
2021-05-10,5PM,9,2,5,925
2021-05-10,9PM,3,7,3,373
2021-05-11,2PM,3,7,7,377
2021-05-11,5PM,5,6,3,563
2021-05-11,9PM,5,3,6,536
2021-05-12,2PM,2,6,4,264
2021-05-12,5PM,2,8,2,282
2021-05-12,9PM,8,8,1,881
2021-05-13,2PM,7,0,3,703
2021-05-13,5PM,2,9,3,293
2021-05-13,9PM,2,3,6,236
2021-05-14,2PM,2,3,5,235
2021-05-14,5PM,0,4,8,048
2021-05-14,9PM,0,6,6,066
2021-05-15,2PM,9,0,1,901
2021-05-15,5PM,7,3,3,733
2021-05-15,9PM,6,3,7,637
2021-05-16,2PM,2,6,6,266
2021-05-16,5PM,4,3,4,434
2021-05-16,9PM,1,1,6,116
2021-05-17,2PM,3,8,0,380
2021-05-17,5PM,8,2,0,820
2021-05-17,9PM,2,4,4,244
2021-05-18,2PM,7,8,6,786
2021-05-18,5PM,4,0,4,404
2021-05-18,9PM,3,7,4,374
2021-05-19,2PM,1,9,7,197
2021-05-19,5PM,3,8,5,385
2021-05-19,9PM,5,9,2,592
2021-05-20,2PM,6,9,6,696
2021-05-20,5PM,7,2,8,728
2021-05-20,9PM,5,6,4,564
2021-05-21,2PM,1,6,5,165
2021-05-21,5PM,6,2,2,622
2021-05-21,9PM,2,0,9,209
2021-05-22,2PM,2,4,8,248
2021-05-22,5PM,9,4,9,949
2021-05-22,9PM,0,5,4,054
2021-05-23,2PM,1,4,9,149
2021-05-23,5PM,5,6,7,567
2021-05-23,9PM,1,7,9,179
2021-05-24,2PM,1,4,7,147
2021-05-24,5PM,6,3,8,638
2021-05-24,9PM,1,5,3,153
2021-05-25,2PM,6,6,9,669
2021-05-25,5PM,6,6,6,666
2021-05-25,9PM,1,9,8,198
2021-05-26,2PM,3,5,7,357
2021-05-26,5PM,4,9,7,497
2021-05-26,9PM,7,1,4,714
2021-05-27,2PM,8,0,6,806
2021-05-27,5PM,9,9,0,990
2021-05-27,9PM,1,4,2,142
2021-05-28,2PM,3,7,8,378
2021-05-28,5PM,8,2,7,827
2021-05-28,9PM,3,0,5,305
2021-05-29,2PM,9,3,3,933
2021-05-29,5PM,0,5,8,058
2021-05-29,9PM,0,6,7,067
2021-05-30,2PM,5,9,3,593
2021-05-30,5PM,5,9,1,591
2021-05-30,9PM,3,2,5,325
2021-05-31,2PM,5,1,3,513
2021-05-31,5PM,2,8,6,286
2021-05-31,9PM,5,8,8,588
2021-06-01,2PM,3,6,2,362
2021-06-01,5PM,0,1,1,011
2021-06-01,9PM,7,7,8,778
2021-06-02,2PM,7,1,2,712
2021-06-02,5PM,9,8,5,985
2021-06-02,9PM,4,2,5,425
2021-06-03,2PM,1,2,8,128
2021-06-03,5PM,1,4,4,144
2021-06-03,9PM,8,4,0,840
2021-06-04,2PM,8,8,3,883
2021-06-04,5PM,1,9,9,199
2021-06-04,9PM,8,4,5,845
2021-06-05,2PM,9,9,2,992
2021-06-05,5PM,3,4,6,346
2021-06-05,9PM,0,5,5,055
2021-06-06,2PM,7,9,3,793
2021-06-06,5PM,8,1,6,816
2021-06-06,9PM,6,3,7,637
2021-06-07,2PM,2,3,1,231
2021-06-07,5PM,5,5,1,551
2021-06-07,9PM,7,5,4,754
2021-06-08,2PM,7,9,4,794
2021-06-08,5PM,2,4,9,249
2021-06-08,9PM,4,3,0,430
2021-06-09,2PM,1,4,3,143
2021-06-09,5PM,9,0,3,903
2021-06-09,9PM,8,6,8,868
2021-06-10,2PM,0,0,3,003
2021-06-10,5PM,2,2,3,223
2021-06-10,9PM,4,6,6,466
2021-06-11,2PM,1,4,4,144
2021-06-11,5PM,3,7,5,375
2021-06-11,9PM,1,8,2,182
2021-06-12,2PM,7,9,3,793
2021-06-12,5PM,6,9,9,699
2021-06-12,9PM,4,7,7,477
2021-06-13,2PM,2,0,9,209
2021-06-13,5PM,0,7,7,077
2021-06-13,9PM,7,6,1,761
2021-06-14,2PM,3,9,5,395
2021-06-14,5PM,6,5,4,654
2021-06-14,9PM,7,5,2,752
2021-06-15,2PM,7,7,8,778
2021-06-15,5PM,0,4,9,049
2021-06-15,9PM,8,2,3,823
2021-06-16,2PM,4,2,5,425
2021-06-16,5PM,9,0,3,903
2021-06-16,9PM,0,5,8,058
2021-06-17,2PM,2,1,1,211
2021-06-17,5PM,0,8,2,082
2021-06-17,9PM,7,5,0,750
2021-06-18,2PM,6,1,7,617
2021-06-18,5PM,8,0,0,800
2021-06-18,9PM,7,7,6,776
2021-06-19,2PM,3,2,4,324
2021-06-19,5PM,3,8,1,381
2021-06-19,9PM,1,0,8,108
2021-06-20,2PM,5,0,1,501
2021-06-20,5PM,6,4,7,647
2021-06-20,9PM,4,3,9,439
2021-06-21,2PM,8,6,7,867
2021-06-21,5PM,2,5,5,255
2021-06-21,9PM,2,9,6,296
2021-06-22,2PM,6,0,0,600
2021-06-22,5PM,8,1,5,815
2021-06-22,9PM,1,9,3,193
2021-06-23,2PM,8,6,3,863
2021-06-23,5PM,6,3,6,636
2021-06-23,9PM,2,5,8,258
2021-06-24,2PM,3,2,6,326
2021-06-24,5PM,0,4,6,046
2021-06-24,9PM,3,8,7,387
2021-06-25,2PM,9,2,1,921
2021-06-25,5PM,6,3,7,637
2021-06-25,9PM,1,7,2,172
2021-06-26,2PM,4,6,6,466
2021-06-26,5PM,1,2,0,120
2021-06-26,9PM,3,7,3,373
2021-06-27,2PM,7,8,8,788
2021-06-27,5PM,8,9,2,892
2021-06-27,9PM,4,6,9,469
2021-06-28,2PM,0,0,9,009
2021-06-28,5PM,4,4,4,444
2021-06-28,9PM,4,0,9,409
2021-06-29,2PM,5,7,5,575
2021-06-29,5PM,6,4,7,647
2021-06-29,9PM,8,9,5,895
2021-06-30,2PM,6,0,2,602
2021-06-30,5PM,4,7,2,472
2021-06-30,9PM,6,6,4,664
2021-07-01,2PM,1,6,7,167
2021-07-01,5PM,7,1,8,718
2021-07-01,9PM,6,4,8,648
2021-07-02,2PM,1,1,7,117
2021-07-02,5PM,3,2,5,325
2021-07-02,9PM,4,1,7,417
2021-07-03,2PM,2,7,8,278
2021-07-03,5PM,5,0,0,500
2021-07-03,9PM,4,7,4,474
2021-07-04,2PM,8,8,4,884
2021-07-04,5PM,9,7,3,973
2021-07-04,9PM,9,6,7,967
2021-07-05,2PM,6,0,9,609
2021-07-05,5PM,7,5,5,755
2021-07-05,9PM,5,7,2,572
2021-07-06,2PM,8,2,1,821
2021-07-06,5PM,0,6,8,068
2021-07-06,9PM,8,0,7,807
2021-07-07,2PM,0,0,3,003
2021-07-07,5PM,8,7,0,870
2021-07-07,9PM,4,9,1,491
2021-07-08,2PM,2,8,9,289
2021-07-08,5PM,6,3,6,636
2021-07-08,9PM,2,8,5,285
2021-07-09,2PM,4,3,0,430
2021-07-09,5PM,9,3,9,939
2021-07-09,9PM,4,6,4,464
2021-07-10,2PM,2,3,7,237
2021-07-10,5PM,1,5,5,155
2021-07-10,9PM,4,9,1,491
2021-07-11,2PM,6,6,9,669
2021-07-11,5PM,8,6,1,861
2021-07-11,9PM,2,4,5,245
2021-07-12,2PM,4,5,6,456
2021-07-12,5PM,7,5,0,750
2021-07-12,9PM,7,9,2,792
2021-07-13,2PM,7,8,5,785
2021-07-13,5PM,3,4,3,343
2021-07-13,9PM,7,2,9,729
2021-07-14,2PM,4,8,7,487
2021-07-14,5PM,5,1,7,517
2021-07-14,9PM,9,4,2,942
2021-07-15,2PM,3,0,6,306
2021-07-15,5PM,6,2,8,628
2021-07-15,9PM,9,5,1,951
2021-07-16,2PM,6,6,2,662
2021-07-16,5PM,4,5,6,456
2021-07-16,9PM,1,4,4,144
2021-07-17,2PM,4,3,6,436
2021-07-17,5PM,3,6,9,369
2021-07-17,9PM,2,1,1,211
2021-07-18,2PM,8,0,8,808
2021-07-18,5PM,3,6,1,361
2021-07-18,9PM,9,4,9,949
2021-07-19,2PM,7,2,2,722
2021-07-19,5PM,5,0,7,507
2021-07-19,9PM,8,0,7,807
2021-07-20,2PM,9,1,2,912
2021-07-20,5PM,7,3,8,738
2021-07-20,9PM,9,7,2,972
2021-07-21,2PM,8,7,9,879
2021-07-21,5PM,0,6,5,065
2021-07-21,9PM,8,0,1,801
2021-07-22,2PM,4,0,9,409
2021-07-22,5PM,8,3,6,836
2021-07-22,9PM,2,2,3,223
2021-07-23,2PM,7,5,8,758
2021-07-23,5PM,4,8,1,481
2021-07-23,9PM,8,3,0,830
2021-07-24,2PM,4,8,8,488
2021-07-24,5PM,5,5,1,551
2021-07-24,9PM,6,2,9,629
2021-07-25,2PM,9,0,1,901
2021-07-25,5PM,0,1,0,010
2021-07-25,9PM,2,9,5,295
2021-07-26,2PM,6,5,1,651
2021-07-26,5PM,2,3,6,236
2021-07-26,9PM,9,5,2,952
2021-07-27,2PM,2,4,8,248
2021-07-27,5PM,7,6,0,760
2021-07-27,9PM,1,1,7,117
2021-07-28,2PM,1,2,8,128
2021-07-28,5PM,1,3,8,138
2021-07-28,9PM,8,5,5,855
2021-07-29,2PM,6,4,8,648
2021-07-29,5PM,7,9,7,797
2021-07-29,9PM,6,1,1,611
2021-07-30,2PM,1,5,6,156
2021-07-30,5PM,0,5,7,057
2021-07-30,9PM,0,1,5,015
2021-07-31,2PM,4,3,3,433
2021-07-31,5PM,7,2,1,721
2021-07-31,9PM,1,1,2,112
2021-08-01,2PM,1,1,6,116
2021-08-01,5PM,5,1,5,515
2021-08-01,9PM,3,4,6,346
2021-08-02,2PM,7,0,3,703
2021-08-02,5PM,3,7,8,378
2021-08-02,9PM,1,5,2,152
2021-08-03,2PM,3,1,4,314
2021-08-03,5PM,6,4,4,644
2021-08-03,9PM,0,3,3,033
2021-08-04,2PM,9,1,4,914
2021-08-04,5PM,3,3,7,337
2021-08-04,9PM,0,5,5,055
2021-08-05,2PM,1,3,1,131
2021-08-05,5PM,8,3,6,836
2021-08-05,9PM,4,3,1,431
2021-08-06,2PM,0,6,8,068
2021-08-06,5PM,0,3,2,032
2021-08-06,9PM,0,4,0,040
2021-08-07,2PM,4,1,8,418
2021-08-07,5PM,0,3,5,035
2021-08-07,9PM,7,0,7,707
2021-08-08,2PM,4,3,8,438
2021-08-08,5PM,8,7,2,872
2021-08-08,9PM,5,3,1,531
2021-08-09,2PM,9,5,0,950
2021-08-09,5PM,0,2,5,025
2021-08-09,9PM,7,1,2,712
2021-08-10,2PM,2,4,0,240
2021-08-10,5PM,7,4,9,749
2021-08-10,9PM,0,5,1,051
2021-08-11,2PM,8,6,2,862
2021-08-11,5PM,2,4,6,246
2021-08-11,9PM,0,7,5,075
2021-08-12,2PM,1,9,4,194
2021-08-12,5PM,1,1,9,119
2021-08-12,9PM,3,0,2,302
2021-08-13,2PM,2,9,4,294
2021-08-13,5PM,2,9,1,291
2021-08-13,9PM,3,8,2,382
2021-08-14,2PM,5,3,1,531
2021-08-14,5PM,6,0,9,609
2021-08-14,9PM,3,6,4,364
2021-08-15,2PM,0,2,1,021
2021-08-15,5PM,0,9,4,094
2021-08-15,9PM,3,8,3,383
2021-08-16,2PM,8,7,9,879
2021-08-16,5PM,5,9,9,599
2021-08-16,9PM,8,2,4,824
2021-08-17,2PM,6,0,6,606
2021-08-17,5PM,6,1,1,611
2021-08-17,9PM,3,6,0,360
2021-08-18,2PM,6,9,6,696
2021-08-18,5PM,2,3,9,239
2021-08-18,9PM,3,9,1,391
2021-08-19,2PM,6,3,6,636
2021-08-19,5PM,0,5,4,054
2021-08-19,9PM,1,0,8,108
2021-08-20,2PM,3,8,6,386
2021-08-20,5PM,7,1,5,715
2021-08-20,9PM,3,8,8,388
2021-08-21,2PM,6,1,2,612
2021-08-21,5PM,9,0,8,908
2021-08-21,9PM,2,7,5,275
2021-08-22,2PM,6,3,3,633
2021-08-22,5PM,5,7,1,571
2021-08-22,9PM,3,7,7,377
2021-08-23,2PM,6,0,8,608
2021-08-23,5PM,9,4,8,948
2021-08-23,9PM,5,1,1,511
2021-08-24,2PM,4,9,6,496
2021-08-24,5PM,5,4,4,544
2021-08-24,9PM,9,5,5,955
2021-08-25,2PM,4,8,4,484
2021-08-25,5PM,6,9,3,693
2021-08-25,9PM,7,0,7,707
2021-08-26,2PM,1,2,5,125
2021-08-26,5PM,7,3,5,735
2021-08-26,9PM,4,7,9,479
2021-08-27,2PM,4,7,4,474
2021-08-27,5PM,2,2,2,222
2021-08-27,9PM,5,6,7,567
2021-08-28,2PM,8,6,8,868
2021-08-28,5PM,2,5,1,251
2021-08-28,9PM,2,2,2,222
2021-08-29,2PM,8,2,1,821
2021-08-29,5PM,0,7,2,072
2021-08-29,9PM,1,4,6,146
2021-08-30,2PM,6,1,5,615
2021-08-30,5PM,4,4,6,446
2021-08-30,9PM,2,9,5,295
2021-08-31,2PM,6,7,5,675
2021-08-31,5PM,5,3,0,530
2021-08-31,9PM,5,4,5,545
2021-09-01,2PM,2,5,6,256
2021-09-01,5PM,4,8,4,484
2021-09-01,9PM,9,4,8,948
2021-09-02,2PM,3,6,9,369
2021-09-02,5PM,9,9,9,999
2021-09-02,9PM,8,4,7,847
2021-09-03,2PM,7,5,2,752
2021-09-03,5PM,1,3,4,134
2021-09-03,9PM,2,2,9,229
2021-09-04,2PM,4,3,1,431
2021-09-04,5PM,4,1,5,415
2021-09-04,9PM,2,6,4,264
2021-09-05,2PM,0,1,6,016
2021-09-05,5PM,1,7,9,179
2021-09-05,9PM,7,9,5,795
2021-09-06,2PM,7,0,0,700
2021-09-06,5PM,0,7,5,075
2021-09-06,9PM,3,6,2,362
2021-09-07,2PM,1,6,1,161
2021-09-07,5PM,7,1,8,718
2021-09-07,9PM,6,2,4,624
2021-09-08,2PM,9,3,8,938
2021-09-08,5PM,2,9,5,295
2021-09-08,9PM,0,3,2,032
2021-09-09,2PM,9,0,2,902
2021-09-09,5PM,2,6,7,267
2021-09-09,9PM,8,7,5,875
2021-09-10,2PM,8,4,3,843
2021-09-10,5PM,7,9,9,799
2021-09-10,9PM,8,6,9,869
2021-09-11,2PM,1,2,1,121
2021-09-11,5PM,6,0,4,604
2021-09-11,9PM,5,5,3,553
2021-09-12,2PM,5,1,0,510
2021-09-12,5PM,2,0,0,200
2021-09-12,9PM,2,0,3,203
2021-09-13,2PM,6,1,8,618
2021-09-13,5PM,5,5,6,556
2021-09-13,9PM,0,1,6,016
2021-09-14,2PM,2,7,2,272
2021-09-14,5PM,5,8,9,589
2021-09-14,9PM,2,4,4,244
2021-09-15,2PM,4,2,8,428
2021-09-15,5PM,9,7,7,977
2021-09-15,9PM,0,9,3,093
2021-09-16,2PM,1,6,6,166
2021-09-16,5PM,7,6,9,769
2021-09-16,9PM,6,8,5,685
2021-09-17,2PM,1,2,8,128
2021-09-17,5PM,4,9,4,494
2021-09-17,9PM,5,0,9,509
2021-09-18,2PM,3,6,4,364
2021-09-18,5PM,1,7,7,177
2021-09-18,9PM,0,9,2,092
2021-09-19,2PM,1,4,3,143
2021-09-19,5PM,1,7,9,179
2021-09-19,9PM,9,0,9,909
2021-09-20,2PM,6,0,6,606
2021-09-20,5PM,8,8,3,883
2021-09-20,9PM,4,6,1,461
2021-09-21,2PM,3,1,8,318
2021-09-21,5PM,5,3,3,533
2021-09-21,9PM,3,6,9,369
2021-09-22,2PM,5,0,9,509
2021-09-22,5PM,2,7,1,271
2021-09-22,9PM,8,0,0,800
2021-09-23,2PM,6,0,3,603
2021-09-23,5PM,1,1,5,115
2021-09-23,9PM,1,4,9,149
2021-09-24,2PM,3,7,1,371
2021-09-24,5PM,3,9,5,395
2021-09-24,9PM,7,4,1,741
2021-09-25,2PM,6,0,8,608
2021-09-25,5PM,2,6,5,265
2021-09-25,9PM,9,2,9,929
2021-09-26,2PM,0,6,9,069
2021-09-26,5PM,2,8,4,284
2021-09-26,9PM,5,9,7,597
2021-09-27,2PM,7,8,1,781
2021-09-27,5PM,3,8,4,384
2021-09-27,9PM,7,3,3,733
2021-09-28,2PM,6,0,1,601
2021-09-28,5PM,2,8,2,282
2021-09-28,9PM,9,2,4,924
2021-09-29,2PM,7,7,3,773
2021-09-29,5PM,9,3,3,933
2021-09-29,9PM,1,3,8,138
2021-09-30,2PM,6,7,2,672
2021-09-30,5PM,9,6,1,961
2021-09-30,9PM,2,6,2,262
2021-10-01,2PM,1,1,8,118
2021-10-01,5PM,9,5,4,954
2021-10-01,9PM,3,4,0,340
2021-10-02,2PM,3,9,8,398
2021-10-02,5PM,6,5,5,655
2021-10-02,9PM,6,4,7,647
2021-10-03,2PM,7,2,9,729
2021-10-03,5PM,5,1,9,519
2021-10-03,9PM,0,6,2,062
2021-10-04,2PM,3,6,9,369
2021-10-04,5PM,6,0,0,600
2021-10-04,9PM,3,3,5,335
2021-10-05,2PM,9,3,8,938
2021-10-05,5PM,1,6,1,161
2021-10-05,9PM,3,5,9,359
2021-10-06,2PM,8,2,9,829
2021-10-06,5PM,2,5,8,258
2021-10-06,9PM,7,9,3,793
2021-10-07,2PM,9,2,2,922
2021-10-07,5PM,2,4,8,248
2021-10-07,9PM,1,6,5,165
2021-10-08,2PM,4,3,9,439
2021-10-08,5PM,3,4,0,340
2021-10-08,9PM,0,4,0,040
2021-10-09,2PM,4,1,6,416
2021-10-09,5PM,3,3,2,332
2021-10-09,9PM,7,8,9,789
2021-10-10,2PM,6,9,9,699
2021-10-10,5PM,2,0,0,200
2021-10-10,9PM,5,6,2,562
2021-10-11,2PM,2,9,1,291
2021-10-11,5PM,7,0,7,707
2021-10-11,9PM,6,2,4,624
2021-10-12,2PM,8,3,4,834
2021-10-12,5PM,3,4,9,349
2021-10-12,9PM,7,9,0,790
2021-10-13,2PM,5,2,1,521
2021-10-13,5PM,6,0,4,604
2021-10-13,9PM,0,9,5,095
2021-10-14,2PM,0,7,4,074
2021-10-14,5PM,3,1,1,311
2021-10-14,9PM,8,1,3,813
2021-10-15,2PM,1,6,4,164
2021-10-15,5PM,4,8,4,484
2021-10-15,9PM,8,8,5,885
2021-10-16,2PM,9,3,5,935
2021-10-16,5PM,7,9,4,794
2021-10-16,9PM,3,4,1,341
2021-10-17,2PM,0,3,0,030
2021-10-17,5PM,5,3,1,531
2021-10-17,9PM,4,1,4,414
2021-10-18,2PM,8,3,5,835
2021-10-18,5PM,9,8,5,985
2021-10-18,9PM,8,6,5,865
2021-10-19,2PM,4,8,4,484
2021-10-19,5PM,5,2,3,523
2021-10-19,9PM,7,8,7,787
2021-10-20,2PM,0,2,8,028
2021-10-20,5PM,4,9,6,496
2021-10-20,9PM,4,4,5,445
2021-10-21,2PM,7,9,4,794
2021-10-21,5PM,4,2,3,423
2021-10-21,9PM,6,2,3,623
2021-10-22,2PM,8,2,9,829
2021-10-22,5PM,3,8,8,388
2021-10-22,9PM,8,9,9,899
2021-10-23,2PM,5,1,6,516
2021-10-23,5PM,7,8,4,784
2021-10-23,9PM,9,5,8,958
2021-10-24,2PM,4,4,0,440
2021-10-24,5PM,8,0,3,803
2021-10-24,9PM,1,2,9,129
2021-10-25,2PM,2,0,6,206
2021-10-25,5PM,8,1,0,810
2021-10-25,9PM,1,0,2,102
2021-10-26,2PM,3,5,6,356
2021-10-26,5PM,9,1,2,912
2021-10-26,9PM,0,4,3,043
2021-10-27,2PM,7,3,5,735
2021-10-27,5PM,0,8,1,081
2021-10-27,9PM,0,6,6,066
2021-10-28,2PM,5,0,9,509
2021-10-28,5PM,7,7,1,771
2021-10-28,9PM,6,4,7,647
2021-10-29,2PM,8,4,9,849
2021-10-29,5PM,2,3,0,230
2021-10-29,9PM,0,6,7,067
2021-10-30,2PM,9,5,9,959
2021-10-30,5PM,8,4,9,849
2021-10-30,9PM,7,7,6,776
2021-10-31,2PM,0,1,8,018
2021-10-31,5PM,6,4,7,647
2021-10-31,9PM,8,0,3,803
2021-11-01,2PM,4,0,2,402
2021-11-01,5PM,8,1,7,817
2021-11-01,9PM,9,5,0,950
2021-11-02,2PM,9,7,1,971
2021-11-02,5PM,8,4,9,849
2021-11-02,9PM,9,3,4,934
2021-11-03,2PM,9,1,4,914
2021-11-03,5PM,2,5,9,259
2021-11-03,9PM,7,7,1,771
2021-11-04,2PM,9,0,1,901
2021-11-04,5PM,3,9,9,399
2021-11-04,9PM,7,3,4,734
2021-11-05,2PM,6,9,5,695
2021-11-05,5PM,8,1,3,813
2021-11-05,9PM,2,7,9,279
2021-11-06,2PM,3,3,7,337
2021-11-06,5PM,9,6,0,960
2021-11-06,9PM,2,7,7,277
2021-11-07,2PM,2,6,0,260
2021-11-07,5PM,4,6,1,461
2021-11-07,9PM,4,5,2,452
2021-11-08,2PM,5,2,7,527
2021-11-08,5PM,6,7,7,677
2021-11-08,9PM,1,4,3,143
2021-11-09,2PM,3,9,9,399
2021-11-09,5PM,1,3,8,138
2021-11-09,9PM,9,4,0,940
2021-11-10,2PM,1,9,0,190
2021-11-10,5PM,9,3,9,939
2021-11-10,9PM,4,2,3,423
2021-11-11,2PM,2,9,3,293
2021-11-11,5PM,7,8,9,789
2021-11-11,9PM,2,8,8,288
2021-11-12,2PM,1,6,2,162
2021-11-12,5PM,9,0,1,901
2021-11-12,9PM,6,6,6,666
2021-11-13,2PM,0,6,1,061
2021-11-13,5PM,6,7,8,678
2021-11-13,9PM,6,2,5,625
2021-11-14,2PM,0,5,8,058
2021-11-14,5PM,6,1,7,617
2021-11-14,9PM,5,5,4,554
2021-11-15,2PM,3,9,1,391
2021-11-15,5PM,9,1,0,910
2021-11-15,9PM,3,1,7,317
2021-11-16,2PM,7,0,9,709
2021-11-16,5PM,2,6,7,267
2021-11-16,9PM,0,9,5,095
2021-11-17,2PM,1,1,7,117
2021-11-17,5PM,3,4,3,343
2021-11-17,9PM,0,5,0,050
2021-11-18,2PM,9,6,6,966
2021-11-18,5PM,6,5,7,657
2021-11-18,9PM,7,7,1,771
2021-11-19,2PM,3,0,0,300
2021-11-19,5PM,8,8,2,882
2021-11-19,9PM,3,4,6,346
2021-11-20,2PM,4,3,8,438
2021-11-20,5PM,2,2,9,229
2021-11-20,9PM,9,6,9,969
2021-11-21,2PM,7,2,9,729
2021-11-21,5PM,6,0,0,600
2021-11-21,9PM,8,9,8,898
2021-11-22,2PM,6,3,4,634
2021-11-22,5PM,8,1,7,817
2021-11-22,9PM,4,5,0,450
2021-11-23,2PM,8,8,0,880
2021-11-23,5PM,7,5,0,750
2021-11-23,9PM,6,9,8,698
2021-11-24,2PM,8,8,9,889
2021-11-24,5PM,0,9,3,093
2021-11-24,9PM,3,9,7,397
2021-11-25,2PM,7,0,5,705
2021-11-25,5PM,5,5,3,553
2021-11-25,9PM,2,8,5,285
2021-11-26,2PM,6,5,0,650
2021-11-26,5PM,3,4,5,345
2021-11-26,9PM,9,2,2,922
2021-11-27,2PM,1,9,8,198
2021-11-27,5PM,6,4,7,647
2021-11-27,9PM,0,6,8,068
2021-11-28,2PM,2,8,2,282
2021-11-28,5PM,2,9,5,295
2021-11-28,9PM,1,6,9,169
2021-11-29,2PM,1,2,9,129
2021-11-29,5PM,7,3,0,730
2021-11-29,9PM,3,7,4,374
2021-11-30,2PM,9,5,7,957
2021-11-30,5PM,8,4,0,840
2021-11-30,9PM,7,4,2,742
2021-12-01,2PM,3,8,2,382
2021-12-01,5PM,1,1,3,113
2021-12-01,9PM,3,8,7,387
2021-12-02,2PM,8,3,0,830
2021-12-02,5PM,1,1,9,119
2021-12-02,9PM,9,3,6,936
2021-12-03,2PM,5,9,0,590
2021-12-03,5PM,0,8,1,081
2021-12-03,9PM,1,4,1,141
2021-12-04,2PM,1,8,8,188
2021-12-04,5PM,2,3,3,233
2021-12-04,9PM,1,8,7,187
2021-12-05,2PM,5,3,7,537
2021-12-05,5PM,6,6,2,662
2021-12-05,9PM,2,6,6,266
2021-12-06,2PM,0,1,1,011
2021-12-06,5PM,7,1,2,712
2021-12-06,9PM,1,5,1,151
2021-12-07,2PM,6,3,0,630
2021-12-07,5PM,0,2,5,025
2021-12-07,9PM,3,7,7,377
2021-12-08,2PM,6,3,3,633
2021-12-08,5PM,1,5,9,159
2021-12-08,9PM,6,6,3,663
2021-12-09,2PM,2,1,7,217
2021-12-09,5PM,9,4,3,943
2021-12-09,9PM,6,1,3,613
2021-12-10,2PM,4,1,7,417
2021-12-10,5PM,4,1,4,414
2021-12-10,9PM,1,4,7,147
2021-12-11,2PM,8,6,4,864
2021-12-11,5PM,1,8,0,180
2021-12-11,9PM,4,1,3,413
2021-12-12,2PM,1,3,5,135
2021-12-12,5PM,5,3,8,538
2021-12-12,9PM,5,8,3,583
2021-12-13,2PM,7,2,2,722
2021-12-13,5PM,8,8,4,884
2021-12-13,9PM,9,4,5,945
2021-12-14,2PM,3,8,1,381
2021-12-14,5PM,3,0,1,301
2021-12-14,9PM,6,2,6,626
2021-12-15,2PM,7,1,4,714
2021-12-15,5PM,9,0,7,907
2021-12-15,9PM,3,4,2,342
2021-12-16,2PM,3,3,3,333
2021-12-16,5PM,4,4,8,448
2021-12-16,9PM,6,7,8,678
2021-12-17,2PM,6,7,8,678
2021-12-17,5PM,4,3,0,430
2021-12-17,9PM,1,6,2,162
2021-12-18,2PM,2,9,0,290
2021-12-18,5PM,0,7,0,070
2021-12-18,9PM,2,5,1,251
2021-12-19,2PM,2,5,9,259
2021-12-19,5PM,7,4,4,744
2021-12-19,9PM,7,1,6,716
2021-12-20,2PM,2,1,8,218
2021-12-20,5PM,3,0,6,306
2021-12-20,9PM,3,1,7,317
2021-12-21,2PM,8,2,5,825
2021-12-21,5PM,8,5,9,859
2021-12-21,9PM,1,0,9,109
2021-12-22,2PM,4,4,5,445
2021-12-22,5PM,9,0,2,902
2021-12-22,9PM,2,8,8,288
2021-12-23,2PM,6,7,5,675
2021-12-23,5PM,9,0,6,906
2021-12-23,9PM,1,8,0,180
2021-12-24,2PM,5,8,9,589
2021-12-24,5PM,8,3,0,830
2021-12-24,9PM,4,5,0,450
2021-12-26,2PM,0,3,0,030
2021-12-26,5PM,6,2,5,625
2021-12-26,9PM,8,5,5,855
2021-12-27,2PM,5,1,2,512
2021-12-27,5PM,3,0,8,308
2021-12-27,9PM,5,5,2,552
2021-12-28,2PM,5,6,6,566
2021-12-28,5PM,4,9,1,491
2021-12-28,9PM,4,8,8,488
2021-12-29,2PM,1,6,9,169
2021-12-29,5PM,3,9,4,394
2021-12-29,9PM,5,1,9,519
2021-12-30,2PM,1,2,3,123
2021-12-30,5PM,8,9,7,897
2021-12-30,9PM,2,7,8,278
2021-12-31,2PM,3,0,3,303
2021-12-31,5PM,5,7,0,570
2021-12-31,9PM,5,1,6,516
