date,draw_time,d1,d2,d3,combo
2007-01-02,2PM,5,8,7,587
2007-01-02,9PM,3,6,7,367
2007-01-03,2PM,2,6,9,269
2007-01-03,9PM,3,1,5,315
2007-01-04,2PM,9,2,4,924
2007-01-04,9PM,1,2,1,121
2007-01-05,2PM,2,4,1,241
2007-01-05,9PM,2,2,6,226
2007-01-06,2PM,5,0,6,506
2007-01-06,9PM,6,2,8,628
2007-01-07,2PM,3,5,0,350
2007-01-07,9PM,1,5,9,159
2007-01-08,2PM,8,1,2,812
2007-01-08,9PM,9,2,6,926
2007-01-09,2PM,9,3,7,937
2007-01-09,9PM,5,5,0,550
2007-01-10,2PM,2,1,0,210
2007-01-10,9PM,1,6,8,168
2007-01-11,2PM,6,1,3,613
2007-01-11,9PM,4,3,0,430
2007-01-12,2PM,9,4,5,945
2007-01-12,9PM,2,1,9,219
2007-01-13,2PM,5,2,2,522
2007-01-13,9PM,8,7,7,877
2007-01-14,2PM,6,3,7,637
2007-01-14,9PM,5,4,5,545
2007-01-15,2PM,0,8,6,086
2007-01-15,9PM,3,2,3,323
2007-01-16,2PM,5,2,0,520
2007-01-16,9PM,0,5,3,053
2007-01-17,2PM,6,0,1,601
2007-01-17,9PM,2,5,1,251
2007-01-18,2PM,4,2,3,423
2007-01-18,9PM,7,4,4,744
2007-01-19,2PM,6,0,9,609
2007-01-19,9PM,7,7,2,772
2007-01-20,2PM,3,3,2,332
2007-01-20,9PM,8,9,1,891
2007-01-21,2PM,7,0,1,701
2007-01-21,9PM,9,4,7,947
2007-01-22,2PM,4,6,6,466
2007-01-22,9PM,2,3,5,235
2007-01-23,2PM,3,0,8,308
2007-01-23,9PM,6,3,6,636
2007-01-24,2PM,6,5,4,654
2007-01-24,9PM,3,2,9,329
2007-01-25,2PM,5,4,7,547
2007-01-25,9PM,6,0,8,608
2007-01-26,2PM,8,5,7,857
2007-01-26,9PM,7,9,7,797
2007-01-27,2PM,8,1,9,819
2007-01-27,9PM,0,1,0,010
2007-01-28,2PM,7,6,7,767
2007-01-28,9PM,9,1,0,910
2007-01-29,2PM,8,0,2,802
2007-01-29,9PM,7,6,1,761
2007-01-30,2PM,7,0,5,705
2007-01-30,9PM,8,3,2,832
2007-01-31,2PM,6,7,0,670
2007-01-31,9PM,9,1,7,917
2007-02-01,2PM,7,0,2,702
2007-02-01,9PM,9,4,1,941
2007-02-02,2PM,8,1,6,816
2007-02-02,9PM,5,4,3,543
2007-02-03,2PM,9,8,5,985
2007-02-03,9PM,8,8,7,887
2007-02-04,2PM,2,9,7,297
2007-02-04,9PM,1,6,2,162
2007-02-05,2PM,4,8,6,486
2007-02-05,9PM,1,1,7,117
2007-02-06,2PM,6,0,3,603
2007-02-06,9PM,7,5,8,758
2007-02-07,2PM,4,5,7,457
2007-02-07,9PM,8,7,1,871
2007-02-08,2PM,1,0,7,107
2007-02-08,9PM,2,1,5,215
2007-02-09,2PM,6,7,8,678
2007-02-09,9PM,9,2,8,928
2007-02-10,2PM,9,1,4,914
2007-02-10,9PM,9,9,0,990
2007-02-11,2PM,8,3,1,831
2007-02-11,9PM,5,7,4,574
2007-02-12,2PM,7,2,4,724
2007-02-12,9PM,2,3,8,238
2007-02-13,2PM,4,2,0,420
2007-02-13,9PM,1,4,1,141
2007-02-14,2PM,0,7,6,076
2007-02-14,9PM,9,6,7,967
2007-02-15,2PM,1,2,6,126
2007-02-15,9PM,7,0,7,707
2007-02-16,2PM,8,3,1,831
2007-02-16,9PM,2,7,0,270
2007-02-17,2PM,9,3,5,935
2007-02-17,9PM,5,3,7,537
2007-02-18,2PM,8,8,1,881
2007-02-18,9PM,9,7,3,973
2007-02-19,2PM,8,1,7,817
2007-02-19,9PM,0,7,7,077
2007-02-20,2PM,4,1,1,411
2007-02-20,9PM,1,1,7,117
2007-02-21,2PM,2,8,1,281
2007-02-21,9PM,1,9,8,198
2007-02-22,2PM,5,9,5,595
2007-02-22,9PM,1,8,5,185
2007-02-23,2PM,5,7,9,579
2007-02-23,9PM,5,5,4,554
2007-02-24,2PM,4,4,5,445
2007-02-24,9PM,2,9,4,294
2007-02-25,2PM,8,1,0,810
2007-02-25,9PM,6,3,6,636
2007-02-26,2PM,8,3,8,838
2007-02-26,9PM,6,0,9,609
2007-02-27,2PM,8,9,9,899
2007-02-27,9PM,7,2,9,729
2007-02-28,2PM,8,1,5,815
2007-02-28,9PM,8,3,4,834
2007-03-01,2PM,8,6,1,861
2007-03-01,9PM,5,8,7,587
2007-03-02,2PM,2,9,6,296
2007-03-02,9PM,7,4,0,740
2007-03-03,2PM,6,8,2,682
2007-03-03,9PM,5,5,5,555
2007-03-04,2PM,8,6,8,868
2007-03-04,9PM,0,4,6,046
2007-03-05,2PM,4,7,9,479
2007-03-05,9PM,4,5,7,457
2007-03-06,2PM,4,9,3,493
2007-03-06,9PM,8,5,1,851
2007-03-07,2PM,5,3,9,539
2007-03-07,9PM,8,0,4,804
2007-03-08,2PM,7,0,7,707
2007-03-08,9PM,5,9,3,593
2007-03-09,2PM,0,6,6,066
2007-03-09,9PM,7,2,4,724
2007-03-10,2PM,3,7,2,372
2007-03-10,9PM,3,4,2,342
2007-03-11,2PM,6,4,1,641
2007-03-11,9PM,6,4,3,643
2007-03-12,2PM,2,9,7,297
2007-03-12,9PM,7,1,2,712
2007-03-13,2PM,9,6,7,967
2007-03-13,9PM,3,8,9,389
2007-03-14,2PM,6,2,2,622
2007-03-14,9PM,6,5,8,658
2007-03-15,2PM,3,4,8,348
2007-03-15,9PM,2,6,1,261
2007-03-16,2PM,1,8,4,184
2007-03-16,9PM,0,7,2,072
2007-03-17,2PM,1,5,4,154
2007-03-17,9PM,6,6,2,662
2007-03-18,2PM,2,8,6,286
2007-03-18,9PM,0,4,6,046
2007-03-19,2PM,3,6,5,365
2007-03-19,9PM,3,4,4,344
2007-03-20,2PM,5,1,1,511
2007-03-20,9PM,1,4,6,146
2007-03-21,2PM,6,9,5,695
2007-03-21,9PM,8,5,2,852
2007-03-22,2PM,9,3,6,936
2007-03-22,9PM,8,0,7,807
2007-03-23,2PM,4,9,5,495
2007-03-23,9PM,6,3,0,630
2007-03-24,2PM,2,3,9,239
2007-03-24,9PM,4,1,8,418
2007-03-25,2PM,8,3,0,830
2007-03-25,9PM,9,8,4,984
2007-03-26,2PM,7,0,0,700
2007-03-26,9PM,9,1,7,917
2007-03-27,2PM,8,5,4,854
2007-03-27,9PM,4,9,9,499
2007-03-28,2PM,1,0,3,103
2007-03-28,9PM,7,5,6,756
2007-03-29,2PM,6,5,8,658
2007-03-29,9PM,8,2,3,823
2007-03-30,2PM,3,8,0,380
2007-03-30,9PM,7,7,6,776
2007-03-31,2PM,9,6,7,967
2007-03-31,9PM,2,0,2,202
2007-04-01,2PM,5,1,9,519
2007-04-01,9PM,5,1,0,510
2007-04-02,2PM,5,9,7,597
2007-04-02,9PM,2,8,0,280
2007-04-03,2PM,8,9,6,896
2007-04-03,9PM,1,6,7,167
2007-04-04,2PM,3,1,4,314
2007-04-04,9PM,8,5,3,853
2007-04-09,2PM,9,8,9,989
2007-04-09,9PM,9,1,4,914
2007-04-10,2PM,4,9,4,494
2007-04-10,9PM,6,2,8,628
2007-04-11,2PM,2,0,0,200
2007-04-11,9PM,8,9,7,897
2007-04-12,2PM,1,7,7,177
2007-04-12,9PM,4,4,3,443
2007-04-13,2PM,7,1,8,718
2007-04-13,9PM,2,7,9,279
2007-04-14,2PM,1,1,8,118
2007-04-14,9PM,1,0,4,104
2007-04-15,2PM,4,2,7,427
2007-04-15,9PM,1,7,3,173
2007-04-16,2PM,2,8,7,287
2007-04-16,9PM,4,4,8,448
2007-04-17,2PM,1,6,9,169
2007-04-17,9PM,8,3,1,831
2007-04-18,2PM,4,1,9,419
2007-04-18,9PM,6,0,3,603
2007-04-19,2PM,3,1,1,311
2007-04-19,9PM,0,1,5,015
2007-04-20,2PM,8,0,3,803
2007-04-20,9PM,0,2,2,022
2007-04-21,2PM,9,7,1,971
2007-04-21,9PM,7,6,2,762
2007-04-22,2PM,5,9,0,590
2007-04-22,9PM,9,6,4,964
2007-04-23,2PM,9,8,4,984
2007-04-23,9PM,9,7,4,974
2007-04-24,2PM,6,4,6,646
2007-04-24,9PM,1,8,6,186
2007-04-25,2PM,4,6,2,462
2007-04-25,9PM,0,8,4,084
2007-04-26,2PM,2,5,5,255
2007-04-26,9PM,5,2,5,525
2007-04-27,2PM,9,8,0,980
2007-04-27,9PM,0,9,5,095
2007-04-28,2PM,3,8,0,380
2007-04-28,9PM,1,2,8,128
2007-04-29,2PM,2,0,1,201
2007-04-29,9PM,5,3,4,534
2007-04-30,2PM,3,3,0,330
2007-04-30,9PM,5,1,2,512
2007-05-01,2PM,1,2,9,129
2007-05-01,9PM,8,6,7,867
2007-05-02,2PM,5,0,9,509
2007-05-02,9PM,3,4,2,342
2007-05-03,2PM,5,8,7,587
2007-05-03,9PM,3,8,3,383
2007-05-04,2PM,8,1,1,811
2007-05-04,9PM,6,3,0,630
2007-05-05,2PM,0,0,6,006
2007-05-05,9PM,9,0,6,906
2007-05-06,2PM,5,0,3,503
2007-05-06,9PM,5,5,9,559
2007-05-07,2PM,8,5,5,855
2007-05-07,9PM,9,5,9,959
2007-05-08,2PM,9,0,2,902
2007-05-08,9PM,8,6,0,860
2007-05-09,2PM,3,3,4,334
2007-05-09,9PM,4,0,2,402
2007-05-10,2PM,8,5,6,856
2007-05-10,9PM,0,9,9,099
2007-05-11,2PM,4,9,4,494
2007-05-11,9PM,9,2,1,921
2007-05-12,2PM,3,2,8,328
2007-05-12,9PM,1,7,2,172
2007-05-13,2PM,9,6,1,961
2007-05-13,9PM,8,9,8,898
2007-05-14,2PM,0,9,2,092
2007-05-14,9PM,8,8,3,883
2007-05-15,2PM,5,2,3,523
2007-05-15,9PM,4,6,4,464
2007-05-16,2PM,8,8,1,881
2007-05-16,9PM,1,1,0,110
2007-05-17,2PM,5,6,6,566
2007-05-17,9PM,8,4,6,846
2007-05-18,2PM,1,7,7,177
2007-05-18,9PM,0,4,4,044
2007-05-19,2PM,6,6,0,660
2007-05-19,9PM,7,7,3,773
2007-05-20,2PM,6,7,2,672
2007-05-20,9PM,7,6,9,769
2007-05-21,2PM,9,5,3,953
2007-05-21,9PM,6,0,4,604
2007-05-22,2PM,9,5,0,950
2007-05-22,9PM,3,5,9,359
2007-05-23,2PM,1,7,8,178
2007-05-23,9PM,9,5,0,950
2007-05-24,2PM,7,5,6,756
2007-05-24,9PM,1,2,9,129
2007-05-25,2PM,0,9,7,097
2007-05-25,9PM,2,6,1,261
2007-05-26,2PM,4,6,7,467
2007-05-26,9PM,7,9,8,798
2007-05-27,2PM,9,4,3,943
2007-05-27,9PM,9,0,2,902
2007-05-28,2PM,3,2,2,322
2007-05-28,9PM,3,5,9,359
2007-05-29,2PM,8,1,4,814
2007-05-29,9PM,8,2,7,827
2007-05-30,2PM,0,2,1,021
2007-05-30,9PM,3,0,0,300
2007-05-31,2PM,0,3,6,036
2007-05-31,9PM,9,6,6,966
2007-06-01,2PM,1,8,5,185
2007-06-01,9PM,1,0,3,103
2007-06-02,2PM,3,8,2,382
2007-06-02,9PM,0,9,8,098
2007-06-03,2PM,0,3,6,036
2007-06-03,9PM,0,8,4,084
2007-06-04,2PM,4,4,0,440
2007-06-04,9PM,4,8,1,481
2007-06-05,2PM,4,0,2,402
2007-06-05,9PM,9,6,2,962
2007-06-06,2PM,6,6,7,667
2007-06-06,9PM,7,5,4,754
2007-06-07,2PM,8,1,4,814
2007-06-07,9PM,1,7,8,178
2007-06-08,2PM,0,1,7,017
2007-06-08,9PM,4,6,0,460
2007-06-09,2PM,8,0,4,804
2007-06-09,9PM,3,0,5,305
2007-06-10,2PM,3,0,1,301
2007-06-10,9PM,1,6,0,160
2007-06-11,2PM,6,5,3,653
2007-06-11,9PM,0,0,5,005
2007-06-12,2PM,1,9,4,194
2007-06-12,9PM,5,1,5,515
2007-06-13,2PM,8,6,2,862
2007-06-13,9PM,2,5,2,252
2007-06-14,2PM,3,8,2,382
2007-06-14,9PM,0,5,0,050
2007-06-15,2PM,6,2,1,621
2007-06-15,9PM,5,4,2,542
2007-06-16,2PM,5,7,4,574
2007-06-16,9PM,3,5,0,350
2007-06-17,2PM,1,9,3,193
2007-06-17,9PM,3,8,9,389
2007-06-18,2PM,0,8,3,083
2007-06-18,9PM,0,6,5,065
2007-06-19,2PM,6,1,8,618
2007-06-19,9PM,5,7,5,575
2007-06-20,2PM,9,7,4,974
2007-06-20,9PM,3,0,5,305
2007-06-21,2PM,8,7,1,871
2007-06-21,9PM,5,1,0,510
2007-06-22,2PM,5,7,8,578
2007-06-22,9PM,9,3,8,938
2007-06-23,2PM,0,4,1,041
2007-06-23,9PM,3,1,3,313
2007-06-24,2PM,2,7,6,276
2007-06-24,9PM,0,9,0,090
2007-06-25,2PM,1,5,6,156
2007-06-25,9PM,8,3,3,833
2007-06-26,2PM,7,8,7,787
2007-06-26,9PM,7,1,9,719
2007-06-27,2PM,2,3,3,233
2007-06-27,9PM,7,7,2,772
2007-06-28,2PM,8,4,4,844
2007-06-28,9PM,9,4,9,949
2007-06-29,2PM,9,0,6,906
2007-06-29,9PM,3,0,6,306
2007-06-30,2PM,9,8,7,987
2007-06-30,9PM,0,2,5,025
2007-07-01,2PM,9,2,1,921
2007-07-01,9PM,9,5,4,954
2007-07-02,2PM,3,3,5,335
2007-07-02,9PM,2,2,5,225
2007-07-03,2PM,1,8,5,185
2007-07-03,9PM,7,4,4,744
2007-07-04,2PM,2,7,9,279
2007-07-04,9PM,4,7,9,479
2007-07-05,2PM,2,2,1,221
2007-07-05,9PM,3,8,8,388
2007-07-06,2PM,0,0,6,006
2007-07-06,9PM,8,1,7,817
2007-07-07,2PM,2,1,5,215
2007-07-07,9PM,0,7,5,075
2007-07-08,2PM,0,2,8,028
2007-07-08,9PM,1,8,9,189
2007-07-09,2PM,2,5,9,259
2007-07-09,9PM,8,5,3,853
2007-07-10,2PM,2,9,7,297
2007-07-10,9PM,8,7,4,874
2007-07-11,2PM,8,7,2,872
2007-07-11,9PM,5,3,4,534
2007-07-12,2PM,9,7,9,979
2007-07-12,9PM,8,1,1,811
2007-07-13,2PM,9,4,6,946
2007-07-13,9PM,9,5,5,955
2007-07-14,2PM,8,7,1,871
2007-07-14,9PM,2,7,1,271
2007-07-15,2PM,2,9,9,299
2007-07-15,9PM,3,8,2,382
2007-07-16,2PM,4,5,8,458
2007-07-16,9PM,7,9,7,797
2007-07-17,2PM,6,0,3,603
2007-07-17,9PM,2,0,2,202
2007-07-18,2PM,2,0,1,201
2007-07-18,9PM,7,7,7,777
2007-07-19,2PM,6,4,3,643
2007-07-19,9PM,6,7,2,672
2007-07-20,2PM,2,6,1,261
2007-07-20,9PM,1,9,6,196
2007-07-21,2PM,2,2,0,220
2007-07-21,9PM,5,0,7,507
2007-07-22,2PM,5,2,1,521
2007-07-22,9PM,4,1,7,417
2007-07-23,2PM,1,5,4,154
2007-07-23,9PM,1,3,0,130
2007-07-24,2PM,6,1,8,618
2007-07-24,9PM,6,1,7,617
2007-07-25,2PM,7,8,5,785
2007-07-25,9PM,3,4,0,340
2007-07-26,2PM,7,1,1,711
2007-07-26,9PM,5,4,5,545
2007-07-27,2PM,2,4,8,248
2007-07-27,9PM,9,5,0,950
2007-07-28,2PM,8,3,7,837
2007-07-28,9PM,1,7,1,171
2007-07-29,2PM,4,6,8,468
2007-07-29,9PM,5,9,4,594
2007-07-30,2PM,1,6,6,166
2007-07-30,9PM,9,4,9,949
2007-07-31,2PM,4,6,1,461
2007-07-31,9PM,9,0,9,909
2007-08-01,2PM,5,8,5,585
2007-08-01,9PM,9,6,4,964
2007-08-02,2PM,3,8,6,386
2007-08-02,9PM,5,2,6,526
2007-08-03,2PM,0,5,8,058
2007-08-03,9PM,9,3,9,939
2007-08-04,2PM,5,5,9,559
2007-08-04,9PM,7,4,4,744
2007-08-05,2PM,6,2,7,627
2007-08-05,9PM,5,3,7,537
2007-08-06,2PM,4,3,2,432
2007-08-06,9PM,9,0,9,909
2007-08-07,2PM,8,4,8,848
2007-08-07,9PM,3,6,9,369
2007-08-08,2PM,4,4,1,441
2007-08-08,9PM,9,9,0,990
2007-08-09,2PM,1,4,8,148
2007-08-09,9PM,7,9,2,792
2007-08-10,2PM,5,3,1,531
2007-08-10,9PM,9,1,2,912
2007-08-11,2PM,1,3,5,135
2007-08-11,9PM,3,3,9,339
2007-08-12,2PM,0,3,1,031
2007-08-12,9PM,9,8,3,983
2007-08-13,2PM,9,9,1,991
2007-08-13,9PM,4,2,9,429
2007-08-14,2PM,7,7,8,778
2007-08-14,9PM,6,6,3,663
2007-08-15,2PM,2,8,8,288
2007-08-15,9PM,4,6,5,465
2007-08-16,2PM,9,7,6,976
2007-08-16,9PM,9,7,0,970
2007-08-17,2PM,0,8,7,087
2007-08-17,9PM,8,9,0,890
2007-08-18,2PM,6,7,6,676
2007-08-18,9PM,1,2,2,122
2007-08-19,2PM,2,0,4,204
2007-08-19,9PM,9,4,3,943
2007-08-20,2PM,7,1,5,715
2007-08-20,9PM,7,6,7,767
2007-08-21,2PM,7,9,7,797
2007-08-21,9PM,3,5,5,355
2007-08-22,2PM,6,9,8,698
2007-08-22,9PM,7,6,9,769
2007-08-23,2PM,0,7,2,072
2007-08-23,9PM,4,9,5,495
2007-08-24,2PM,3,4,2,342
2007-08-24,9PM,1,0,4,104
2007-08-25,2PM,2,9,1,291
2007-08-25,9PM,1,1,8,118
2007-08-26,2PM,7,8,3,783
2007-08-26,9PM,3,8,4,384
2007-08-27,2PM,0,5,3,053
2007-08-27,9PM,7,9,4,794
2007-08-28,2PM,5,3,0,530
2007-08-28,9PM,5,5,4,554
2007-08-29,2PM,0,4,3,043
2007-08-29,9PM,9,9,3,993
2007-08-30,2PM,8,7,8,878
2007-08-30,9PM,9,6,2,962
2007-08-31,2PM,0,7,5,075
2007-08-31,9PM,9,3,1,931
2007-09-01,2PM,0,4,3,043
2007-09-01,9PM,0,7,4,074
2007-09-02,2PM,3,2,1,321
2007-09-02,9PM,9,0,9,909
2007-09-03,2PM,4,9,0,490
2007-09-03,9PM,6,2,7,627
2007-09-04,2PM,9,4,2,942
2007-09-04,9PM,9,9,7,997
2007-09-05,2PM,0,3,1,031
2007-09-05,9PM,7,5,8,758
2007-09-06,2PM,9,4,8,948
2007-09-06,9PM,3,8,5,385
2007-09-07,2PM,9,7,6,976
2007-09-07,9PM,8,7,0,870
2007-09-08,2PM,8,7,6,876
2007-09-08,9PM,3,4,6,346
2007-09-09,2PM,9,4,7,947
2007-09-09,9PM,0,0,8,008
2007-09-10,2PM,5,2,4,524
2007-09-10,9PM,6,2,8,628
2007-09-11,2PM,4,1,2,412
2007-09-11,9PM,4,8,2,482
2007-09-12,2PM,4,1,4,414
2007-09-12,9PM,3,9,7,397
2007-09-13,2PM,7,9,2,792
2007-09-13,9PM,6,8,9,689
2007-09-14,2PM,3,8,5,385
2007-09-14,9PM,2,6,0,260
2007-09-15,2PM,1,2,2,122
2007-09-15,9PM,0,1,7,017
2007-09-16,2PM,6,6,8,668
2007-09-16,9PM,1,7,4,174
2007-09-17,2PM,3,1,2,312
2007-09-17,9PM,0,3,2,032
2007-09-18,2PM,8,7,3,873
2007-09-18,9PM,1,1,9,119
2007-09-19,2PM,8,5,2,852
2007-09-19,9PM,8,3,7,837
2007-09-20,2PM,0,5,6,056
2007-09-20,9PM,9,4,4,944
2007-09-21,2PM,9,9,8,998
2007-09-21,9PM,8,9,1,891
2007-09-22,2PM,4,1,5,415
2007-09-22,9PM,3,2,7,327
2007-09-23,2PM,1,7,3,173
2007-09-23,9PM,4,7,9,479
2007-09-24,2PM,3,0,0,300
2007-09-24,9PM,6,4,1,641
2007-09-25,2PM,5,0,1,501
2007-09-25,9PM,4,3,9,439
2007-09-26,2PM,0,8,7,087
2007-09-26,9PM,1,4,6,146
2007-09-27,2PM,3,7,9,379
2007-09-27,9PM,1,2,8,128
2007-09-28,2PM,6,8,9,689
2007-09-28,9PM,5,7,4,574
2007-09-29,2PM,5,3,7,537
2007-09-29,9PM,6,2,2,622
2007-09-30,2PM,6,9,2,692
2007-09-30,9PM,5,5,6,556
2007-10-01,2PM,4,6,0,460
2007-10-01,9PM,0,1,2,012
2007-10-02,2PM,1,5,3,153
2007-10-02,9PM,9,5,4,954
2007-10-03,2PM,8,4,9,849
2007-10-03,9PM,2,1,7,217
2007-10-04,2PM,3,3,7,337
2007-10-04,9PM,2,0,8,208
2007-10-05,2PM,8,9,2,892
2007-10-05,9PM,2,2,0,220
2007-10-06,2PM,2,3,0,230
2007-10-06,9PM,4,1,0,410
2007-10-07,2PM,8,2,4,824
2007-10-07,9PM,4,8,1,481
2007-10-08,2PM,2,4,3,243
2007-10-08,9PM,8,2,9,829
2007-10-09,2PM,4,1,4,414
2007-10-09,9PM,3,6,0,360
2007-10-10,2PM,8,1,7,817
2007-10-10,9PM,7,3,6,736
2007-10-11,2PM,0,5,4,054
2007-10-11,9PM,8,3,7,837
2007-10-12,2PM,5,6,1,561
2007-10-12,9PM,3,1,8,318
2007-10-13,2PM,2,8,1,281
2007-10-13,9PM,9,6,9,969
2007-10-14,2PM,6,9,3,693
2007-10-14,9PM,4,1,8,418
2007-10-15,2PM,2,6,8,268
2007-10-15,9PM,9,1,2,912
2007-10-16,2PM,8,7,2,872
2007-10-16,9PM,7,6,6,766
2007-10-17,2PM,5,5,6,556
2007-10-17,9PM,2,7,5,275
2007-10-18,2PM,5,2,6,526
2007-10-18,9PM,9,7,6,976
2007-10-19,2PM,1,9,9,199
2007-10-19,9PM,1,1,4,114
2007-10-20,2PM,7,1,3,713
2007-10-20,9PM,3,9,6,396
2007-10-21,2PM,8,1,8,818
2007-10-21,9PM,3,8,6,386
2007-10-22,2PM,3,6,8,368
2007-10-22,9PM,8,1,7,817
2007-10-23,2PM,2,9,5,295
2007-10-23,9PM,6,4,2,642
2007-10-24,2PM,0,5,3,053
2007-10-24,9PM,0,3,4,034
2007-10-25,2PM,2,2,6,226
2007-10-25,9PM,2,2,5,225
2007-10-26,2PM,6,0,7,607
2007-10-26,9PM,7,0,0,700
2007-10-27,2PM,7,8,9,789
2007-10-27,9PM,1,8,1,181
2007-10-28,2PM,5,3,9,539
2007-10-28,9PM,1,4,9,149
2007-10-29,2PM,0,3,5,035
2007-10-29,9PM,6,0,7,607
2007-10-30,2PM,3,1,4,314
2007-10-30,9PM,9,5,4,954
2007-10-31,2PM,8,7,8,878
2007-10-31,9PM,0,2,8,028
2007-11-01,2PM,9,4,9,949
2007-11-01,9PM,8,2,1,821
2007-11-02,2PM,6,2,5,625
2007-11-02,9PM,5,2,5,525
2007-11-03,2PM,5,3,3,533
2007-11-03,9PM,9,4,4,944
2007-11-04,2PM,5,8,9,589
2007-11-04,9PM,0,2,8,028
2007-11-05,2PM,4,9,2,492
2007-11-05,9PM,1,1,3,113
2007-11-06,2PM,0,4,9,049
2007-11-06,9PM,3,0,7,307
2007-11-07,2PM,9,4,7,947
2007-11-07,9PM,8,9,5,895
2007-11-08,2PM,1,3,7,137
2007-11-08,9PM,1,8,9,189
2007-11-09,2PM,6,7,8,678
2007-11-09,9PM,1,5,2,152
2007-11-10,2PM,0,6,2,062
2007-11-10,9PM,3,9,7,397
2007-11-11,2PM,4,0,3,403
2007-11-11,9PM,4,1,9,419
2007-11-12,2PM,0,3,0,030
2007-11-12,9PM,8,8,9,889
2007-11-13,2PM,5,3,2,532
2007-11-13,9PM,5,7,1,571
2007-11-14,2PM,1,9,2,192
2007-11-14,9PM,0,7,2,072
2007-11-15,2PM,0,6,1,061
2007-11-15,9PM,3,7,7,377
2007-11-16,2PM,5,1,9,519
2007-11-16,9PM,7,9,8,798
2007-11-17,2PM,5,4,3,543
2007-11-17,9PM,6,9,1,691
2007-11-18,2PM,7,9,7,797
2007-11-18,9PM,7,6,2,762
2007-11-19,2PM,0,1,5,015
2007-11-19,9PM,8,6,2,862
2007-11-20,2PM,1,1,9,119
2007-11-20,9PM,9,5,0,950
2007-11-21,2PM,1,5,7,157
2007-11-21,9PM,9,1,9,919
2007-11-22,2PM,4,1,0,410
2007-11-22,9PM,1,4,3,143
2007-11-23,2PM,8,8,6,886
2007-11-23,9PM,5,7,5,575
2007-11-24,2PM,7,3,0,730
2007-11-24,9PM,4,7,1,471
2007-11-25,2PM,6,1,8,618
2007-11-25,9PM,4,7,9,479
2007-11-26,2PM,2,6,8,268
2007-11-26,9PM,4,0,1,401
2007-11-27,2PM,1,6,2,162
2007-11-27,9PM,9,3,0,930
2007-11-28,2PM,4,9,5,495
2007-11-28,9PM,2,0,9,209
2007-11-29,2PM,7,7,3,773
2007-11-29,9PM,3,3,9,339
2007-11-30,2PM,2,5,6,256
2007-11-30,9PM,3,7,5,375
2007-12-01,2PM,5,0,4,504
2007-12-01,9PM,0,5,8,058
2007-12-02,2PM,5,4,2,542
2007-12-02,9PM,0,9,7,097
2007-12-03,2PM,1,6,7,167
2007-12-03,9PM,0,2,5,025
2007-12-04,2PM,4,5,6,456
2007-12-04,9PM,5,1,8,518
2007-12-05,2PM,3,3,7,337
2007-12-05,9PM,0,7,0,070
2007-12-06,2PM,2,1,0,210
2007-12-06,9PM,6,1,2,612
2007-12-07,2PM,1,1,0,110
2007-12-07,9PM,8,2,1,821
2007-12-08,2PM,3,7,3,373
2007-12-08,9PM,1,2,4,124
2007-12-09,2PM,7,6,6,766
2007-12-09,9PM,9,3,4,934
2007-12-10,2PM,8,5,2,852
2007-12-10,9PM,1,1,2,112
2007-12-11,2PM,6,3,5,635
2007-12-11,9PM,1,3,2,132
2007-12-12,2PM,4,4,6,446
2007-12-12,9PM,9,4,1,941
2007-12-13,2PM,4,9,3,493
2007-12-13,9PM,4,2,2,422
2007-12-14,2PM,5,3,9,539
2007-12-14,9PM,2,3,2,232
2007-12-15,2PM,5,2,5,525
2007-12-15,9PM,6,8,8,688
2007-12-16,2PM,2,0,3,203
2007-12-16,9PM,2,3,6,236
2007-12-17,2PM,6,6,9,669
2007-12-17,9PM,7,1,0,710
2007-12-18,2PM,3,6,6,366
2007-12-18,9PM,6,9,6,696
2007-12-19,2PM,2,6,2,262
2007-12-19,9PM,2,8,3,283
2007-12-20,2PM,8,8,3,883
2007-12-20,9PM,4,1,6,416
2007-12-21,2PM,3,5,8,358
2007-12-21,9PM,7,4,2,742
2007-12-22,2PM,3,9,2,392
2007-12-22,9PM,3,4,2,342
2007-12-23,2PM,0,9,8,098
2007-12-23,9PM,5,2,5,525
2007-12-24,2PM,0,4,1,041
2007-12-24,9PM,4,4,4,444
2007-12-26,2PM,6,1,7,617
2007-12-26,9PM,1,8,1,181
2007-12-27,2PM,4,3,2,432
2007-12-27,9PM,5,5,3,553
2007-12-28,2PM,7,2,4,724
2007-12-28,9PM,8,7,7,877
2007-12-29,2PM,5,0,6,506
2007-12-29,9PM,0,9,6,096
2007-12-30,2PM,9,2,8,928
2007-12-30,9PM,9,2,7,927
2007-12-31,2PM,8,0,6,806
2007-12-31,9PM,9,5,6,956
2008-01-02,2PM,8,9,6,896
2008-01-02,9PM,5,6,9,569
2008-01-03,2PM,2,2,4,224
2008-01-03,9PM,4,3,1,431
2008-01-04,2PM,3,4,8,348
2008-01-04,9PM,0,3,7,037
2008-01-05,2PM,3,0,1,301
2008-01-05,9PM,7,9,8,798
2008-01-06,2PM,9,3,3,933
2008-01-06,9PM,2,8,1,281
2008-01-07,2PM,2,2,1,221
2008-01-07,9PM,1,9,4,194
2008-01-08,2PM,1,7,3,173
2008-01-08,9PM,4,9,1,491
2008-01-09,2PM,5,0,3,503
2008-01-09,9PM,4,3,5,435
2008-01-10,2PM,7,1,0,710
2008-01-10,9PM,9,3,7,937
2008-01-11,2PM,6,7,5,675
2008-01-11,9PM,3,1,3,313
2008-01-12,2PM,4,2,1,421
2008-01-12,9PM,0,1,1,011
2008-01-13,2PM,6,4,1,641
2008-01-13,9PM,8,0,5,805
2008-01-14,2PM,5,3,0,530
2008-01-14,9PM,9,1,4,914
2008-01-15,2PM,6,2,5,625
2008-01-15,9PM,1,6,4,164
2008-01-16,2PM,5,6,6,566
2008-01-16,9PM,9,8,2,982
2008-01-17,2PM,8,7,8,878
2008-01-17,9PM,2,6,8,268
2008-01-18,2PM,2,5,6,256
2008-01-18,9PM,9,5,1,951
2008-01-19,2PM,8,1,5,815
2008-01-19,9PM,8,4,5,845
2008-01-20,2PM,6,0,8,608
2008-01-20,9PM,6,1,7,617
2008-01-21,2PM,4,4,8,448
2008-01-21,9PM,7,4,4,744
2008-01-22,2PM,1,6,0,160
2008-01-22,9PM,0,0,8,008
2008-01-23,2PM,3,4,6,346
2008-01-23,9PM,4,8,9,489
2008-01-24,2PM,1,5,5,155
2008-01-24,9PM,8,8,5,885
2008-01-25,2PM,0,8,9,089
2008-01-25,9PM,6,6,1,661
2008-01-26,2PM,5,9,4,594
2008-01-26,9PM,8,4,8,848
2008-01-27,2PM,1,7,9,179
2008-01-27,9PM,5,1,7,517
2008-01-28,2PM,5,5,0,550
2008-01-28,9PM,8,1,1,811
2008-01-29,2PM,0,0,2,002
2008-01-29,9PM,2,6,3,263
2008-01-30,2PM,9,0,7,907
2008-01-30,9PM,3,6,4,364
2008-01-31,2PM,6,7,3,673
2008-01-31,9PM,6,7,6,676
2008-02-01,2PM,7,4,7,747
2008-02-01,9PM,7,2,9,729
2008-02-02,2PM,7,6,3,763
2008-02-02,9PM,8,0,7,807
2008-02-03,2PM,6,2,1,621
2008-02-03,9PM,5,7,6,576
2008-02-04,2PM,9,6,0,960
2008-02-04,9PM,3,5,1,351
2008-02-05,2PM,7,5,0,750
2008-02-05,9PM,1,4,9,149
2008-02-06,2PM,0,5,8,058
2008-02-06,9PM,4,9,3,493
2008-02-07,2PM,3,8,7,387
2008-02-07,9PM,8,2,2,822
2008-02-08,2PM,1,1,0,110
2008-02-08,9PM,4,0,9,409
2008-02-09,2PM,0,8,4,084
2008-02-09,9PM,6,9,0,690
2008-02-10,2PM,5,6,9,569
2008-02-10,9PM,4,4,1,441
2008-02-11,2PM,9,9,1,991
2008-02-11,9PM,3,1,7,317
2008-02-12,2PM,0,4,1,041
2008-02-12,9PM,7,9,2,792
2008-02-13,2PM,5,8,2,582
2008-02-13,9PM,9,6,6,966
2008-02-14,2PM,3,1,4,314
2008-02-14,9PM,5,5,5,555
2008-02-15,2PM,0,8,9,089
2008-02-15,9PM,1,7,5,175
2008-02-16,2PM,4,3,8,438
2008-02-16,9PM,9,6,0,960
2008-02-17,2PM,9,1,3,913
2008-02-17,9PM,5,0,1,501
2008-02-18,2PM,8,7,8,878
2008-02-18,9PM,3,6,6,366
2008-02-19,2PM,8,8,0,880
2008-02-19,9PM,7,7,6,776
2008-02-20,2PM,9,7,5,975
2008-02-20,9PM,8,2,3,823
2008-02-21,2PM,1,6,7,167
2008-02-21,9PM,7,8,2,782
2008-02-22,2PM,3,5,2,352
2008-02-22,9PM,4,4,4,444
2008-02-23,2PM,7,6,5,765
2008-02-23,9PM,6,7,1,671
2008-02-24,2PM,3,5,1,351
2008-02-24,9PM,5,1,7,517
2008-02-25,2PM,2,1,5,215
2008-02-25,9PM,2,0,6,206
2008-02-26,2PM,2,3,2,232
2008-02-26,9PM,7,1,1,711
2008-02-27,2PM,9,0,1,901
2008-02-27,9PM,7,1,8,718
2008-02-28,2PM,5,6,0,560
2008-02-28,9PM,4,8,7,487
2008-02-29,2PM,2,1,8,218
2008-02-29,9PM,2,4,5,245
2008-03-01,2PM,5,3,1,531
2008-03-01,9PM,1,7,0,170
2008-03-02,2PM,0,4,6,046
2008-03-02,9PM,0,6,5,065
2008-03-03,2PM,6,5,3,653
2008-03-03,9PM,4,7,1,471
2008-03-04,2PM,1,0,3,103
2008-03-04,9PM,8,9,4,894
2008-03-05,2PM,1,3,4,134
2008-03-05,9PM,3,2,2,322
2008-03-06,2PM,5,0,1,501
2008-03-06,9PM,6,8,3,683
2008-03-07,2PM,0,8,2,082
2008-03-07,9PM,9,9,0,990
2008-03-08,2PM,3,7,5,375
2008-03-08,9PM,2,3,6,236
2008-03-09,2PM,1,0,4,104
2008-03-09,9PM,0,1,0,010
2008-03-10,2PM,7,6,5,765
2008-03-10,9PM,0,4,7,047
2008-03-11,2PM,8,2,8,828
2008-03-11,9PM,9,6,6,966
2008-03-12,2PM,1,4,8,148
2008-03-12,9PM,1,9,1,191
2008-03-13,2PM,1,3,4,134
2008-03-13,9PM,5,9,4,594
2008-03-14,2PM,0,9,1,091
2008-03-14,9PM,5,5,9,559
2008-03-15,2PM,7,2,1,721
2008-03-15,9PM,8,8,0,880
2008-03-16,2PM,0,7,7,077
2008-03-16,9PM,0,1,1,011
2008-03-17,2PM,4,0,5,405
2008-03-17,9PM,1,2,6,126
2008-03-18,2PM,1,4,9,149
2008-03-18,9PM,6,3,1,631
2008-03-19,2PM,2,5,3,253
2008-03-19,9PM,4,7,6,476
2008-03-24,2PM,0,0,5,005
2008-03-24,5PM,5,2,6,526
2008-03-24,9PM,9,0,8,908
2008-03-25,2PM,4,6,4,464
2008-03-25,5PM,4,9,2,492
2008-03-25,9PM,2,8,4,284
2008-03-26,2PM,2,8,6,286
2008-03-26,5PM,2,6,4,264
2008-03-26,9PM,7,4,4,744
2008-03-27,2PM,9,2,2,922
2008-03-27,5PM,1,3,6,136
2008-03-27,9PM,7,8,2,782
2008-03-28,2PM,8,7,0,870
2008-03-28,5PM,9,9,8,998
2008-03-28,9PM,8,8,9,889
2008-03-29,2PM,4,8,0,480
2008-03-29,5PM,9,6,9,969
2008-03-29,9PM,7,3,3,733
2008-03-30,2PM,4,9,3,493
2008-03-30,5PM,5,0,5,505
2008-03-30,9PM,1,0,8,108
2008-03-31,2PM,5,1,1,511
2008-03-31,5PM,0,4,4,044
2008-03-31,9PM,0,7,0,070
2008-04-01,2PM,0,5,2,052
2008-04-01,5PM,3,3,4,334
2008-04-01,9PM,0,8,8,088
2008-04-02,2PM,2,5,6,256
2008-04-02,5PM,0,6,3,063
2008-04-02,9PM,5,8,2,582
2008-04-03,2PM,3,2,6,326
2008-04-03,5PM,6,9,6,696
2008-04-03,9PM,1,6,2,162
2008-04-04,2PM,8,0,6,806
2008-04-04,5PM,1,3,7,137
2008-04-04,9PM,8,1,9,819
2008-04-05,2PM,0,9,1,091
2008-04-05,5PM,3,4,8,348
2008-04-05,9PM,1,6,1,161
2008-04-06,2PM,9,3,1,931
2008-04-06,5PM,3,8,2,382
2008-04-06,9PM,6,6,5,665
2008-04-07,2PM,3,3,1,331
2008-04-07,5PM,8,2,6,826
2008-04-07,9PM,0,3,4,034
2008-04-08,2PM,9,2,7,927
2008-04-08,5PM,9,1,8,918
2008-04-08,9PM,4,8,1,481
2008-04-09,2PM,8,2,1,821
2008-04-09,5PM,3,1,4,314
2008-04-09,9PM,1,7,8,178
2008-04-10,2PM,5,2,2,522
2008-04-10,5PM,2,5,2,252
2008-04-10,9PM,8,5,6,856
2008-04-11,2PM,8,8,1,881
2008-04-11,5PM,3,2,1,321
2008-04-11,9PM,6,9,9,699
2008-04-12,2PM,5,6,2,562
2008-04-12,5PM,9,8,2,982
2008-04-12,9PM,0,2,2,022
2008-04-13,2PM,0,3,2,032
2008-04-13,5PM,1,2,2,122
2008-04-13,9PM,8,1,7,817
2008-04-14,2PM,6,3,1,631
2008-04-14,5PM,1,5,1,151
2008-04-14,9PM,4,5,7,457
2008-04-15,2PM,6,5,7,657
2008-04-15,5PM,1,9,1,191
2008-04-15,9PM,3,6,8,368
2008-04-16,2PM,1,0,0,100
2008-04-16,5PM,0,6,8,068
2008-04-16,9PM,7,2,7,727
2008-04-17,2PM,0,6,4,064
2008-04-17,5PM,1,2,4,124
2008-04-17,9PM,2,0,8,208
2008-04-18,2PM,3,8,9,389
2008-04-18,5PM,5,2,9,529
2008-04-18,9PM,2,7,8,278
2008-04-19,2PM,9,4,8,948
2008-04-19,5PM,9,2,0,920
2008-04-19,9PM,4,2,2,422
2008-04-20,2PM,6,2,4,624
2008-04-20,5PM,7,6,6,766
2008-04-20,9PM,2,8,9,289
2008-04-21,2PM,5,5,9,559
2008-04-21,5PM,6,0,2,602
2008-04-21,9PM,7,7,6,776
2008-04-22,2PM,6,6,1,661
2008-04-22,5PM,2,9,7,297
2008-04-22,9PM,2,9,0,290
2008-04-23,2PM,3,3,6,336
2008-04-23,5PM,4,6,6,466
2008-04-23,9PM,2,0,9,209
2008-04-24,2PM,6,0,2,602
2008-04-24,5PM,8,3,4,834
2008-04-24,9PM,0,7,7,077
2008-04-25,2PM,5,0,4,504
2008-04-25,5PM,4,6,2,462
2008-04-25,9PM,0,4,0,040
2008-04-26,2PM,9,9,5,995
2008-04-26,5PM,9,7,3,973
2008-04-26,9PM,7,5,9,759
2008-04-27,2PM,8,2,8,828
2008-04-27,5PM,3,0,9,309
2008-04-27,9PM,6,7,7,677
2008-04-28,2PM,8,4,5,845
2008-04-28,5PM,0,6,0,060
2008-04-28,9PM,1,6,7,167
2008-04-29,2PM,1,4,1,141
2008-04-29,5PM,7,9,8,798
2008-04-29,9PM,8,1,8,818
2008-04-30,2PM,4,9,7,497
2008-04-30,5PM,2,4,8,248
2008-04-30,9PM,9,8,2,982
2008-05-01,2PM,1,0,1,101
2008-05-01,5PM,5,3,3,533
2008-05-01,9PM,0,5,4,054
2008-05-02,2PM,0,1,0,010
2008-05-02,5PM,7,7,4,774
2008-05-02,9PM,3,9,1,391
2008-05-03,2PM,9,1,0,910
2008-05-03,5PM,0,9,3,093
2008-05-03,9PM,7,7,9,779
2008-05-04,2PM,1,9,7,197
2008-05-04,5PM,2,4,8,248
2008-05-04,9PM,7,1,9,719
2008-05-05,2PM,5,5,6,556
2008-05-05,5PM,8,9,7,897
2008-05-05,9PM,7,9,8,798
2008-05-06,2PM,8,8,6,886
2008-05-06,5PM,6,5,0,650
2008-05-06,9PM,6,2,5,625
2008-05-07,2PM,2,1,3,213
2008-05-07,5PM,2,4,0,240
2008-05-07,9PM,2,0,4,204
2008-05-08,2PM,1,5,8,158
2008-05-08,5PM,8,4,2,842
2008-05-08,9PM,3,2,7,327
2008-05-09,2PM,5,0,5,505
2008-05-09,5PM,6,9,0,690
2008-05-09,9PM,3,4,1,341
2008-05-10,2PM,6,6,8,668
2008-05-10,5PM,0,4,5,045
2008-05-10,9PM,4,7,0,470
2008-05-11,2PM,5,9,7,597
2008-05-11,5PM,1,4,1,141
2008-05-11,9PM,5,5,5,555
2008-05-12,2PM,2,2,2,222
2008-05-12,5PM,9,7,9,979
2008-05-12,9PM,0,3,6,036
2008-05-13,2PM,3,1,3,313
2008-05-13,5PM,2,2,5,225
2008-05-13,9PM,1,4,3,143
2008-05-14,2PM,6,0,8,608
2008-05-14,5PM,4,6,7,467
2008-05-14,9PM,9,4,2,942
2008-05-15,2PM,9,0,4,904
2008-05-15,5PM,7,2,0,720
2008-05-15,9PM,6,9,1,691
2008-05-16,2PM,7,5,4,754
2008-05-16,5PM,4,7,3,473
2008-05-16,9PM,4,8,4,484
2008-05-17,2PM,7,6,9,769
2008-05-17,5PM,1,1,4,114
2008-05-17,9PM,3,1,3,313
2008-05-18,2PM,3,1,4,314
2008-05-18,5PM,7,0,9,709
2008-05-18,9PM,1,4,0,140
2008-05-19,2PM,8,2,6,826
2008-05-19,5PM,7,2,7,727
2008-05-19,9PM,7,5,9,759
2008-05-20,2PM,2,6,6,266
2008-05-20,5PM,7,7,8,778
2008-05-20,9PM,4,0,5,405
2008-05-21,2PM,8,2,7,827
2008-05-21,5PM,4,7,2,472
2008-05-21,9PM,1,8,8,188
2008-05-22,2PM,2,7,3,273
2008-05-22,5PM,1,8,0,180
2008-05-22,9PM,3,4,0,340
2008-05-23,2PM,3,9,2,392
2008-05-23,5PM,2,1,7,217
2008-05-23,9PM,7,1,3,713
2008-05-24,2PM,7,0,8,708
2008-05-24,5PM,3,1,1,311
2008-05-24,9PM,4,5,7,457
2008-05-25,2PM,2,6,5,265
2008-05-25,5PM,3,9,5,395
2008-05-25,9PM,9,2,1,921
2008-05-26,2PM,5,5,5,555
2008-05-26,5PM,8,5,8,858
2008-05-26,9PM,5,4,7,547
2008-05-27,2PM,2,1,9,219
2008-05-27,5PM,8,0,9,809
2008-05-27,9PM,0,7,7,077
2008-05-28,2PM,6,6,1,661
2008-05-28,5PM,5,1,5,515
2008-05-28,9PM,6,4,5,645
2008-05-29,2PM,8,1,2,812
2008-05-29,5PM,7,4,7,747
2008-05-29,9PM,5,7,8,578
2008-05-30,2PM,2,0,2,202
2008-05-30,5PM,4,5,0,450
2008-05-30,9PM,3,5,4,354
2008-05-31,2PM,8,1,1,811
2008-05-31,5PM,4,7,5,475
2008-05-31,9PM,7,6,4,764
2008-06-01,2PM,7,0,6,706
2008-06-01,5PM,4,2,9,429
2008-06-01,9PM,5,0,1,501
2008-06-02,2PM,1,2,8,128
2008-06-02,5PM,3,6,5,365
2008-06-02,9PM,5,1,3,513
2008-06-03,2PM,6,6,7,667
2008-06-03,5PM,5,3,8,538
2008-06-03,9PM,0,1,9,019
2008-06-04,2PM,7,8,5,785
2008-06-04,5PM,0,0,9,009
2008-06-04,9PM,5,1,0,510
2008-06-05,2PM,0,4,0,040
2008-06-05,5PM,4,3,5,435
2008-06-05,9PM,3,1,7,317
2008-06-06,2PM,8,8,2,882
2008-06-06,5PM,1,0,8,108
2008-06-06,9PM,3,9,8,398
2008-06-07,2PM,4,1,4,414
2008-06-07,5PM,4,6,1,461
2008-06-07,9PM,9,9,4,994
2008-06-08,2PM,5,6,8,568
2008-06-08,5PM,3,7,3,373
2008-06-08,9PM,7,0,6,706
2008-06-09,2PM,5,9,8,598
2008-06-09,5PM,6,5,0,650
2008-06-09,9PM,8,9,1,891
2008-06-10,2PM,0,6,1,061
2008-06-10,5PM,3,1,6,316
2008-06-10,9PM,4,7,7,477
2008-06-11,2PM,1,5,6,156
2008-06-11,5PM,1,7,1,171
2008-06-11,9PM,7,6,9,769
2008-06-12,2PM,9,0,0,900
2008-06-12,5PM,0,6,6,066
2008-06-12,9PM,9,5,9,959
2008-06-13,2PM,5,8,8,588
2008-06-13,5PM,8,8,8,888
2008-06-13,9PM,3,0,1,301
2008-06-14,2PM,5,6,8,568
2008-06-14,5PM,3,9,2,392
2008-06-14,9PM,0,7,0,070
2008-06-15,2PM,3,3,5,335
2008-06-15,5PM,4,5,8,458
2008-06-15,9PM,7,9,3,793
2008-06-16,2PM,8,8,6,886
2008-06-16,5PM,1,1,6,116
2008-06-16,9PM,5,9,2,592
2008-06-17,2PM,3,3,5,335
2008-06-17,5PM,7,0,1,701
2008-06-17,9PM,1,5,1,151
2008-06-18,2PM,5,7,0,570
2008-06-18,5PM,7,7,0,770
2008-06-18,9PM,9,5,4,954
2008-06-19,2PM,9,9,5,995
2008-06-19,5PM,1,1,2,112
2008-06-19,9PM,0,8,3,083
2008-06-20,2PM,0,6,7,067
2008-06-20,5PM,4,2,5,425
2008-06-20,9PM,1,6,1,161
2008-06-21,2PM,5,1,3,513
2008-06-21,5PM,5,9,2,592
2008-06-21,9PM,1,3,7,137
2008-06-22,2PM,9,6,0,960
2008-06-22,5PM,4,5,1,451
2008-06-22,9PM,0,3,7,037
2008-06-23,2PM,2,0,0,200
2008-06-23,5PM,4,1,8,418
2008-06-23,9PM,7,6,4,764
2008-06-24,2PM,6,4,8,648
2008-06-24,5PM,2,4,5,245
2008-06-24,9PM,2,6,7,267
2008-06-25,2PM,7,4,8,748
2008-06-25,5PM,2,5,7,257
2008-06-25,9PM,5,3,2,532
2008-06-26,2PM,0,9,6,096
2008-06-26,5PM,6,9,1,691
2008-06-26,9PM,4,0,8,408
2008-06-27,2PM,1,5,1,151
2008-06-27,5PM,7,4,8,748
2008-06-27,9PM,2,3,4,234
2008-06-28,2PM,5,9,7,597
2008-06-28,5PM,2,7,8,278
2008-06-28,9PM,5,4,7,547
2008-06-29,2PM,7,0,4,704
2008-06-29,5PM,3,6,3,363
2008-06-29,9PM,8,9,0,890
2008-06-30,2PM,2,2,4,224
2008-06-30,5PM,9,4,8,948
2008-06-30,9PM,9,3,0,930
2008-07-01,2PM,7,5,7,757
2008-07-01,5PM,1,5,2,152
2008-07-01,9PM,6,4,9,649
2008-07-02,2PM,0,9,0,090
2008-07-02,5PM,0,4,1,041
2008-07-02,9PM,9,9,5,995
2008-07-03,2PM,4,8,9,489
2008-07-03,5PM,8,2,4,824
2008-07-03,9PM,6,7,9,679
2008-07-04,2PM,0,2,7,027
2008-07-04,5PM,2,5,9,259
2008-07-04,9PM,2,8,0,280
2008-07-05,2PM,5,0,1,501
2008-07-05,5PM,2,3,1,231
2008-07-05,9PM,7,9,4,794
2008-07-06,2PM,1,8,1,181
2008-07-06,5PM,9,3,0,930
2008-07-06,9PM,7,9,3,793
2008-07-07,2PM,6,8,5,685
2008-07-07,5PM,1,8,5,185
2008-07-07,9PM,1,2,0,120
2008-07-08,2PM,1,9,9,199
2008-07-08,5PM,9,0,9,909
2008-07-08,9PM,8,4,0,840
2008-07-09,2PM,8,8,9,889
2008-07-09,5PM,5,8,9,589
2008-07-09,9PM,9,4,5,945
2008-07-10,2PM,0,8,4,084
2008-07-10,5PM,5,9,8,598
2008-07-10,9PM,6,1,8,618
2008-07-11,2PM,1,9,2,192
2008-07-11,5PM,5,9,6,596
2008-07-11,9PM,9,0,3,903
2008-07-12,2PM,4,8,4,484
2008-07-12,5PM,3,3,4,334
2008-07-12,9PM,7,9,2,792
2008-07-13,2PM,7,0,7,707
2008-07-13,5PM,3,4,9,349
2008-07-13,9PM,3,9,6,396
2008-07-14,2PM,0,7,5,075
2008-07-14,5PM,9,6,6,966
2008-07-14,9PM,7,7,2,772
2008-07-15,2PM,9,3,9,939
2008-07-15,5PM,0,5,7,057
2008-07-15,9PM,5,2,2,522
2008-07-16,2PM,4,3,3,433
2008-07-16,5PM,1,0,4,104
2008-07-16,9PM,9,9,4,994
2008-07-17,2PM,8,7,5,875
2008-07-17,5PM,2,3,0,230
2008-07-17,9PM,6,4,0,640
2008-07-18,2PM,5,1,8,518
2008-07-18,5PM,7,9,8,798
2008-07-18,9PM,7,2,0,720
2008-07-19,2PM,8,4,7,847
2008-07-19,5PM,0,9,9,099
2008-07-19,9PM,1,5,8,158
2008-07-20,2PM,6,4,3,643
2008-07-20,5PM,0,4,3,043
2008-07-20,9PM,9,7,3,973
2008-07-21,2PM,3,0,8,308
2008-07-21,5PM,7,5,2,752
2008-07-21,9PM,8,8,9,889
2008-07-22,2PM,0,3,9,039
2008-07-22,5PM,0,9,3,093
2008-07-22,9PM,6,7,5,675
2008-07-23,2PM,6,8,1,681
2008-07-23,5PM,8,0,1,801
2008-07-23,9PM,6,8,0,680
2008-07-24,2PM,4,9,4,494
2008-07-24,5PM,8,8,7,887
2008-07-24,9PM,1,3,9,139
2008-07-25,2PM,7,1,6,716
2008-07-25,5PM,2,5,0,250
2008-07-25,9PM,0,1,0,010
2008-07-26,2PM,0,2,7,027
2008-07-26,5PM,6,5,9,659
2008-07-26,9PM,5,0,1,501
2008-07-27,2PM,9,4,8,948
2008-07-27,5PM,2,5,3,253
2008-07-27,9PM,7,8,8,788
2008-07-28,2PM,8,6,3,863
2008-07-28,5PM,2,3,4,234
2008-07-28,9PM,4,7,0,470
2008-07-29,2PM,5,5,7,557
2008-07-29,5PM,7,0,3,703
2008-07-29,9PM,3,4,0,340
2008-07-30,2PM,8,5,6,856
2008-07-30,5PM,7,9,2,792
2008-07-30,9PM,3,3,2,332
2008-07-31,2PM,1,6,9,169
2008-07-31,5PM,6,7,3,673
2008-07-31,9PM,2,3,5,235
2008-08-01,2PM,1,7,2,172
2008-08-01,5PM,4,9,8,498
2008-08-01,9PM,4,9,4,494
2008-08-02,2PM,2,0,4,204
2008-08-02,5PM,6,9,5,695
2008-08-02,9PM,6,6,1,661
2008-08-03,2PM,2,0,0,200
2008-08-03,5PM,7,1,2,712
2008-08-03,9PM,1,1,2,112
2008-08-04,2PM,8,1,5,815
2008-08-04,5PM,7,8,3,783
2008-08-04,9PM,4,1,7,417
2008-08-05,2PM,6,1,1,611
2008-08-05,5PM,0,9,2,092
2008-08-05,9PM,8,4,2,842
2008-08-06,2PM,1,4,7,147
2008-08-06,5PM,8,4,8,848
2008-08-06,9PM,8,7,3,873
2008-08-07,2PM,5,9,8,598
2008-08-07,5PM,6,6,0,660
2008-08-07,9PM,2,7,5,275
2008-08-08,2PM,0,4,5,045
2008-08-08,5PM,0,5,4,054
2008-08-08,9PM,6,4,4,644
2008-08-09,2PM,2,9,5,295
2008-08-09,5PM,6,9,5,695
2008-08-09,9PM,5,7,0,570
2008-08-10,2PM,9,7,7,977
2008-08-10,5PM,5,4,6,546
2008-08-10,9PM,9,4,6,946
2008-08-11,2PM,6,4,6,646
2008-08-11,5PM,5,1,4,514
2008-08-11,9PM,2,7,4,274
2008-08-12,2PM,2,5,2,252
2008-08-12,5PM,8,4,1,841
2008-08-12,9PM,5,4,9,549
2008-08-13,2PM,1,6,8,168
2008-08-13,5PM,9,3,3,933
2008-08-13,9PM,1,3,6,136
2008-08-14,2PM,4,0,1,401
2008-08-14,5PM,1,7,1,171
2008-08-14,9PM,0,8,9,089
2008-08-15,2PM,0,8,3,083
2008-08-15,5PM,9,4,3,943
2008-08-15,9PM,5,9,6,596
2008-08-16,2PM,5,5,1,551
2008-08-16,5PM,2,9,9,299
2008-08-16,9PM,7,5,2,752
2008-08-17,2PM,6,9,0,690
2008-08-17,5PM,9,4,4,944
2008-08-17,9PM,8,3,5,835
2008-08-18,2PM,4,0,8,408
2008-08-18,5PM,9,9,6,996
2008-08-18,9PM,0,0,5,005
2008-08-19,2PM,7,8,6,786
2008-08-19,5PM,4,7,4,474
2008-08-19,9PM,8,3,4,834
2008-08-20,2PM,6,4,0,640
2008-08-20,5PM,1,8,7,187
2008-08-20,9PM,1,3,7,137
2008-08-21,2PM,6,9,3,693
2008-08-21,5PM,5,5,8,558
2008-08-21,9PM,3,6,8,368
2008-08-22,2PM,5,9,7,597
2008-08-22,5PM,8,9,6,896
2008-08-22,9PM,4,6,7,467
2008-08-23,2PM,6,3,8,638
2008-08-23,5PM,4,8,7,487
2008-08-23,9PM,7,9,9,799
2008-08-24,2PM,3,0,0,300
2008-08-24,5PM,7,5,8,758
2008-08-24,9PM,2,5,4,254
2008-08-25,2PM,9,4,8,948
2008-08-25,5PM,5,8,3,583
2008-08-25,9PM,7,4,5,745
2008-08-26,2PM,5,2,6,526
2008-08-26,5PM,0,1,0,010
2008-08-26,9PM,4,1,4,414
2008-08-27,2PM,7,8,8,788
2008-08-27,5PM,4,0,7,407
2008-08-27,9PM,4,4,1,441
2008-08-28,2PM,1,0,9,109
2008-08-28,5PM,9,3,3,933
2008-08-28,9PM,3,3,4,334
2008-08-29,2PM,2,1,2,212
2008-08-29,5PM,0,3,1,031
2008-08-29,9PM,3,4,2,342
2008-08-30,2PM,4,6,4,464
2008-08-30,5PM,5,2,7,527
2008-08-30,9PM,8,8,2,882
2008-08-31,2PM,0,1,5,015
2008-08-31,5PM,5,7,2,572
2008-08-31,9PM,2,2,9,229
2008-09-01,2PM,1,1,1,111
2008-09-01,5PM,4,5,6,456
2008-09-01,9PM,3,4,5,345
2008-09-02,2PM,1,4,8,148
2008-09-02,5PM,4,7,3,473
2008-09-02,9PM,9,7,4,974
2008-09-03,2PM,4,1,8,418
2008-09-03,5PM,6,5,9,659
2008-09-03,9PM,1,1,9,119
2008-09-04,2PM,7,2,5,725
2008-09-04,5PM,0,6,4,064
2008-09-04,9PM,2,1,8,218
2008-09-05,2PM,7,7,1,771
2008-09-05,5PM,9,1,8,918
2008-09-05,9PM,3,9,4,394
2008-09-06,2PM,2,8,2,282
2008-09-06,5PM,0,8,1,081
2008-09-06,9PM,0,2,8,028
2008-09-07,2PM,8,8,0,880
2008-09-07,5PM,3,3,8,338
2008-09-07,9PM,2,7,2,272
2008-09-08,2PM,0,1,2,012
2008-09-08,5PM,4,8,5,485
2008-09-08,9PM,1,8,9,189
2008-09-09,2PM,3,3,0,330
2008-09-09,5PM,4,3,6,436
2008-09-09,9PM,1,3,8,138
2008-09-10,2PM,8,6,3,863
2008-09-10,5PM,6,8,4,684
2008-09-10,9PM,2,8,4,284
2008-09-11,2PM,8,1,6,816
2008-09-11,5PM,0,2,3,023
2008-09-11,9PM,6,5,0,650
2008-09-12,2PM,2,2,3,223
2008-09-12,5PM,8,0,1,801
2008-09-12,9PM,9,6,3,963
2008-09-13,2PM,0,5,6,056
2008-09-13,5PM,1,0,4,104
2008-09-13,9PM,2,6,9,269
2008-09-14,2PM,8,3,8,838
2008-09-14,5PM,2,8,7,287
2008-09-14,9PM,7,5,1,751
2008-09-15,2PM,3,2,7,327
2008-09-15,5PM,5,9,1,591
2008-09-15,9PM,2,5,7,257
2008-09-16,2PM,1,6,2,162
2008-09-16,5PM,7,1,8,718
2008-09-16,9PM,2,5,4,254
2008-09-17,2PM,0,8,8,088
2008-09-17,5PM,8,5,4,854
2008-09-17,9PM,7,4,5,745
2008-09-18,2PM,4,1,0,410
2008-09-18,5PM,0,1,5,015
2008-09-18,9PM,4,6,8,468
2008-09-19,2PM,0,3,1,031
2008-09-19,5PM,8,9,2,892
2008-09-19,9PM,8,3,9,839
2008-09-20,2PM,2,8,3,283
2008-09-20,5PM,8,3,6,836
2008-09-20,9PM,9,1,2,912
2008-09-21,2PM,3,5,7,357
2008-09-21,5PM,4,2,4,424
2008-09-21,9PM,5,0,1,501
2008-09-22,2PM,0,2,8,028
2008-09-22,5PM,1,9,9,199
2008-09-22,9PM,3,5,9,359
2008-09-23,2PM,5,0,2,502
2008-09-23,5PM,6,0,4,604
2008-09-23,9PM,0,9,2,092
2008-09-24,2PM,6,3,1,631
2008-09-24,5PM,0,3,1,031
2008-09-24,9PM,1,6,8,168
2008-09-25,2PM,9,6,0,960
2008-09-25,5PM,7,0,9,709
2008-09-25,9PM,3,1,8,318
2008-09-26,2PM,3,1,3,313
2008-09-26,5PM,6,4,9,649
2008-09-26,9PM,7,6,8,768
2008-09-27,2PM,0,9,7,097
2008-09-27,5PM,7,2,1,721
2008-09-27,9PM,1,7,8,178
2008-09-28,2PM,5,5,5,555
2008-09-28,5PM,5,0,2,502
2008-09-28,9PM,6,0,4,604
2008-09-29,2PM,4,6,9,469
2008-09-29,5PM,1,2,5,125
2008-09-29,9PM,6,9,0,690
2008-09-30,2PM,1,5,5,155
2008-09-30,5PM,4,1,2,412
2008-09-30,9PM,7,4,1,741
2008-10-01,2PM,4,5,7,457
2008-10-01,5PM,8,0,2,802
2008-10-01,9PM,8,8,3,883
2008-10-02,2PM,2,5,2,252
2008-10-02,5PM,8,5,7,857
2008-10-02,9PM,6,0,6,606
2008-10-03,2PM,7,7,3,773
2008-10-03,5PM,1,3,1,131
2008-10-03,9PM,9,5,9,959
2008-10-04,2PM,8,3,4,834
2008-10-04,5PM,8,3,1,831
2008-10-04,9PM,1,8,5,185
2008-10-05,2PM,9,3,3,933
2008-10-05,5PM,2,7,9,279
2008-10-05,9PM,7,5,3,753
2008-10-06,2PM,4,5,9,459
2008-10-06,5PM,2,4,2,242
2008-10-06,9PM,8,9,5,895
2008-10-07,2PM,5,4,3,543
2008-10-07,5PM,8,8,7,887
2008-10-07,9PM,1,0,7,107
2008-10-08,2PM,8,8,8,888
2008-10-08,5PM,9,7,1,971
2008-10-08,9PM,8,7,1,871
2008-10-09,2PM,2,1,1,211
2008-10-09,5PM,5,5,5,555
2008-10-09,9PM,0,4,9,049
2008-10-10,2PM,9,2,3,923
2008-10-10,5PM,5,7,9,579
2008-10-10,9PM,0,3,5,035
2008-10-11,2PM,9,9,1,991
2008-10-11,5PM,7,1,8,718
2008-10-11,9PM,1,5,9,159
2008-10-12,2PM,3,9,9,399
2008-10-12,5PM,0,9,7,097
2008-10-12,9PM,7,8,1,781
2008-10-13,2PM,0,5,6,056
2008-10-13,5PM,0,7,0,070
2008-10-13,9PM,1,5,0,150
2008-10-14,2PM,5,9,7,597
2008-10-14,5PM,0,8,9,089
2008-10-14,9PM,4,1,4,414
2008-10-15,2PM,6,3,5,635
2008-10-15,5PM,3,3,1,331
2008-10-15,9PM,6,3,3,633
2008-10-16,2PM,9,1,8,918
2008-10-16,5PM,4,1,3,413
2008-10-16,9PM,2,0,3,203
2008-10-17,2PM,6,7,9,679
2008-10-17,5PM,7,5,7,757
2008-10-17,9PM,0,8,5,085
2008-10-18,2PM,3,0,7,307
2008-10-18,5PM,9,8,6,986
2008-10-18,9PM,8,6,6,866
2008-10-19,2PM,7,2,7,727
2008-10-19,5PM,5,0,0,500
2008-10-19,9PM,1,0,2,102
2008-10-20,2PM,3,8,2,382
2008-10-20,5PM,1,9,0,190
2008-10-20,9PM,1,0,9,109
2008-10-21,2PM,6,3,8,638
2008-10-21,5PM,0,5,2,052
2008-10-21,9PM,3,3,4,334
2008-10-22,2PM,4,7,2,472
2008-10-22,5PM,5,3,6,536
2008-10-22,9PM,3,1,5,315
2008-10-23,2PM,3,8,3,383
2008-10-23,5PM,7,1,6,716
2008-10-23,9PM,0,9,5,095
2008-10-24,2PM,9,5,7,957
2008-10-24,5PM,0,9,8,098
2008-10-24,9PM,4,9,4,494
2008-10-25,2PM,0,6,6,066
2008-10-25,5PM,0,8,9,089
2008-10-25,9PM,3,7,8,378
2008-10-26,2PM,6,7,5,675
2008-10-26,5PM,0,0,7,007
2008-10-26,9PM,6,6,5,665
2008-10-27,2PM,9,2,2,922
2008-10-27,5PM,6,9,7,697
2008-10-27,9PM,0,3,5,035
2008-10-28,2PM,5,4,7,547
2008-10-28,5PM,9,6,4,964
2008-10-28,9PM,6,8,7,687
2008-10-29,2PM,6,8,6,686
2008-10-29,5PM,3,4,5,345
2008-10-29,9PM,6,0,2,602
2008-10-30,2PM,3,7,9,379
2008-10-30,5PM,9,3,8,938
2008-10-30,9PM,2,5,9,259
2008-10-31,2PM,0,6,0,060
2008-10-31,5PM,0,6,3,063
2008-10-31,9PM,0,4,5,045
2008-11-01,2PM,3,4,1,341
2008-11-01,5PM,6,2,6,626
2008-11-01,9PM,3,9,6,396
2008-11-02,2PM,2,2,0,220
2008-11-02,5PM,1,7,8,178
2008-11-02,9PM,8,3,4,834
2008-11-03,2PM,7,9,5,795
2008-11-03,5PM,0,4,6,046
2008-11-03,9PM,7,2,9,729
2008-11-04,2PM,7,5,4,754
2008-11-04,5PM,3,8,4,384
2008-11-04,9PM,6,6,8,668
2008-11-05,2PM,5,0,6,506
2008-11-05,5PM,5,6,5,565
2008-11-05,9PM,1,6,8,168
2008-11-06,2PM,4,4,4,444
2008-11-06,5PM,1,7,6,176
2008-11-06,9PM,7,2,9,729
2008-11-07,2PM,7,8,8,788
2008-11-07,5PM,5,2,7,527
2008-11-07,9PM,9,1,7,917
2008-11-08,2PM,2,0,1,201
2008-11-08,5PM,0,6,8,068
2008-11-08,9PM,9,3,8,938
2008-11-09,2PM,1,6,5,165
2008-11-09,5PM,2,5,2,252
2008-11-09,9PM,9,8,8,988
2008-11-10,2PM,0,5,4,054
2008-11-10,5PM,8,5,8,858
2008-11-10,9PM,3,2,4,324
2008-11-11,2PM,2,1,1,211
2008-11-11,5PM,0,6,6,066
2008-11-11,9PM,0,3,8,038
2008-11-12,2PM,5,8,4,584
2008-11-12,5PM,9,7,7,977
2008-11-12,9PM,7,9,0,790
2008-11-13,2PM,1,7,8,178
2008-11-13,5PM,1,1,3,113
2008-11-13,9PM,7,1,0,710
2008-11-14,2PM,1,0,1,101
2008-11-14,5PM,3,4,4,344
2008-11-14,9PM,0,9,1,091
2008-11-15,2PM,6,2,0,620
2008-11-15,5PM,2,9,3,293
2008-11-15,9PM,5,6,1,561
2008-11-16,2PM,9,3,5,935
2008-11-16,5PM,6,7,7,677
2008-11-16,9PM,2,1,8,218
2008-11-17,2PM,5,1,5,515
2008-11-17,5PM,4,9,9,499
2008-11-17,9PM,9,0,8,908
2008-11-18,2PM,1,0,0,100
2008-11-18,5PM,4,1,2,412
2008-11-18,9PM,8,4,0,840
2008-11-19,2PM,6,7,0,670
2008-11-19,5PM,8,3,1,831
2008-11-19,9PM,4,8,4,484
2008-11-20,2PM,6,1,0,610
2008-11-20,5PM,9,8,9,989
2008-11-20,9PM,1,4,7,147
2008-11-21,2PM,8,2,1,821
2008-11-21,5PM,9,4,0,940
2008-11-21,9PM,0,0,6,006
2008-11-22,2PM,9,4,1,941
2008-11-22,5PM,0,2,9,029
2008-11-22,9PM,3,1,3,313
2008-11-23,2PM,6,1,4,614
2008-11-23,5PM,7,8,8,788
2008-11-23,9PM,0,7,9,079
2008-11-24,2PM,1,1,6,116
2008-11-24,5PM,9,7,0,970
2008-11-24,9PM,2,1,2,212
2008-11-25,2PM,0,5,5,055
2008-11-25,5PM,5,0,4,504
2008-11-25,9PM,6,2,1,621
2008-11-26,2PM,4,8,8,488
2008-11-26,5PM,6,7,9,679
2008-11-26,9PM,6,1,3,613
2008-11-27,2PM,7,5,2,752
2008-11-27,5PM,9,1,3,913
2008-11-27,9PM,3,4,5,345
2008-11-28,2PM,2,6,9,269
2008-11-28,5PM,7,5,9,759
2008-11-28,9PM,1,6,5,165
2008-11-29,2PM,0,2,9,029
2008-11-29,5PM,4,4,7,447
2008-11-29,9PM,8,9,2,892
2008-11-30,2PM,4,2,7,427
2008-11-30,5PM,6,2,6,626
2008-11-30,9PM,9,1,2,912
2008-12-01,2PM,7,1,3,713
2008-12-01,5PM,7,6,1,761
2008-12-01,9PM,0,1,3,013
2008-12-02,2PM,7,9,9,799
2008-12-02,5PM,7,5,5,755
2008-12-02,9PM,7,8,5,785
2008-12-03,2PM,8,2,1,821
2008-12-03,5PM,2,0,3,203
2008-12-03,9PM,1,5,6,156
2008-12-04,2PM,1,4,5,145
2008-12-04,5PM,2,0,4,204
2008-12-04,9PM,1,3,4,134
2008-12-05,2PM,9,4,5,945
2008-12-05,5PM,8,5,7,857
2008-12-05,9PM,8,5,2,852
2008-12-06,2PM,6,8,2,682
2008-12-06,5PM,6,8,5,685
2008-12-06,9PM,8,3,8,838
2008-12-07,2PM,4,5,2,452
2008-12-07,5PM,7,8,9,789
2008-12-07,9PM,3,6,2,362
2008-12-08,2PM,9,0,1,901
2008-12-08,5PM,4,0,8,408
2008-12-08,9PM,9,9,8,998
2008-12-09,2PM,1,0,4,104
2008-12-09,5PM,9,0,5,905
2008-12-09,9PM,1,6,9,169
2008-12-10,2PM,4,7,0,470
2008-12-10,5PM,4,5,4,454
2008-12-10,9PM,6,1,1,611
2008-12-11,2PM,6,4,5,645
2008-12-11,5PM,3,0,2,302
2008-12-11,9PM,3,3,6,336
2008-12-12,2PM,6,2,3,623
2008-12-12,5PM,7,8,3,783
2008-12-12,9PM,5,3,0,530
2008-12-13,2PM,3,0,8,308
2008-12-13,5PM,9,8,8,988
2008-12-13,9PM,3,3,9,339
2008-12-14,2PM,8,7,9,879
2008-12-14,5PM,1,2,7,127
2008-12-14,9PM,1,9,4,194
2008-12-15,2PM,7,3,1,731
2008-12-15,5PM,1,5,8,158
2008-12-15,9PM,1,9,8,198
2008-12-16,2PM,1,8,0,180
2008-12-16,5PM,3,8,9,389
2008-12-16,9PM,4,5,3,453
2008-12-17,2PM,0,5,7,057
2008-12-17,5PM,2,6,5,265
2008-12-17,9PM,3,7,1,371
2008-12-18,2PM,0,0,0,000
2008-12-18,5PM,9,2,2,922
2008-12-18,9PM,2,0,0,200
2008-12-19,2PM,4,6,3,463
2008-12-19,5PM,3,6,3,363
2008-12-19,9PM,7,3,1,731
2008-12-20,2PM,8,5,7,857
2008-12-20,5PM,5,7,2,572
2008-12-20,9PM,3,3,7,337
2008-12-21,2PM,3,8,3,383
2008-12-21,5PM,4,3,9,439
2008-12-21,9PM,9,5,4,954
2008-12-22,2PM,1,5,6,156
2008-12-22,5PM,0,4,9,049
2008-12-22,9PM,3,7,4,374
2008-12-23,2PM,9,3,0,930
2008-12-23,5PM,5,5,0,550
2008-12-23,9PM,5,9,4,594
2008-12-24,2PM,2,3,0,230
2008-12-24,5PM,9,2,0,920
2008-12-24,9PM,6,2,1,621
2008-12-26,2PM,7,3,8,738
2008-12-26,5PM,7,4,1,741
2008-12-26,9PM,5,3,4,534
2008-12-27,2PM,6,8,4,684
2008-12-27,5PM,8,1,1,811
2008-12-27,9PM,5,3,7,537
2008-12-28,2PM,7,1,7,717
2008-12-28,5PM,7,8,1,781
2008-12-28,9PM,7,2,8,728
2008-12-29,2PM,0,0,2,002
2008-12-29,5PM,0,4,4,044
2008-12-29,9PM,7,9,0,790
2008-12-30,2PM,6,3,7,637
2008-12-30,5PM,2,6,0,260
2008-12-30,9PM,5,4,9,549
2008-12-31,2PM,6,7,7,677
2008-12-31,5PM,1,0,7,107
2008-12-31,9PM,7,3,7,737
2009-01-02,2PM,9,9,9,999
2009-01-02,5PM,1,4,4,144
2009-01-02,9PM,3,2,8,328
2009-01-03,2PM,2,8,8,288
2009-01-03,5PM,1,6,6,166
2009-01-03,9PM,7,2,7,727
2009-01-04,2PM,2,5,7,257
2009-01-04,5PM,6,1,0,610
2009-01-04,9PM,3,1,1,311
2009-01-05,2PM,1,2,4,124
2009-01-05,5PM,7,8,9,789
2009-01-05,9PM,8,5,0,850
2009-01-06,2PM,3,0,9,309
2009-01-06,5PM,4,9,9,499
2009-01-06,9PM,9,3,4,934
2009-01-07,2PM,1,8,7,187
2009-01-07,5PM,2,5,2,252
2009-01-07,9PM,9,1,4,914
2009-01-08,2PM,9,4,5,945
2009-01-08,5PM,5,3,8,538
2009-01-08,9PM,3,7,3,373
2009-01-09,2PM,3,5,7,357
2009-01-09,5PM,5,5,2,552
2009-01-09,9PM,7,9,3,793
2009-01-10,2PM,4,0,8,408
2009-01-10,5PM,3,9,6,396
2009-01-10,9PM,3,2,9,329
2009-01-11,2PM,6,2,5,625
2009-01-11,5PM,2,2,0,220
2009-01-11,9PM,3,6,3,363
2009-01-12,2PM,5,0,3,503
2009-01-12,5PM,8,5,9,859
2009-01-12,9PM,4,8,1,481
2009-01-13,2PM,8,2,6,826
2009-01-13,5PM,5,2,0,520
2009-01-13,9PM,3,2,6,326
2009-01-14,2PM,8,8,0,880
2009-01-14,5PM,5,0,8,508
2009-01-14,9PM,8,5,1,851
2009-01-15,2PM,3,7,0,370
2009-01-15,5PM,9,1,3,913
2009-01-15,9PM,0,1,4,014
2009-01-16,2PM,1,7,2,172
2009-01-16,5PM,5,6,0,560
2009-01-16,9PM,6,2,5,625
2009-01-17,2PM,3,3,3,333
2009-01-17,5PM,6,7,9,679
2009-01-17,9PM,2,6,3,263
2009-01-18,2PM,0,0,4,004
2009-01-18,5PM,7,4,2,742
2009-01-18,9PM,0,7,5,075
2009-01-19,2PM,4,1,2,412
2009-01-19,5PM,3,9,8,398
2009-01-19,9PM,2,7,7,277
2009-01-20,2PM,9,3,0,930
2009-01-20,5PM,9,8,1,981
2009-01-20,9PM,4,1,7,417
2009-01-21,2PM,4,4,0,440
2009-01-21,5PM,0,1,8,018
2009-01-21,9PM,8,3,9,839
2009-01-22,2PM,1,6,2,162
2009-01-22,5PM,3,9,5,395
2009-01-22,9PM,9,4,4,944
2009-01-23,2PM,9,8,1,981
2009-01-23,5PM,9,3,7,937
2009-01-23,9PM,2,7,3,273
2009-01-24,2PM,3,5,5,355
2009-01-24,5PM,9,1,6,916
2009-01-24,9PM,0,8,8,088
2009-01-25,2PM,2,4,3,243
2009-01-25,5PM,4,5,0,450
2009-01-25,9PM,6,6,1,661
2009-01-26,2PM,1,3,6,136
2009-01-26,5PM,5,5,4,554
2009-01-26,9PM,3,9,7,397
2009-01-27,2PM,4,8,9,489
2009-01-27,5PM,4,1,7,417
2009-01-27,9PM,7,2,7,727
2009-01-28,2PM,3,1,7,317
2009-01-28,5PM,4,0,0,400
2009-01-28,9PM,6,5,7,657
2009-01-29,2PM,7,9,3,793
2009-01-29,5PM,3,6,9,369
2009-01-29,9PM,7,3,2,732
2009-01-30,2PM,3,2,1,321
2009-01-30,5PM,1,0,7,107
2009-01-30,9PM,6,8,4,684
2009-01-31,2PM,6,0,4,604
2009-01-31,5PM,5,1,1,511
2009-01-31,9PM,6,3,9,639
2009-02-01,2PM,3,5,1,351
2009-02-01,5PM,7,7,5,775
2009-02-01,9PM,8,4,6,846
2009-02-02,2PM,4,3,1,431
2009-02-02,5PM,2,5,5,255
2009-02-02,9PM,4,9,9,499
2009-02-03,2PM,7,1,4,714
2009-02-03,5PM,2,2,7,227
2009-02-03,9PM,2,0,4,204
2009-02-04,2PM,9,5,0,950
2009-02-04,5PM,8,3,0,830
2009-02-04,9PM,7,5,8,758
2009-02-05,2PM,9,1,7,917
2009-02-05,5PM,2,4,7,247
2009-02-05,9PM,1,9,6,196
2009-02-06,2PM,2,5,5,255
2009-02-06,5PM,9,3,0,930
2009-02-06,9PM,5,7,0,570
2009-02-07,2PM,6,4,5,645
2009-02-07,5PM,3,8,3,383
2009-02-07,9PM,9,4,1,941
2009-02-08,2PM,2,6,4,264
2009-02-08,5PM,5,6,2,562
2009-02-08,9PM,4,7,8,478
2009-02-09,2PM,2,8,1,281
2009-02-09,5PM,9,7,2,972
2009-02-09,9PM,0,1,0,010
2009-02-10,2PM,8,0,0,800
2009-02-10,5PM,0,0,7,007
2009-02-10,9PM,8,0,0,800
2009-02-11,2PM,2,4,4,244
2009-02-11,5PM,8,3,4,834
2009-02-11,9PM,7,6,5,765
2009-02-12,2PM,9,0,8,908
2009-02-12,5PM,8,4,8,848
2009-02-12,9PM,0,6,1,061
2009-02-13,2PM,6,3,0,630
2009-02-13,5PM,3,9,9,399
2009-02-13,9PM,1,2,4,124
2009-02-14,2PM,8,1,9,819
2009-02-14,5PM,5,9,4,594
2009-02-14,9PM,7,6,9,769
2009-02-15,2PM,6,4,7,647
2009-02-15,5PM,1,3,1,131
2009-02-15,9PM,7,6,4,764
2009-02-16,2PM,9,4,2,942
2009-02-16,5PM,1,2,1,121
2009-02-16,9PM,7,5,9,759
2009-02-17,2PM,1,0,3,103
2009-02-17,5PM,9,7,0,970
2009-02-17,9PM,3,7,6,376
2009-02-18,2PM,9,5,4,954
2009-02-18,5PM,7,0,6,706
2009-02-18,9PM,9,0,6,906
2009-02-19,2PM,0,5,6,056
2009-02-19,5PM,0,9,3,093
2009-02-19,9PM,9,5,8,958
2009-02-20,2PM,5,2,3,523
2009-02-20,5PM,9,6,2,962
2009-02-20,9PM,7,3,9,739
2009-02-21,2PM,6,7,8,678
2009-02-21,5PM,8,5,3,853
2009-02-21,9PM,5,6,4,564
2009-02-22,2PM,8,0,8,808
2009-02-22,5PM,1,3,6,136
2009-02-22,9PM,3,4,8,348
2009-02-23,2PM,1,6,6,166
2009-02-23,5PM,8,3,5,835
2009-02-23,9PM,9,3,9,939
2009-02-24,2PM,7,1,7,717
2009-02-24,5PM,7,5,9,759
2009-02-24,9PM,7,1,3,713
2009-02-25,2PM,5,4,3,543
2009-02-25,5PM,9,1,9,919
2009-02-25,9PM,2,4,0,240
2009-02-26,2PM,2,8,4,284
2009-02-26,5PM,4,3,1,431
2009-02-26,9PM,9,1,2,912
2009-02-27,2PM,6,2,3,623
2009-02-27,5PM,8,1,0,810
2009-02-27,9PM,1,0,8,108
2009-02-28,2PM,6,4,2,642
2009-02-28,5PM,6,8,6,686
2009-02-28,9PM,4,2,1,421
2009-03-01,2PM,3,2,4,324
2009-03-01,5PM,3,1,3,313
2009-03-01,9PM,1,4,1,141
2009-03-02,2PM,3,7,8,378
2009-03-02,5PM,3,1,5,315
2009-03-02,9PM,9,0,1,901
2009-03-03,2PM,3,0,6,306
2009-03-03,5PM,7,2,4,724
2009-03-03,9PM,6,5,8,658
2009-03-04,2PM,9,8,5,985
2009-03-04,5PM,2,8,0,280
2009-03-04,9PM,6,0,0,600
2009-03-05,2PM,8,8,0,880
2009-03-05,5PM,3,8,1,381
2009-03-05,9PM,7,8,4,784
2009-03-06,2PM,9,2,9,929
2009-03-06,5PM,4,4,4,444
2009-03-06,9PM,4,6,9,469
2009-03-07,2PM,4,2,9,429
2009-03-07,5PM,7,8,5,785
2009-03-07,9PM,6,4,4,644
2009-03-08,2PM,3,7,7,377
2009-03-08,5PM,2,8,0,280
2009-03-08,9PM,6,8,7,687
2009-03-09,2PM,1,1,4,114
2009-03-09,5PM,4,0,4,404
2009-03-09,9PM,7,1,0,710
2009-03-10,2PM,7,4,0,740
2009-03-10,5PM,6,4,5,645
2009-03-10,9PM,0,0,6,006
2009-03-11,2PM,5,0,7,507
2009-03-11,5PM,6,7,5,675
2009-03-11,9PM,2,6,3,263
2009-03-12,2PM,3,2,8,328
2009-03-12,5PM,0,9,1,091
2009-03-12,9PM,3,8,4,384
2009-03-13,2PM,2,0,8,208
2009-03-13,5PM,7,1,8,718
2009-03-13,9PM,7,8,1,781
2009-03-14,2PM,4,4,8,448
2009-03-14,5PM,9,7,3,973
2009-03-14,9PM,7,2,2,722
2009-03-15,2PM,7,5,1,751
2009-03-15,5PM,5,6,8,568
2009-03-15,9PM,5,4,0,540
2009-03-16,2PM,9,5,5,955
2009-03-16,5PM,4,0,4,404
2009-03-16,9PM,6,8,8,688
2009-03-17,2PM,5,2,4,524
2009-03-17,5PM,5,5,4,554
2009-03-17,9PM,7,9,0,790
2009-03-18,2PM,9,1,5,915
2009-03-18,5PM,1,9,7,197
2009-03-18,9PM,5,6,5,565
2009-03-19,2PM,8,2,3,823
2009-03-19,5PM,6,4,0,640
2009-03-19,9PM,3,9,0,390
2009-03-20,2PM,4,2,3,423
2009-03-20,5PM,7,1,8,718
2009-03-20,9PM,8,8,9,889
2009-03-21,2PM,1,8,7,187
2009-03-21,5PM,4,3,4,434
2009-03-21,9PM,7,8,2,782
2009-03-22,2PM,8,4,0,840
2009-03-22,5PM,0,9,6,096
2009-03-22,9PM,1,0,9,109
2009-03-23,2PM,3,8,8,388
2009-03-23,5PM,0,0,2,002
2009-03-23,9PM,1,8,1,181
2009-03-24,2PM,8,6,8,868
2009-03-24,5PM,5,2,4,524
2009-03-24,9PM,1,0,4,104
2009-03-25,2PM,6,4,2,642
2009-03-25,5PM,4,8,9,489
2009-03-25,9PM,8,2,5,825
2009-03-26,2PM,7,3,3,733
2009-03-26,5PM,0,8,0,080
2009-03-26,9PM,5,1,1,511
2009-03-27,2PM,9,7,6,976
2009-03-27,5PM,3,8,7,387
2009-03-27,9PM,3,0,9,309
2009-03-28,2PM,3,9,2,392
2009-03-28,5PM,8,7,5,875
2009-03-28,9PM,0,5,3,053
2009-03-29,2PM,4,7,1,471
2009-03-29,5PM,2,8,2,282
2009-03-29,9PM,8,9,2,892
2009-03-30,2PM,0,0,0,000
2009-03-30,5PM,2,9,3,293
2009-03-30,9PM,4,4,5,445
2009-03-31,2PM,6,8,9,689
2009-03-31,5PM,0,9,0,090
2009-03-31,9PM,5,2,0,520
2009-04-01,2PM,6,1,1,611
2009-04-01,5PM,0,5,1,051
2009-04-01,9PM,0,1,8,018
2009-04-02,2PM,1,4,8,148
2009-04-02,5PM,8,8,2,882
2009-04-02,9PM,3,8,8,388
2009-04-03,2PM,7,6,6,766
2009-04-03,5PM,5,1,0,510
2009-04-03,9PM,5,9,7,597
2009-04-04,2PM,9,1,6,916
2009-04-04,5PM,9,5,3,953
2009-04-04,9PM,3,8,1,381
2009-04-05,2PM,0,6,8,068
2009-04-05,5PM,7,4,4,744
2009-04-05,9PM,3,3,1,331
2009-04-06,2PM,1,6,2,162
2009-04-06,5PM,2,1,2,212
2009-04-06,9PM,0,5,3,053
2009-04-07,2PM,4,0,1,401
2009-04-07,5PM,8,1,0,810
2009-04-07,9PM,9,9,5,995
2009-04-08,2PM,6,5,7,657
2009-04-08,5PM,2,2,5,225
2009-04-08,9PM,3,0,7,307
2009-04-13,2PM,0,9,2,092
2009-04-13,5PM,5,2,6,526
2009-04-13,9PM,5,7,8,578
2009-04-14,2PM,5,4,9,549
2009-04-14,5PM,0,3,3,033
2009-04-14,9PM,7,5,7,757
2009-04-15,2PM,7,3,1,731
2009-04-15,5PM,5,4,6,546
2009-04-15,9PM,3,8,7,387
2009-04-16,2PM,9,4,8,948
2009-04-16,5PM,6,8,6,686
2009-04-16,9PM,8,7,6,876
2009-04-17,2PM,0,7,4,074
2009-04-17,5PM,1,6,3,163
2009-04-17,9PM,6,5,1,651
2009-04-18,2PM,4,2,7,427
2009-04-18,5PM,8,4,8,848
2009-04-18,9PM,7,1,2,712
2009-04-19,2PM,7,0,5,705
2009-04-19,5PM,4,3,9,439
2009-04-19,9PM,2,0,8,208
2009-04-20,2PM,6,3,8,638
2009-04-20,5PM,4,0,5,405
2009-04-20,9PM,5,0,6,506
2009-04-21,2PM,0,8,7,087
2009-04-21,5PM,2,6,7,267
2009-04-21,9PM,7,2,0,720
2009-04-22,2PM,4,4,2,442
2009-04-22,5PM,2,8,5,285
2009-04-22,9PM,6,1,0,610
2009-04-23,2PM,1,6,2,162
2009-04-23,5PM,8,7,9,879
2009-04-23,9PM,9,2,3,923
2009-04-24,2PM,8,9,7,897
2009-04-24,5PM,0,7,3,073
2009-04-24,9PM,0,6,4,064
2009-04-25,2PM,0,9,8,098
2009-04-25,5PM,1,5,7,157
2009-04-25,9PM,5,3,3,533
2009-04-26,2PM,6,8,6,686
2009-04-26,5PM,4,4,9,449
2009-04-26,9PM,7,5,5,755
2009-04-27,2PM,4,7,7,477
2009-04-27,5PM,3,8,1,381
2009-04-27,9PM,6,0,1,601
2009-04-28,2PM,7,7,2,772
2009-04-28,5PM,3,8,9,389
2009-04-28,9PM,9,2,7,927
2009-04-29,2PM,9,6,7,967
2009-04-29,5PM,5,6,2,562
2009-04-29,9PM,8,7,6,876
2009-04-30,2PM,2,4,5,245
2009-04-30,5PM,6,9,3,693
2009-04-30,9PM,8,8,1,881
2009-05-01,2PM,9,6,1,961
2009-05-01,5PM,0,7,7,077
2009-05-01,9PM,1,2,1,121
2009-05-02,2PM,4,9,3,493
2009-05-02,5PM,2,6,2,262
2009-05-02,9PM,9,2,9,929
2009-05-03,2PM,0,2,8,028
2009-05-03,5PM,6,2,7,627
2009-05-03,9PM,0,0,0,000
2009-05-04,2PM,8,0,7,807
2009-05-04,5PM,7,9,9,799
2009-05-04,9PM,3,4,9,349
2009-05-05,2PM,8,5,0,850
2009-05-05,5PM,6,7,3,673
2009-05-05,9PM,6,5,5,655
2009-05-06,2PM,0,9,9,099
2009-05-06,5PM,5,0,9,509
2009-05-06,9PM,3,9,4,394
2009-05-07,2PM,4,5,9,459
2009-05-07,5PM,5,9,5,595
2009-05-07,9PM,4,5,2,452
2009-05-08,2PM,2,5,5,255
2009-05-08,5PM,3,0,6,306
2009-05-08,9PM,8,5,7,857
2009-05-09,2PM,1,0,7,107
2009-05-09,5PM,1,3,7,137
2009-05-09,9PM,3,9,4,394
2009-05-10,2PM,9,4,2,942
2009-05-10,5PM,4,6,0,460
2009-05-10,9PM,8,5,0,850
2009-05-11,2PM,6,9,6,696
2009-05-11,5PM,4,8,4,484
2009-05-11,9PM,2,8,9,289
2009-05-12,2PM,3,9,6,396
2009-05-12,5PM,6,9,1,691
2009-05-12,9PM,5,6,3,563
2009-05-13,2PM,5,8,2,582
2009-05-13,5PM,9,3,1,931
2009-05-13,9PM,8,4,5,845
2009-05-14,2PM,8,3,1,831
2009-05-14,5PM,0,5,5,055
2009-05-14,9PM,8,8,7,887
2009-05-15,2PM,4,9,4,494
2009-05-15,5PM,0,4,8,048
2009-05-15,9PM,3,0,1,301
2009-05-16,2PM,4,4,2,442
2009-05-16,5PM,2,6,5,265
2009-05-16,9PM,1,2,8,128
2009-05-17,2PM,5,2,3,523
2009-05-17,5PM,9,2,6,926
2009-05-17,9PM,9,2,3,923
2009-05-18,2PM,5,2,5,525
2009-05-18,5PM,2,5,0,250
2009-05-18,9PM,9,2,0,920
2009-05-19,2PM,3,7,5,375
2009-05-19,5PM,4,7,8,478
2009-05-19,9PM,5,3,7,537
2009-05-20,2PM,5,1,6,516
2009-05-20,5PM,3,8,4,384
2009-05-20,9PM,7,2,6,726
2009-05-21,2PM,7,6,2,762
2009-05-21,5PM,2,7,2,272
2009-05-21,9PM,7,5,7,757
2009-05-22,2PM,4,2,0,420
2009-05-22,5PM,0,4,9,049
2009-05-22,9PM,2,7,9,279
2009-05-23,2PM,9,2,2,922
2009-05-23,5PM,3,2,3,323
2009-05-23,9PM,0,6,4,064
2009-05-24,2PM,9,6,1,961
2009-05-24,5PM,8,5,1,851
2009-05-24,9PM,2,8,9,289
2009-05-25,2PM,3,9,4,394
2009-05-25,5PM,9,5,4,954
2009-05-25,9PM,0,3,8,038
2009-05-26,2PM,9,8,1,981
2009-05-26,5PM,4,4,3,443
2009-05-26,9PM,5,8,3,583
2009-05-27,2PM,2,4,6,246
2009-05-27,5PM,6,3,5,635
2009-05-27,9PM,5,6,1,561
2009-05-28,2PM,5,7,0,570
2009-05-28,5PM,6,5,3,653
2009-05-28,9PM,7,7,7,777
2009-05-29,2PM,3,6,9,369
2009-05-29,5PM,1,1,0,110
2009-05-29,9PM,4,1,9,419
2009-05-30,2PM,5,7,8,578
2009-05-30,5PM,5,5,0,550
2009-05-30,9PM,7,1,8,718
2009-05-31,2PM,7,3,6,736
2009-05-31,5PM,0,8,0,080
2009-05-31,9PM,8,3,6,836
2009-06-01,2PM,7,9,6,796
2009-06-01,5PM,0,4,2,042
2009-06-01,9PM,5,8,8,588
2009-06-02,2PM,0,3,8,038
2009-06-02,5PM,4,6,2,462
2009-06-02,9PM,8,1,1,811
2009-06-03,2PM,4,1,2,412
2009-06-03,5PM,1,8,8,188
2009-06-03,9PM,2,4,7,247
2009-06-04,2PM,0,1,6,016
2009-06-04,5PM,7,1,7,717
2009-06-04,9PM,6,8,4,684
2009-06-05,2PM,9,5,8,958
2009-06-05,5PM,4,1,0,410
2009-06-05,9PM,1,6,5,165
2009-06-06,2PM,7,4,7,747
2009-06-06,5PM,5,9,7,597
2009-06-06,9PM,0,9,8,098
2009-06-07,2PM,5,2,6,526
2009-06-07,5PM,9,1,0,910
2009-06-07,9PM,2,6,5,265
2009-06-08,2PM,5,7,4,574
2009-06-08,5PM,0,4,1,041
2009-06-08,9PM,1,5,7,157
2009-06-09,2PM,0,7,0,070
2009-06-09,5PM,1,9,3,193
2009-06-09,9PM,3,1,7,317
2009-06-10,2PM,7,8,6,786
2009-06-10,5PM,7,9,8,798
2009-06-10,9PM,8,6,8,868
2009-06-11,2PM,5,4,2,542
2009-06-11,5PM,2,8,8,288
2009-06-11,9PM,4,4,4,444
2009-06-12,2PM,7,8,1,781
2009-06-12,5PM,9,4,2,942
2009-06-12,9PM,0,8,4,084
2009-06-13,2PM,6,0,2,602
2009-06-13,5PM,0,1,1,011
2009-06-13,9PM,9,2,4,924
2009-06-14,2PM,1,2,8,128
2009-06-14,5PM,7,5,2,752
2009-06-14,9PM,3,6,9,369
2009-06-15,2PM,3,0,4,304
2009-06-15,5PM,0,3,5,035
2009-06-15,9PM,0,8,0,080
2009-06-16,2PM,0,3,7,037
2009-06-16,5PM,8,6,3,863
2009-06-16,9PM,5,6,2,562
2009-06-17,2PM,1,2,9,129
2009-06-17,5PM,6,3,1,631
2009-06-17,9PM,8,1,2,812
2009-06-18,2PM,6,0,4,604
2009-06-18,5PM,7,9,3,793
2009-06-18,9PM,8,7,2,872
2009-06-19,2PM,1,2,4,124
2009-06-19,5PM,1,1,6,116
2009-06-19,9PM,3,5,9,359
2009-06-20,2PM,3,4,7,347
2009-06-20,5PM,2,0,3,203
2009-06-20,9PM,0,1,4,014
2009-06-21,2PM,2,6,8,268
2009-06-21,5PM,5,3,2,532
2009-06-21,9PM,1,3,6,136
2009-06-22,2PM,3,9,4,394
2009-06-22,5PM,7,3,5,735
2009-06-22,9PM,2,5,2,252
2009-06-23,2PM,7,2,9,729
2009-06-23,5PM,0,0,7,007
2009-06-23,9PM,8,1,6,816
2009-06-24,2PM,9,2,1,921
2009-06-24,5PM,4,7,5,475
2009-06-24,9PM,3,4,9,349
2009-06-25,2PM,7,1,1,711
2009-06-25,5PM,0,1,8,018
2009-06-25,9PM,4,3,8,438
2009-06-26,2PM,4,3,8,438
2009-06-26,5PM,3,7,5,375
2009-06-26,9PM,9,4,3,943
2009-06-27,2PM,2,5,3,253
2009-06-27,5PM,5,1,9,519
2009-06-27,9PM,3,0,5,305
2009-06-28,2PM,5,9,4,594
2009-06-28,5PM,2,9,4,294
2009-06-28,9PM,7,0,1,701
2009-06-29,2PM,8,2,3,823
2009-06-29,5PM,3,6,7,367
2009-06-29,9PM,0,3,7,037
2009-06-30,2PM,4,0,3,403
2009-06-30,5PM,5,5,3,553
2009-06-30,9PM,4,4,9,449
2009-07-01,2PM,7,1,4,714
2009-07-01,5PM,6,0,0,600
2009-07-01,9PM,8,1,1,811
2009-07-02,2PM,4,5,6,456
2009-07-02,5PM,3,2,3,323
2009-07-02,9PM,2,7,9,279
2009-07-03,2PM,1,9,9,199
2009-07-03,5PM,6,6,5,665
2009-07-03,9PM,7,4,7,747
2009-07-04,2PM,7,4,3,743
2009-07-04,5PM,7,5,2,752
2009-07-04,9PM,9,1,3,913
2009-07-05,2PM,6,2,8,628
2009-07-05,5PM,8,3,5,835
2009-07-05,9PM,4,0,1,401
2009-07-06,2PM,6,7,9,679
2009-07-06,5PM,1,0,9,109
2009-07-06,9PM,4,0,0,400
2009-07-07,2PM,8,6,9,869
2009-07-07,5PM,9,2,7,927
2009-07-07,9PM,8,0,0,800
2009-07-08,2PM,7,6,3,763
2009-07-08,5PM,7,5,7,757
2009-07-08,9PM,9,0,1,901
2009-07-09,2PM,4,5,3,453
2009-07-09,5PM,6,5,8,658
2009-07-09,9PM,0,4,5,045
2009-07-10,2PM,1,7,4,174
2009-07-10,5PM,7,1,4,714
2009-07-10,9PM,9,3,8,938
2009-07-11,2PM,7,3,0,730
2009-07-11,5PM,6,6,2,662
2009-07-11,9PM,9,7,2,972
2009-07-12,2PM,6,1,0,610
2009-07-12,5PM,5,9,9,599
2009-07-12,9PM,3,3,1,331
2009-07-13,2PM,5,6,5,565
2009-07-13,5PM,5,1,8,518
2009-07-13,9PM,3,8,0,380
2009-07-14,2PM,4,1,5,415
2009-07-14,5PM,1,6,6,166
2009-07-14,9PM,2,3,2,232
2009-07-15,2PM,6,3,9,639
2009-07-15,5PM,1,8,4,184
2009-07-15,9PM,7,6,7,767
2009-07-16,2PM,5,9,5,595
2009-07-16,5PM,5,5,4,554
2009-07-16,9PM,7,8,2,782
2009-07-17,2PM,9,5,7,957
2009-07-17,5PM,0,8,9,089
2009-07-17,9PM,6,7,2,672
2009-07-18,2PM,1,1,0,110
2009-07-18,5PM,6,3,3,633
2009-07-18,9PM,7,2,8,728
2009-07-19,2PM,2,2,2,222
2009-07-19,5PM,2,0,1,201
2009-07-19,9PM,6,5,4,654
2009-07-20,2PM,3,4,1,341
2009-07-20,5PM,3,9,4,394
2009-07-20,9PM,5,6,2,562
2009-07-21,2PM,5,6,5,565
2009-07-21,5PM,3,7,7,377
2009-07-21,9PM,7,2,0,720
2009-07-22,2PM,2,1,9,219
2009-07-22,5PM,1,9,6,196
2009-07-22,9PM,9,0,6,906
2009-07-23,2PM,8,5,7,857
2009-07-23,5PM,3,5,7,357
2009-07-23,9PM,0,2,0,020
2009-07-24,2PM,7,1,7,717
2009-07-24,5PM,4,2,3,423
2009-07-24,9PM,2,0,5,205
2009-07-25,2PM,2,2,4,224
2009-07-25,5PM,6,9,9,699
2009-07-25,9PM,0,4,2,042
2009-07-26,2PM,4,9,6,496
2009-07-26,5PM,2,3,6,236
2009-07-26,9PM,5,9,1,591
2009-07-27,2PM,9,1,8,918
2009-07-27,5PM,6,3,3,633
2009-07-27,9PM,3,3,7,337
2009-07-28,2PM,2,0,8,208
2009-07-28,5PM,9,2,4,924
2009-07-28,9PM,5,2,3,523
2009-07-29,2PM,0,9,8,098
2009-07-29,5PM,9,0,4,904
2009-07-29,9PM,3,3,2,332
2009-07-30,2PM,9,0,6,906
2009-07-30,5PM,6,1,1,611
2009-07-30,9PM,8,3,7,837
2009-07-31,2PM,0,2,8,028
2009-07-31,5PM,5,3,8,538
2009-07-31,9PM,9,4,4,944
2009-08-01,2PM,6,9,5,695
2009-08-01,5PM,5,3,5,535
2009-08-01,9PM,2,6,2,262
2009-08-02,2PM,7,8,6,786
2009-08-02,5PM,1,4,6,146
2009-08-02,9PM,3,6,3,363
2009-08-03,2PM,3,9,7,397
2009-08-03,5PM,7,3,8,738
2009-08-03,9PM,0,9,8,098
2009-08-04,2PM,1,5,0,150
2009-08-04,5PM,3,4,8,348
2009-08-04,9PM,6,0,7,607
2009-08-05,2PM,3,3,6,336
2009-08-05,5PM,3,5,7,357
2009-08-05,9PM,2,4,3,243
2009-08-06,2PM,5,3,3,533
2009-08-06,5PM,4,4,9,449
2009-08-06,9PM,3,2,8,328
2009-08-07,2PM,8,8,1,881
2009-08-07,5PM,9,1,9,919
2009-08-07,9PM,6,6,4,664
2009-08-08,2PM,7,8,1,781
2009-08-08,5PM,6,1,3,613
2009-08-08,9PM,8,4,7,847
2009-08-09,2PM,4,8,0,480
2009-08-09,5PM,3,3,9,339
2009-08-09,9PM,2,1,7,217
2009-08-10,2PM,8,8,4,884
2009-08-10,5PM,1,0,3,103
2009-08-10,9PM,8,8,9,889
2009-08-11,2PM,6,8,3,683
2009-08-11,5PM,0,2,3,023
2009-08-11,9PM,5,1,0,510
2009-08-12,2PM,2,4,9,249
2009-08-12,5PM,9,4,7,947
2009-08-12,9PM,2,7,7,277
2009-08-13,2PM,0,5,4,054
2009-08-13,5PM,5,7,0,570
2009-08-13,9PM,1,3,1,131
2009-08-14,2PM,7,5,1,751
2009-08-14,5PM,0,8,1,081
2009-08-14,9PM,3,5,9,359
2009-08-15,2PM,8,9,1,891
2009-08-15,5PM,2,7,8,278
2009-08-15,9PM,5,6,3,563
2009-08-16,2PM,9,1,1,911
2009-08-16,5PM,5,9,7,597
2009-08-16,9PM,3,6,8,368
2009-08-17,2PM,1,1,5,115
2009-08-17,5PM,5,4,6,546
2009-08-17,9PM,9,2,9,929
2009-08-18,2PM,8,6,5,865
2009-08-18,5PM,5,8,3,583
2009-08-18,9PM,1,4,8,148
2009-08-19,2PM,3,0,4,304
2009-08-19,5PM,4,0,0,400
2009-08-19,9PM,8,1,2,812
2009-08-20,2PM,7,1,7,717
2009-08-20,5PM,1,9,0,190
2009-08-20,9PM,9,0,3,903
2009-08-21,2PM,7,1,0,710
2009-08-21,5PM,5,3,9,539
2009-08-21,9PM,4,3,3,433
2009-08-22,2PM,2,4,3,243
2009-08-22,5PM,4,3,1,431
2009-08-22,9PM,2,3,2,232
2009-08-23,2PM,9,2,2,922
2009-08-23,5PM,1,3,3,133
2009-08-23,9PM,6,5,7,657
2009-08-24,2PM,5,6,0,560
2009-08-24,5PM,4,3,6,436
2009-08-24,9PM,8,8,0,880
2009-08-25,2PM,9,3,8,938
2009-08-25,5PM,6,1,0,610
2009-08-25,9PM,0,9,3,093
2009-08-26,2PM,4,5,0,450
2009-08-26,5PM,1,8,8,188
2009-08-26,9PM,4,2,1,421
2009-08-27,2PM,7,0,8,708
2009-08-27,5PM,0,8,4,084
2009-08-27,9PM,7,2,6,726
2009-08-28,2PM,1,2,9,129
2009-08-28,5PM,1,1,1,111
2009-08-28,9PM,7,2,8,728
2009-08-29,2PM,5,8,2,582
2009-08-29,5PM,3,0,3,303
2009-08-29,9PM,8,0,6,806
2009-08-30,2PM,1,5,8,158
2009-08-30,5PM,0,6,5,065
2009-08-30,9PM,8,3,6,836
2009-08-31,2PM,2,3,9,239
2009-08-31,5PM,4,2,3,423
2009-08-31,9PM,5,9,3,593
2009-09-01,2PM,4,4,7,447
2009-09-01,5PM,0,0,3,003
2009-09-01,9PM,0,8,2,082
2009-09-02,2PM,5,6,1,561
2009-09-02,5PM,2,2,7,227
2009-09-02,9PM,0,5,1,051
2009-09-03,2PM,0,5,9,059
2009-09-03,5PM,0,1,3,013
2009-09-03,9PM,7,5,7,757
2009-09-04,2PM,2,4,2,242
2009-09-04,5PM,9,8,9,989
2009-09-04,9PM,7,8,4,784
2009-09-05,2PM,1,7,5,175
2009-09-05,5PM,7,3,1,731
2009-09-05,9PM,6,4,9,649
2009-09-06,2PM,9,2,6,926
2009-09-06,5PM,8,7,8,878
2009-09-06,9PM,3,5,2,352
2009-09-07,2PM,2,6,4,264
2009-09-07,5PM,4,1,1,411
2009-09-07,9PM,8,3,8,838
2009-09-08,2PM,2,4,6,246
2009-09-08,5PM,5,9,7,597
2009-09-08,9PM,7,0,5,705
2009-09-09,2PM,6,4,0,640
2009-09-09,5PM,0,4,9,049
2009-09-09,9PM,9,3,2,932
2009-09-10,2PM,2,4,4,244
2009-09-10,5PM,8,6,0,860
2009-09-10,9PM,9,2,4,924
2009-09-11,2PM,7,5,8,758
2009-09-11,5PM,1,3,8,138
2009-09-11,9PM,9,8,0,980
2009-09-12,2PM,0,0,9,009
2009-09-12,5PM,9,9,9,999
2009-09-12,9PM,7,0,3,703
2009-09-13,2PM,4,3,9,439
2009-09-13,5PM,8,6,6,866
2009-09-13,9PM,3,2,8,328
2009-09-14,2PM,1,8,6,186
2009-09-14,5PM,2,8,7,287
2009-09-14,9PM,1,1,2,112
2009-09-15,2PM,9,3,3,933
2009-09-15,5PM,2,5,2,252
2009-09-15,9PM,8,0,7,807
2009-09-16,2PM,0,3,0,030
2009-09-16,5PM,9,4,1,941
2009-09-16,9PM,0,3,6,036
2009-09-17,2PM,0,5,1,051
2009-09-17,5PM,7,5,7,757
2009-09-17,9PM,0,3,2,032
2009-09-18,2PM,4,7,3,473
2009-09-18,5PM,9,9,2,992
2009-09-18,9PM,3,1,2,312
2009-09-19,2PM,3,3,1,331
2009-09-19,5PM,1,4,9,149
2009-09-19,9PM,7,2,4,724
2009-09-20,2PM,8,9,7,897
2009-09-20,5PM,5,5,9,559
2009-09-20,9PM,9,1,2,912
2009-09-21,2PM,5,4,4,544
2009-09-21,5PM,8,0,7,807
2009-09-21,9PM,3,3,5,335
2009-09-22,2PM,3,9,3,393
2009-09-22,5PM,2,1,3,213
2009-09-22,9PM,7,3,1,731
2009-09-23,2PM,6,7,1,671
2009-09-23,5PM,2,1,5,215
2009-09-23,9PM,4,5,3,453
2009-09-24,2PM,3,2,9,329
2009-09-24,5PM,8,3,2,832
2009-09-24,9PM,6,6,9,669
2009-09-25,2PM,7,8,1,781
2009-09-25,5PM,9,2,7,927
2009-09-25,9PM,2,9,4,294
2009-09-26,2PM,6,7,1,671
2009-09-26,5PM,4,4,2,442
2009-09-26,9PM,9,5,6,956
2009-09-27,2PM,0,1,2,012
2009-09-27,5PM,2,6,6,266
2009-09-27,9PM,8,5,0,850
2009-09-28,2PM,4,5,2,452
2009-09-28,5PM,7,9,8,798
2009-09-28,9PM,5,8,6,586
2009-09-29,2PM,6,8,0,680
2009-09-29,5PM,0,6,0,060
2009-09-29,9PM,7,6,3,763
2009-09-30,2PM,0,8,5,085
2009-09-30,5PM,8,3,3,833
2009-09-30,9PM,1,7,8,178
2009-10-01,2PM,1,0,7,107
2009-10-01,5PM,1,3,8,138
2009-10-01,9PM,1,8,8,188
2009-10-02,2PM,6,0,0,600
2009-10-02,5PM,7,1,3,713
2009-10-02,9PM,6,7,5,675
2009-10-03,2PM,4,5,7,457
2009-10-03,5PM,3,8,2,382
2009-10-03,9PM,4,9,5,495
2009-10-04,2PM,6,3,1,631
2009-10-04,5PM,8,5,8,858
2009-10-04,9PM,7,4,7,747
2009-10-05,2PM,4,0,9,409
2009-10-05,5PM,1,0,5,105
2009-10-05,9PM,1,6,8,168
2009-10-06,2PM,5,6,2,562
2009-10-06,5PM,3,1,7,317
2009-10-06,9PM,4,5,9,459
2009-10-07,2PM,5,8,6,586
2009-10-07,5PM,4,5,3,453
2009-10-07,9PM,4,9,8,498
2009-10-08,2PM,5,6,9,569
2009-10-08,5PM,3,9,3,393
2009-10-08,9PM,4,2,8,428
2009-10-09,2PM,8,5,9,859
2009-10-09,5PM,0,0,0,000
2009-10-09,9PM,3,0,5,305
2009-10-10,2PM,7,2,9,729
2009-10-10,5PM,6,1,7,617
2009-10-10,9PM,0,5,4,054
2009-10-11,2PM,6,1,7,617
2009-10-11,5PM,9,9,5,995
2009-10-11,9PM,8,8,1,881
2009-10-12,2PM,2,3,8,238
2009-10-12,5PM,5,3,1,531
2009-10-12,9PM,6,8,0,680
2009-10-13,2PM,6,1,5,615
2009-10-13,5PM,9,8,2,982
2009-10-13,9PM,2,0,5,205
2009-10-14,2PM,1,6,3,163
2009-10-14,5PM,5,6,4,564
2009-10-14,9PM,9,6,9,969
2009-10-15,2PM,8,2,5,825
2009-10-15,5PM,9,0,1,901
2009-10-15,9PM,8,6,5,865
2009-10-16,2PM,9,4,4,944
2009-10-16,5PM,8,8,4,884
2009-10-16,9PM,7,5,8,758
2009-10-17,2PM,9,5,6,956
2009-10-17,5PM,5,3,8,538
2009-10-17,9PM,1,9,9,199
2009-10-18,2PM,0,6,4,064
2009-10-18,5PM,1,8,8,188
2009-10-18,9PM,3,1,3,313
2009-10-19,2PM,7,0,3,703
2009-10-19,5PM,1,8,0,180
2009-10-19,9PM,5,5,3,553
2009-10-20,2PM,1,8,5,185
2009-10-20,5PM,4,6,6,466
2009-10-20,9PM,2,8,8,288
2009-10-21,2PM,3,9,2,392
2009-10-21,5PM,3,5,3,353
2009-10-21,9PM,8,1,4,814
2009-10-22,2PM,4,5,0,450
2009-10-22,5PM,2,7,0,270
2009-10-22,9PM,2,6,0,260
2009-10-23,2PM,6,2,4,624
2009-10-23,5PM,5,1,7,517
2009-10-23,9PM,5,3,6,536
2009-10-24,2PM,9,4,3,943
2009-10-24,5PM,8,2,7,827
2009-10-24,9PM,1,9,9,199
2009-10-25,2PM,7,2,2,722
2009-10-25,5PM,4,3,5,435
2009-10-25,9PM,5,4,6,546
2009-10-26,2PM,2,3,3,233
2009-10-26,5PM,3,9,7,397
2009-10-26,9PM,2,2,7,227
2009-10-27,2PM,0,1,2,012
2009-10-27,5PM,8,4,9,849
2009-10-27,9PM,2,1,9,219
2009-10-28,2PM,7,0,2,702
2009-10-28,5PM,1,9,5,195
2009-10-28,9PM,4,2,0,420
2009-10-29,2PM,2,0,5,205
2009-10-29,5PM,7,5,9,759
2009-10-29,9PM,2,1,2,212
2009-10-30,2PM,6,9,2,692
2009-10-30,5PM,6,6,1,661
2009-10-30,9PM,6,4,0,640
2009-10-31,2PM,2,0,3,203
2009-10-31,5PM,0,7,1,071
2009-10-31,9PM,4,0,6,406
2009-11-01,2PM,8,2,1,821
2009-11-01,5PM,1,7,3,173
2009-11-01,9PM,4,1,2,412
2009-11-02,2PM,4,7,9,479
2009-11-02,5PM,0,4,3,043
2009-11-02,9PM,0,8,4,084
2009-11-03,2PM,9,3,9,939
2009-11-03,5PM,9,3,3,933
2009-11-03,9PM,0,0,5,005
2009-11-04,2PM,7,6,3,763
2009-11-04,5PM,6,6,2,662
2009-11-04,9PM,8,8,3,883
2009-11-05,2PM,0,9,8,098
2009-11-05,5PM,6,3,7,637
2009-11-05,9PM,7,1,3,713
2009-11-06,2PM,5,6,7,567
2009-11-06,5PM,4,2,2,422
2009-11-06,9PM,1,4,3,143
2009-11-07,2PM,6,7,1,671
2009-11-07,5PM,3,7,0,370
2009-11-07,9PM,7,8,8,788
2009-11-08,2PM,0,4,7,047
2009-11-08,5PM,3,1,5,315
2009-11-08,9PM,5,7,3,573
2009-11-09,2PM,7,1,4,714
2009-11-09,5PM,4,0,3,403
2009-11-09,9PM,2,0,1,201
2009-11-10,2PM,2,7,5,275
2009-11-10,5PM,0,4,3,043
2009-11-10,9PM,4,8,6,486
2009-11-11,2PM,4,5,1,451
2009-11-11,5PM,5,7,0,570
2009-11-11,9PM,0,3,1,031
2009-11-12,2PM,8,1,8,818
2009-11-12,5PM,1,6,1,161
2009-11-12,9PM,1,0,0,100
2009-11-13,2PM,6,1,0,610
2009-11-13,5PM,6,1,1,611
2009-11-13,9PM,9,7,2,972
2009-11-14,2PM,9,9,0,990
2009-11-14,5PM,6,8,2,682
2009-11-14,9PM,3,0,1,301
2009-11-15,2PM,2,9,8,298
2009-11-15,5PM,2,4,5,245
2009-11-15,9PM,2,3,8,238
2009-11-16,2PM,7,6,6,766
2009-11-16,5PM,1,0,1,101
2009-11-16,9PM,5,7,9,579
2009-11-17,2PM,8,8,5,885
2009-11-17,5PM,9,8,9,989
2009-11-17,9PM,8,4,2,842
2009-11-18,2PM,0,9,7,097
2009-11-18,5PM,9,1,1,911
2009-11-18,9PM,8,7,5,875
2009-11-19,2PM,2,0,8,208
2009-11-19,5PM,9,4,6,946
2009-11-19,9PM,9,8,5,985
2009-11-20,2PM,5,9,4,594
2009-11-20,5PM,8,6,0,860
2009-11-20,9PM,9,7,8,978
2009-11-21,2PM,8,6,1,861
2009-11-21,5PM,3,9,0,390
2009-11-21,9PM,4,0,0,400
2009-11-22,2PM,3,7,6,376
2009-11-22,5PM,0,8,5,085
2009-11-22,9PM,4,8,1,481
2009-11-23,2PM,6,0,7,607
2009-11-23,5PM,0,5,0,050
2009-11-23,9PM,7,4,7,747
2009-11-24,2PM,5,9,6,596
2009-11-24,5PM,1,6,6,166
2009-11-24,9PM,7,1,3,713
2009-11-25,2PM,3,7,2,372
2009-11-25,5PM,5,7,5,575
2009-11-25,9PM,0,4,4,044
2009-11-26,2PM,5,0,2,502
2009-11-26,5PM,2,9,0,290
2009-11-26,9PM,3,8,8,388
2009-11-27,2PM,7,4,1,741
2009-11-27,5PM,6,5,6,656
2009-11-27,9PM,9,8,7,987
2009-11-28,2PM,0,0,6,006
2009-11-28,5PM,3,1,4,314
2009-11-28,9PM,3,9,3,393
2009-11-29,2PM,5,5,7,557
2009-11-29,5PM,5,7,6,576
2009-11-29,9PM,3,6,7,367
2009-11-30,2PM,6,0,5,605
2009-11-30,5PM,1,1,6,116
2009-11-30,9PM,2,6,1,261
2009-12-01,2PM,1,6,8,168
2009-12-01,5PM,9,5,0,950
2009-12-01,9PM,9,6,1,961
2009-12-02,2PM,3,9,1,391
2009-12-02,5PM,8,3,2,832
2009-12-02,9PM,7,7,8,778
2009-12-03,2PM,0,6,8,068
2009-12-03,5PM,4,1,7,417
2009-12-03,9PM,2,3,7,237
2009-12-04,2PM,0,7,2,072
2009-12-04,5PM,1,9,3,193
2009-12-04,9PM,2,2,9,229
2009-12-05,2PM,6,1,2,612
2009-12-05,5PM,8,3,1,831
2009-12-05,9PM,9,8,2,982
2009-12-06,2PM,1,6,1,161
2009-12-06,5PM,1,2,0,120
2009-12-06,9PM,0,2,8,028
2009-12-07,2PM,5,1,7,517
2009-12-07,5PM,5,8,2,582
2009-12-07,9PM,4,0,9,409
2009-12-08,2PM,3,0,2,302
2009-12-08,5PM,0,8,2,082
2009-12-08,9PM,3,2,0,320
2009-12-09,2PM,0,7,3,073
2009-12-09,5PM,0,8,4,084
2009-12-09,9PM,2,2,6,226
2009-12-10,2PM,9,9,5,995
2009-12-10,5PM,9,3,8,938
2009-12-10,9PM,1,1,6,116
2009-12-11,2PM,0,4,9,049
2009-12-11,5PM,7,8,6,786
2009-12-11,9PM,2,6,0,260
2009-12-12,2PM,0,9,1,091
2009-12-12,5PM,9,2,2,922
2009-12-12,9PM,2,5,6,256
2009-12-13,2PM,7,0,1,701
2009-12-13,5PM,0,9,9,099
2009-12-13,9PM,9,3,3,933
2009-12-14,2PM,8,5,6,856
2009-12-14,5PM,6,8,1,681
2009-12-14,9PM,8,5,3,853
2009-12-15,2PM,9,7,5,975
2009-12-15,5PM,2,9,7,297
2009-12-15,9PM,0,6,6,066
2009-12-16,2PM,7,0,1,701
2009-12-16,5PM,2,6,7,267
2009-12-16,9PM,5,8,8,588
2009-12-17,2PM,2,1,8,218
2009-12-17,5PM,3,2,1,321
2009-12-17,9PM,1,9,2,192
2009-12-18,2PM,8,5,3,853
2009-12-18,5PM,7,0,1,701
2009-12-18,9PM,1,1,6,116
2009-12-19,2PM,6,5,7,657
2009-12-19,5PM,0,3,5,035
2009-12-19,9PM,7,1,8,718
2009-12-20,2PM,6,0,5,605
2009-12-20,5PM,9,3,5,935
2009-12-20,9PM,5,7,7,577
2009-12-21,2PM,3,2,8,328
2009-12-21,5PM,0,5,9,059
2009-12-21,9PM,7,1,3,713
2009-12-22,2PM,2,3,7,237
2009-12-22,5PM,8,8,3,883
2009-12-22,9PM,0,1,8,018
2009-12-23,2PM,0,1,0,010
2009-12-23,5PM,2,5,2,252
2009-12-23,9PM,3,4,1,341
2009-12-24,2PM,9,3,3,933
2009-12-24,5PM,2,0,3,203
2009-12-24,9PM,7,8,0,780
2009-12-26,2PM,2,0,9,209
2009-12-26,5PM,5,6,0,560
2009-12-26,9PM,9,4,1,941
2009-12-27,2PM,7,6,4,764
2009-12-27,5PM,2,4,1,241
2009-12-27,9PM,6,9,5,695
2009-12-28,2PM,7,0,7,707
2009-12-28,5PM,5,8,4,584
2009-12-28,9PM,5,0,5,505
2009-12-29,2PM,2,6,9,269
2009-12-29,5PM,4,9,5,495
2009-12-29,9PM,8,1,0,810
2009-12-30,2PM,1,2,7,127
2009-12-30,5PM,6,9,8,698
2009-12-30,9PM,0,5,4,054
2009-12-31,2PM,1,8,5,185
2009-12-31,5PM,2,2,4,224
2009-12-31,9PM,4,8,1,481
2010-01-02,2PM,9,1,1,911
2010-01-02,5PM,8,5,9,859
2010-01-02,9PM,4,9,2,492
2010-01-03,2PM,9,0,7,907
2010-01-03,5PM,5,1,7,517
2010-01-03,9PM,3,2,4,324
2010-01-04,2PM,2,4,6,246
2010-01-04,5PM,8,7,3,873
2010-01-04,9PM,2,7,1,271
2010-01-05,2PM,6,4,5,645
2010-01-05,5PM,1,2,8,128
2010-01-05,9PM,3,2,5,325
2010-01-06,2PM,8,6,1,861
2010-01-06,5PM,3,3,6,336
2010-01-06,9PM,7,2,3,723
2010-01-07,2PM,1,7,4,174
2010-01-07,5PM,2,6,6,266
2010-01-07,9PM,7,5,5,755
2010-01-08,2PM,5,2,1,521
2010-01-08,5PM,8,8,2,882
2010-01-08,9PM,9,4,8,948
2010-01-09,2PM,8,0,0,800
2010-01-09,5PM,6,2,2,622
2010-01-09,9PM,9,1,2,912
2010-01-10,2PM,3,0,0,300
2010-01-10,5PM,1,0,0,100
2010-01-10,9PM,9,8,2,982
2010-01-11,2PM,2,3,2,232
2010-01-11,5PM,6,3,8,638
2010-01-11,9PM,8,8,8,888
2010-01-12,2PM,6,8,3,683
2010-01-12,5PM,1,3,5,135
2010-01-12,9PM,2,2,4,224
2010-01-13,2PM,4,8,6,486
2010-01-13,5PM,5,0,0,500
2010-01-13,9PM,1,8,1,181
2010-01-14,2PM,3,2,6,326
2010-01-14,5PM,9,6,5,965
2010-01-14,9PM,9,8,2,982
2010-01-15,2PM,1,3,1,131
2010-01-15,5PM,3,2,2,322
2010-01-15,9PM,4,9,6,496
2010-01-16,2PM,9,3,2,932
2010-01-16,5PM,7,3,7,737
2010-01-16,9PM,7,7,7,777
2010-01-17,2PM,1,8,6,186
2010-01-17,5PM,2,9,2,292
2010-01-17,9PM,5,9,1,591
2010-01-18,2PM,9,6,4,964
2010-01-18,5PM,4,6,7,467
2010-01-18,9PM,5,3,1,531
2010-01-19,2PM,2,5,4,254
2010-01-19,5PM,4,4,6,446
2010-01-19,9PM,1,9,4,194
2010-01-20,2PM,3,0,7,307
2010-01-20,5PM,5,8,4,584
2010-01-20,9PM,7,1,9,719
2010-01-21,2PM,3,8,3,383
2010-01-21,5PM,1,0,9,109
2010-01-21,9PM,3,9,7,397
2010-01-22,2PM,9,7,4,974
2010-01-22,5PM,0,4,0,040
2010-01-22,9PM,8,9,2,892
2010-01-23,2PM,1,5,3,153
2010-01-23,5PM,0,1,1,011
2010-01-23,9PM,0,2,2,022
2010-01-24,2PM,9,0,4,904
2010-01-24,5PM,0,5,2,052
2010-01-24,9PM,8,4,8,848
2010-01-25,2PM,9,9,1,991
2010-01-25,5PM,8,4,6,846
2010-01-25,9PM,9,3,6,936
2010-01-26,2PM,5,9,5,595
2010-01-26,5PM,9,1,4,914
2010-01-26,9PM,0,7,8,078
2010-01-27,2PM,3,4,8,348
2010-01-27,5PM,8,0,6,806
2010-01-27,9PM,1,4,5,145
2010-01-28,2PM,6,1,9,619
2010-01-28,5PM,8,4,0,840
2010-01-28,9PM,9,2,5,925
2010-01-29,2PM,6,8,0,680
2010-01-29,5PM,1,1,0,110
2010-01-29,9PM,7,3,0,730
2010-01-30,2PM,2,1,3,213
2010-01-30,5PM,1,1,9,119
2010-01-30,9PM,5,1,5,515
2010-01-31,2PM,6,9,0,690
2010-01-31,5PM,9,2,1,921
2010-01-31,9PM,4,4,2,442
2010-02-01,2PM,9,1,7,917
2010-02-01,5PM,2,6,3,263
2010-02-01,9PM,6,5,0,650
2010-02-02,2PM,3,2,8,328
2010-02-02,5PM,6,6,2,662
2010-02-02,9PM,0,5,5,055
2010-02-03,2PM,4,7,9,479
2010-02-03,5PM,8,0,7,807
2010-02-03,9PM,2,4,1,241
2010-02-04,2PM,0,9,7,097
2010-02-04,5PM,8,0,9,809
2010-02-04,9PM,1,2,9,129
2010-02-05,2PM,5,2,4,524
2010-02-05,5PM,0,3,8,038
2010-02-05,9PM,9,0,3,903
2010-02-06,2PM,1,2,1,121
2010-02-06,5PM,0,1,2,012
2010-02-06,9PM,2,9,2,292
2010-02-07,2PM,3,5,4,354
2010-02-07,5PM,2,2,2,222
2010-02-07,9PM,6,5,4,654
2010-02-08,2PM,5,4,4,544
2010-02-08,5PM,5,0,3,503
2010-02-08,9PM,0,4,7,047
2010-02-09,2PM,9,7,6,976
2010-02-09,5PM,6,4,6,646
2010-02-09,9PM,9,0,6,906
2010-02-10,2PM,5,6,6,566
2010-02-10,5PM,1,4,5,145
2010-02-10,9PM,4,6,5,465
2010-02-11,2PM,6,3,4,634
2010-02-11,5PM,0,4,0,040
2010-02-11,9PM,6,0,1,601
2010-02-12,2PM,0,6,8,068
2010-02-12,5PM,9,8,9,989
2010-02-12,9PM,2,6,0,260
2010-02-13,2PM,6,5,4,654
2010-02-13,5PM,3,1,4,314
2010-02-13,9PM,0,4,1,041
2010-02-14,2PM,2,4,8,248
2010-02-14,5PM,4,4,1,441
2010-02-14,9PM,0,5,5,055
2010-02-15,2PM,8,7,0,870
2010-02-15,5PM,6,8,4,684
2010-02-15,9PM,4,0,3,403
2010-02-16,2PM,4,8,4,484
2010-02-16,5PM,0,7,6,076
2010-02-16,9PM,3,3,3,333
2010-02-17,2PM,0,8,4,084
2010-02-17,5PM,8,6,2,862
2010-02-17,9PM,8,8,7,887
2010-02-18,2PM,4,2,0,420
2010-02-18,5PM,0,5,4,054
2010-02-18,9PM,9,4,4,944
2010-02-19,2PM,9,7,7,977
2010-02-19,5PM,0,1,0,010
2010-02-19,9PM,5,7,6,576
2010-02-20,2PM,5,1,7,517
2010-02-20,5PM,9,7,1,971
2010-02-20,9PM,8,4,5,845
2010-02-21,2PM,5,8,8,588
2010-02-21,5PM,5,7,9,579
2010-02-21,9PM,0,5,2,052
2010-02-22,2PM,7,1,4,714
2010-02-22,5PM,7,8,3,783
2010-02-22,9PM,0,8,2,082
2010-02-23,2PM,7,1,6,716
2010-02-23,5PM,8,4,5,845
2010-02-23,9PM,7,0,3,703
2010-02-24,2PM,9,1,4,914
2010-02-24,5PM,8,1,8,818
2010-02-24,9PM,7,8,3,783
2010-02-25,2PM,3,2,8,328
2010-02-25,5PM,9,6,7,967
2010-02-25,9PM,1,4,7,147
2010-02-26,2PM,0,5,3,053
2010-02-26,5PM,2,8,4,284
2010-02-26,9PM,2,6,1,261
2010-02-27,2PM,4,8,8,488
2010-02-27,5PM,7,5,7,757
2010-02-27,9PM,3,0,0,300
2010-02-28,2PM,8,8,2,882
2010-02-28,5PM,7,2,7,727
2010-02-28,9PM,0,4,9,049
2010-03-01,2PM,1,8,0,180
2010-03-01,5PM,0,3,4,034
2010-03-01,9PM,5,6,9,569
2010-03-02,2PM,4,3,8,438
2010-03-02,5PM,8,6,6,866
2010-03-02,9PM,4,9,2,492
2010-03-03,2PM,5,8,3,583
2010-03-03,5PM,6,4,5,645
2010-03-03,9PM,8,0,1,801
2010-03-04,2PM,6,1,3,613
2010-03-04,5PM,4,7,3,473
2010-03-04,9PM,6,1,0,610
2010-03-05,2PM,3,9,1,391
2010-03-05,5PM,1,6,9,169
2010-03-05,9PM,6,2,2,622
2010-03-06,2PM,0,2,1,021
2010-03-06,5PM,3,1,8,318
2010-03-06,9PM,0,1,4,014
2010-03-07,2PM,0,9,6,096
2010-03-07,5PM,3,3,6,336
2010-03-07,9PM,1,5,4,154
2010-03-08,2PM,7,7,4,774
2010-03-08,5PM,8,2,1,821
2010-03-08,9PM,6,4,9,649
2010-03-09,2PM,8,4,9,849
2010-03-09,5PM,3,2,0,320
2010-03-09,9PM,6,2,4,624
2010-03-10,2PM,4,2,8,428
2010-03-10,5PM,9,1,0,910
2010-03-10,9PM,4,0,6,406
2010-03-11,2PM,3,0,0,300
2010-03-11,5PM,5,8,1,581
2010-03-11,9PM,5,1,3,513
2010-03-12,2PM,4,2,8,428
2010-03-12,5PM,2,4,3,243
2010-03-12,9PM,2,8,7,287
2010-03-13,2PM,4,8,9,489
2010-03-13,5PM,6,2,3,623
2010-03-13,9PM,5,8,0,580
2010-03-14,2PM,8,2,8,828
2010-03-14,5PM,8,1,3,813
2010-03-14,9PM,3,3,0,330
2010-03-15,2PM,6,2,6,626
2010-03-15,5PM,9,8,5,985
2010-03-15,9PM,7,7,3,773
2010-03-16,2PM,1,8,8,188
2010-03-16,5PM,0,5,4,054
2010-03-16,9PM,8,2,9,829
2010-03-17,2PM,8,3,5,835
2010-03-17,5PM,2,7,2,272
2010-03-17,9PM,8,2,5,825
2010-03-18,2PM,8,3,0,830
2010-03-18,5PM,4,8,6,486
2010-03-18,9PM,7,6,0,760
2010-03-19,2PM,8,9,1,891
2010-03-19,5PM,6,1,6,616
2010-03-19,9PM,4,2,2,422
2010-03-20,2PM,3,3,9,339
2010-03-20,5PM,1,6,5,165
2010-03-20,9PM,9,4,6,946
2010-03-21,2PM,2,4,9,249
2010-03-21,5PM,1,8,4,184
2010-03-21,9PM,7,9,3,793
2010-03-22,2PM,4,5,9,459
2010-03-22,5PM,4,0,3,403
2010-03-22,9PM,6,5,7,657
2010-03-23,2PM,3,6,0,360
2010-03-23,5PM,2,3,8,238
2010-03-23,9PM,3,2,2,322
2010-03-24,2PM,4,6,2,462
2010-03-24,5PM,4,3,8,438
2010-03-24,9PM,4,9,8,498
2010-03-25,2PM,2,1,0,210
2010-03-25,5PM,8,3,2,832
2010-03-25,9PM,3,2,8,328
2010-03-26,2PM,7,4,9,749
2010-03-26,5PM,5,3,4,534
2010-03-26,9PM,4,3,6,436
2010-03-27,2PM,5,8,6,586
2010-03-27,5PM,5,2,9,529
2010-03-27,9PM,0,4,1,041
2010-03-28,2PM,6,7,8,678
2010-03-28,5PM,0,8,5,085
2010-03-28,9PM,8,6,3,863
2010-03-29,2PM,8,1,1,811
2010-03-29,5PM,7,9,7,797
2010-03-29,9PM,1,0,8,108
2010-03-30,2PM,4,8,5,485
2010-03-30,5PM,7,5,9,759
2010-03-30,9PM,7,1,0,710
2010-03-31,2PM,8,3,2,832
2010-03-31,5PM,8,4,8,848
2010-03-31,9PM,7,4,3,743
2010-04-05,2PM,3,9,0,390
2010-04-05,5PM,3,0,6,306
2010-04-05,9PM,7,5,0,750
2010-04-06,2PM,9,9,3,993
2010-04-06,5PM,3,4,7,347
2010-04-06,9PM,2,5,1,251
2010-04-07,2PM,6,8,8,688
2010-04-07,5PM,2,6,9,269
2010-04-07,9PM,1,1,2,112
2010-04-08,2PM,4,4,2,442
2010-04-08,5PM,6,3,0,630
2010-04-08,9PM,7,2,1,721
2010-04-09,2PM,3,9,5,395
2010-04-09,5PM,9,9,9,999
2010-04-09,9PM,6,8,9,689
2010-04-10,2PM,1,2,4,124
2010-04-10,5PM,4,4,8,448
2010-04-10,9PM,9,3,3,933
2010-04-11,2PM,5,5,2,552
2010-04-11,5PM,4,8,0,480
2010-04-11,9PM,3,2,0,320
2010-04-12,2PM,2,0,3,203
2010-04-12,5PM,5,0,9,509
2010-04-12,9PM,2,0,3,203
2010-04-13,2PM,6,8,6,686
2010-04-13,5PM,1,5,3,153
2010-04-13,9PM,3,4,4,344
2010-04-14,2PM,3,4,9,349
2010-04-14,5PM,3,4,0,340
2010-04-14,9PM,0,2,1,021
2010-04-15,2PM,3,4,5,345
2010-04-15,5PM,5,6,5,565
2010-04-15,9PM,9,1,3,913
2010-04-16,2PM,7,8,0,780
2010-04-16,5PM,8,4,2,842
2010-04-16,9PM,3,2,2,322
2010-04-17,2PM,4,2,7,427
2010-04-17,5PM,0,8,3,083
2010-04-17,9PM,7,6,0,760
2010-04-18,2PM,5,6,2,562
2010-04-18,5PM,6,6,4,664
2010-04-18,9PM,2,9,4,294
2010-04-19,2PM,6,4,4,644
2010-04-19,5PM,5,9,0,590
2010-04-19,9PM,5,5,1,551
2010-04-20,2PM,7,3,0,730
2010-04-20,5PM,8,9,5,895
2010-04-20,9PM,0,4,7,047
2010-04-21,2PM,2,3,9,239
2010-04-21,5PM,2,0,9,209
2010-04-21,9PM,2,5,3,253
2010-04-22,2PM,0,8,7,087
2010-04-22,5PM,8,4,1,841
2010-04-22,9PM,9,9,9,999
2010-04-23,2PM,3,6,1,361
2010-04-23,5PM,0,1,1,011
2010-04-23,9PM,9,5,5,955
2010-04-24,2PM,3,3,5,335
2010-04-24,5PM,8,8,8,888
2010-04-24,9PM,1,7,3,173
2010-04-25,2PM,7,2,5,725
2010-04-25,5PM,1,4,4,144
2010-04-25,9PM,5,8,5,585
2010-04-26,2PM,0,1,4,014
2010-04-26,5PM,4,8,6,486
2010-04-26,9PM,5,0,4,504
2010-04-27,2PM,2,0,3,203
2010-04-27,5PM,8,2,3,823
2010-04-27,9PM,4,6,2,462
2010-04-28,2PM,6,4,9,649
2010-04-28,5PM,0,9,4,094
2010-04-28,9PM,0,3,0,030
2010-04-29,2PM,0,0,7,007
2010-04-29,5PM,4,8,3,483
2010-04-29,9PM,9,9,2,992
2010-04-30,2PM,1,1,1,111
2010-04-30,5PM,5,0,5,505
2010-04-30,9PM,4,7,6,476
2010-05-01,2PM,7,8,3,783
2010-05-01,5PM,1,9,7,197
2010-05-01,9PM,5,1,9,519
2010-05-02,2PM,0,9,8,098
2010-05-02,5PM,1,4,1,141
2010-05-02,9PM,6,0,3,603
2010-05-03,2PM,6,7,1,671
2010-05-03,5PM,1,3,1,131
2010-05-03,9PM,6,0,3,603
2010-05-04,2PM,3,9,1,391
2010-05-04,5PM,0,0,4,004
2010-05-04,9PM,6,3,9,639
2010-05-05,2PM,6,3,8,638
2010-05-05,5PM,1,6,2,162
2010-05-05,9PM,5,2,5,525
2010-05-06,2PM,0,9,5,095
2010-05-06,5PM,5,3,0,530
2010-05-06,9PM,5,7,3,573
2010-05-07,2PM,4,3,6,436
2010-05-07,5PM,7,5,7,757
2010-05-07,9PM,7,4,4,744
2010-05-08,2PM,5,1,8,518
2010-05-08,5PM,2,3,2,232
2010-05-08,9PM,4,7,1,471
2010-05-09,2PM,4,9,0,490
2010-05-09,5PM,7,7,3,773
2010-05-09,9PM,3,1,8,318
2010-05-10,2PM,1,9,4,194
2010-05-10,5PM,2,9,8,298
2010-05-10,9PM,9,3,6,936
2010-05-11,2PM,3,8,7,387
2010-05-11,5PM,5,8,4,584
2010-05-11,9PM,8,1,1,811
2010-05-12,2PM,4,1,9,419
2010-05-12,5PM,7,3,2,732
2010-05-12,9PM,6,8,6,686
2010-05-13,2PM,2,7,4,274
2010-05-13,5PM,9,7,6,976
2010-05-13,9PM,9,7,3,973
2010-05-14,2PM,4,1,6,416
2010-05-14,5PM,1,5,3,153
2010-05-14,9PM,6,8,8,688
2010-05-15,2PM,7,5,3,753
2010-05-15,5PM,7,2,2,722
2010-05-15,9PM,4,5,9,459
2010-05-16,2PM,1,4,6,146
2010-05-16,5PM,6,3,9,639
2010-05-16,9PM,5,7,9,579
2010-05-17,2PM,9,6,6,966
2010-05-17,5PM,2,3,7,237
2010-05-17,9PM,0,3,0,030
2010-05-18,2PM,3,1,6,316
2010-05-18,5PM,1,3,9,139
2010-05-18,9PM,2,2,5,225
2010-05-19,2PM,0,4,5,045
2010-05-19,5PM,3,5,1,351
2010-05-19,9PM,4,0,2,402
2010-05-20,2PM,2,3,5,235
2010-05-20,5PM,2,9,4,294
2010-05-20,9PM,4,7,8,478
2010-05-21,2PM,0,9,8,098
2010-05-21,5PM,6,8,1,681
2010-05-21,9PM,4,8,5,485
2010-05-22,2PM,3,0,2,302
2010-05-22,5PM,1,9,1,191
2010-05-22,9PM,5,5,2,552
2010-05-23,2PM,2,6,1,261
2010-05-23,5PM,9,8,4,984
2010-05-23,9PM,4,7,5,475
2010-05-24,2PM,7,3,5,735
2010-05-24,5PM,9,4,1,941
2010-05-24,9PM,1,6,9,169
2010-05-25,2PM,1,6,2,162
2010-05-25,5PM,2,6,7,267
2010-05-25,9PM,7,5,3,753
2010-05-26,2PM,6,7,6,676
2010-05-26,5PM,0,2,0,020
2010-05-26,9PM,8,8,4,884
2010-05-27,2PM,4,7,3,473
2010-05-27,5PM,1,7,9,179
2010-05-27,9PM,2,9,1,291
2010-05-28,2PM,5,0,0,500
2010-05-28,5PM,9,1,5,915
2010-05-28,9PM,3,0,6,306
2010-05-29,2PM,8,3,5,835
2010-05-29,5PM,8,1,1,811
2010-05-29,9PM,8,0,4,804
2010-05-30,2PM,4,5,6,456
2010-05-30,5PM,1,1,1,111
2010-05-30,9PM,3,0,3,303
2010-06-01,2PM,5,4,3,543
2010-06-01,5PM,2,9,9,299
2010-06-01,9PM,8,1,9,819
2010-06-02,2PM,5,0,1,501
2010-06-02,5PM,7,9,1,791
2010-06-02,9PM,2,3,9,239
2010-06-03,2PM,9,4,7,947
2010-06-03,5PM,8,6,0,860
2010-06-03,9PM,1,4,7,147
2010-06-04,2PM,1,4,9,149
2010-06-04,5PM,1,5,4,154
2010-06-04,9PM,2,6,5,265
2010-06-05,2PM,9,9,1,991
2010-06-05,5PM,9,5,0,950
2010-06-05,9PM,0,2,2,022
2010-06-06,2PM,3,7,7,377
2010-06-06,5PM,6,1,8,618
2010-06-06,9PM,9,1,7,917
2010-06-07,2PM,0,0,5,005
2010-06-07,5PM,4,1,9,419
2010-06-07,9PM,5,3,9,539
2010-06-08,2PM,2,9,2,292
2010-06-08,5PM,9,7,3,973
2010-06-08,9PM,0,9,7,097
2010-06-09,2PM,0,4,8,048
2010-06-09,5PM,0,0,7,007
2010-06-09,9PM,7,7,7,777
2010-06-10,2PM,0,9,2,092
2010-06-10,5PM,3,2,9,329
2010-06-10,9PM,7,0,6,706
2010-06-11,2PM,4,8,7,487
2010-06-11,5PM,2,4,3,243
2010-06-11,9PM,0,2,7,027
2010-06-12,2PM,8,2,9,829
2010-06-12,5PM,4,5,1,451
2010-06-12,9PM,4,6,8,468
2010-06-13,2PM,8,8,6,886
2010-06-13,5PM,2,0,1,201
2010-06-13,9PM,3,4,0,340
2010-06-14,2PM,0,4,9,049
2010-06-14,5PM,8,6,0,860
2010-06-14,9PM,9,4,6,946
2010-06-15,2PM,8,6,6,866
2010-06-15,5PM,8,7,5,875
2010-06-15,9PM,4,7,1,471
2010-06-16,2PM,3,2,9,329
2010-06-16,5PM,2,4,4,244
2010-06-16,9PM,2,8,8,288
2010-06-17,2PM,7,3,4,734
2010-06-17,5PM,7,6,8,768
2010-06-17,9PM,9,2,1,921
2010-06-18,2PM,6,5,2,652
2010-06-18,5PM,4,7,8,478
2010-06-18,9PM,5,4,0,540
2010-06-19,2PM,0,1,4,014
2010-06-19,5PM,1,1,9,119
2010-06-19,9PM,2,7,7,277
2010-06-20,2PM,7,1,2,712
2010-06-20,5PM,8,0,3,803
2010-06-20,9PM,6,8,0,680
2010-06-21,2PM,0,5,0,050
2010-06-21,5PM,1,3,9,139
2010-06-21,9PM,6,2,4,624
2010-06-22,2PM,7,6,3,763
2010-06-22,5PM,5,1,0,510
2010-06-22,9PM,0,7,6,076
2010-06-23,2PM,4,6,1,461
2010-06-23,5PM,7,4,0,740
2010-06-23,9PM,4,0,7,407
2010-06-24,2PM,1,9,9,199
2010-06-24,5PM,4,7,8,478
2010-06-24,9PM,4,1,5,415
2010-06-25,2PM,1,4,8,148
2010-06-25,5PM,8,1,4,814
2010-06-25,9PM,6,4,4,644
2010-06-26,2PM,4,4,8,448
2010-06-26,5PM,9,3,4,934
2010-06-26,9PM,2,5,6,256
2010-06-27,2PM,2,6,5,265
2010-06-27,5PM,0,0,7,007
2010-06-27,9PM,9,1,8,918
2010-06-28,2PM,9,5,8,958
2010-06-28,5PM,2,3,9,239
2010-06-28,9PM,9,0,8,908
2010-06-29,2PM,0,6,4,064
2010-06-29,5PM,7,4,6,746
2010-06-29,9PM,5,5,6,556
2010-06-30,2PM,2,2,5,225
2010-06-30,5PM,4,4,5,445
2010-06-30,9PM,0,7,1,071
2010-07-01,2PM,5,0,5,505
2010-07-01,5PM,4,2,2,422
2010-07-01,9PM,7,6,8,768
2010-07-02,2PM,8,5,7,857
2010-07-02,5PM,1,4,9,149
2010-07-02,9PM,7,8,3,783
2010-07-03,2PM,2,6,2,262
2010-07-03,5PM,5,4,7,547
2010-07-03,9PM,2,5,6,256
2010-07-04,2PM,9,2,5,925
2010-07-04,5PM,9,8,5,985
2010-07-04,9PM,6,6,2,662
2010-07-05,2PM,1,7,7,177
2010-07-05,5PM,7,4,3,743
2010-07-05,9PM,7,3,6,736
2010-07-06,2PM,1,0,3,103
2010-07-06,5PM,6,9,8,698
2010-07-06,9PM,4,0,1,401
2010-07-07,2PM,7,6,2,762
2010-07-07,5PM,5,0,0,500
2010-07-07,9PM,4,4,1,441
2010-07-08,2PM,6,4,9,649
2010-07-08,5PM,8,1,1,811
2010-07-08,9PM,8,8,0,880
2010-07-09,2PM,6,9,7,697
2010-07-09,5PM,0,3,0,030
2010-07-09,9PM,9,1,4,914
2010-07-10,2PM,3,9,2,392
2010-07-10,5PM,1,5,2,152
2010-07-10,9PM,5,1,7,517
2010-07-11,2PM,9,1,7,917
2010-07-11,5PM,9,3,5,935
2010-07-11,9PM,8,8,8,888
2010-07-12,2PM,9,6,6,966
2010-07-12,5PM,0,2,0,020
2010-07-12,9PM,4,8,5,485
2010-07-13,2PM,9,6,3,963
2010-07-13,5PM,8,7,3,873
2010-07-13,9PM,9,2,0,920
2010-07-14,2PM,3,9,5,395
2010-07-14,5PM,3,7,7,377
2010-07-14,9PM,5,3,8,538
2010-07-15,2PM,8,5,8,858
2010-07-15,5PM,8,6,5,865
2010-07-15,9PM,8,5,1,851
2010-07-16,2PM,1,2,2,122
2010-07-16,5PM,3,5,3,353
2010-07-16,9PM,0,1,3,013
2010-07-17,2PM,5,5,8,558
2010-07-17,5PM,6,9,9,699
2010-07-17,9PM,0,3,9,039
2010-07-18,2PM,1,7,3,173
2010-07-18,5PM,1,3,0,130
2010-07-18,9PM,1,1,2,112
2010-07-19,2PM,2,9,5,295
2010-07-19,5PM,9,2,2,922
2010-07-19,9PM,8,7,2,872
2010-07-20,2PM,0,4,0,040
2010-07-20,5PM,6,6,8,668
2010-07-20,9PM,7,3,2,732
2010-07-21,2PM,6,8,3,683
2010-07-21,5PM,0,3,1,031
2010-07-21,9PM,0,2,3,023
2010-07-22,2PM,5,0,0,500
2010-07-22,5PM,3,3,5,335
2010-07-22,9PM,7,2,4,724
2010-07-23,2PM,8,0,6,806
2010-07-23,5PM,9,9,1,991
2010-07-23,9PM,6,1,6,616
2010-07-24,2PM,6,5,7,657
2010-07-24,5PM,6,8,8,688
2010-07-24,9PM,0,1,0,010
2010-07-25,2PM,1,1,3,113
2010-07-25,5PM,7,9,4,794
2010-07-25,9PM,6,2,5,625
2010-07-26,2PM,2,2,1,221
2010-07-26,5PM,6,4,6,646
2010-07-26,9PM,1,8,4,184
2010-07-27,2PM,8,0,8,808
2010-07-27,5PM,6,5,2,652
2010-07-27,9PM,2,4,4,244
2010-07-28,2PM,8,7,7,877
2010-07-28,5PM,6,2,1,621
2010-07-28,9PM,1,6,4,164
2010-07-29,2PM,1,3,3,133
2010-07-29,5PM,6,2,0,620
2010-07-29,9PM,8,2,5,825
2010-07-30,2PM,2,8,4,284
2010-07-30,5PM,3,1,7,317
2010-07-30,9PM,5,6,0,560
2010-07-31,2PM,3,8,1,381
2010-07-31,5PM,7,3,9,739
2010-07-31,9PM,5,2,8,528
2010-08-01,2PM,3,5,8,358
2010-08-01,5PM,1,7,0,170
2010-08-01,9PM,0,2,1,021
2010-08-02,2PM,0,1,4,014
2010-08-02,5PM,1,9,9,199
2010-08-02,9PM,4,4,0,440
2010-08-03,2PM,0,4,2,042
2010-08-03,5PM,1,8,3,183
2010-08-03,9PM,4,5,8,458
2010-08-04,2PM,6,1,8,618
2010-08-04,5PM,6,8,7,687
2010-08-04,9PM,1,2,7,127
2010-08-05,2PM,4,4,9,449
2010-08-05,5PM,9,0,8,908
2010-08-05,9PM,3,7,4,374
2010-08-06,2PM,6,1,6,616
2010-08-06,5PM,8,1,2,812
2010-08-06,9PM,1,9,1,191
2010-08-07,2PM,7,1,7,717
2010-08-07,5PM,3,7,0,370
2010-08-07,9PM,4,7,6,476
2010-08-08,2PM,7,2,0,720
2010-08-08,5PM,3,8,6,386
2010-08-08,9PM,9,4,8,948
2010-08-09,2PM,3,7,8,378
2010-08-09,5PM,3,6,3,363
2010-08-09,9PM,1,9,7,197
2010-08-10,2PM,6,6,5,665
2010-08-10,5PM,7,0,9,709
2010-08-10,9PM,0,1,9,019
2010-08-11,2PM,7,2,2,722
2010-08-11,5PM,3,9,8,398
2010-08-11,9PM,1,4,7,147
2010-08-12,2PM,5,5,9,559
2010-08-12,5PM,9,1,4,914
2010-08-12,9PM,3,3,8,338
2010-08-13,2PM,1,2,4,124
2010-08-13,5PM,5,4,1,541
2010-08-13,9PM,9,7,1,971
2010-08-14,2PM,4,3,2,432
2010-08-14,5PM,9,6,4,964
2010-08-14,9PM,4,7,7,477
2010-08-15,2PM,0,7,9,079
2010-08-15,5PM,8,6,8,868
2010-08-15,9PM,8,4,1,841
2010-08-16,2PM,8,6,7,867
2010-08-16,5PM,4,4,7,447
2010-08-16,9PM,4,8,8,488
2010-08-17,2PM,2,2,5,225
2010-08-17,5PM,9,8,6,986
2010-08-17,9PM,7,1,0,710
2010-08-18,2PM,2,3,3,233
2010-08-18,5PM,1,8,5,185
2010-08-18,9PM,9,4,0,940
2010-08-19,2PM,3,1,6,316
2010-08-19,5PM,8,0,8,808
2010-08-19,9PM,9,0,7,907
2010-08-20,2PM,8,0,9,809
2010-08-20,5PM,8,9,8,898
2010-08-20,9PM,0,4,3,043
2010-08-21,2PM,0,2,6,026
2010-08-21,5PM,2,7,7,277
2010-08-21,9PM,5,6,9,569
2010-08-22,2PM,9,7,7,977
2010-08-22,5PM,2,9,8,298
2010-08-22,9PM,2,4,2,242
2010-08-23,2PM,4,3,8,438
2010-08-23,5PM,0,8,9,089
2010-08-23,9PM,8,1,2,812
2010-08-24,2PM,0,8,4,084
2010-08-24,5PM,3,4,0,340
2010-08-24,9PM,8,7,7,877
2010-08-25,2PM,5,4,9,549
2010-08-25,5PM,9,5,8,958
2010-08-25,9PM,1,9,3,193
2010-08-26,2PM,7,4,7,747
2010-08-26,5PM,4,2,9,429
2010-08-26,9PM,1,3,3,133
2010-08-27,2PM,5,6,8,568
2010-08-27,5PM,0,8,9,089
2010-08-27,9PM,2,0,8,208
2010-08-28,2PM,5,9,6,596
2010-08-28,5PM,9,4,9,949
2010-08-28,9PM,3,7,2,372
2010-08-29,2PM,8,0,8,808
2010-08-29,5PM,7,7,2,772
2010-08-29,9PM,9,2,7,927
2010-08-30,2PM,3,7,6,376
2010-08-30,5PM,5,4,1,541
2010-08-30,9PM,3,8,6,386
2010-08-31,2PM,6,7,5,675
2010-08-31,5PM,1,9,2,192
2010-08-31,9PM,7,0,3,703
2010-09-01,2PM,1,3,9,139
2010-09-01,5PM,2,3,8,238
2010-09-01,9PM,4,9,6,496
2010-09-02,2PM,8,7,8,878
2010-09-02,5PM,6,1,2,612
2010-09-02,9PM,4,4,4,444
2010-09-03,2PM,1,2,7,127
2010-09-03,5PM,2,8,8,288
2010-09-03,9PM,4,2,5,425
2010-09-04,2PM,4,8,1,481
2010-09-04,5PM,0,0,9,009
2010-09-04,9PM,6,5,3,653
2010-09-05,2PM,6,8,7,687
2010-09-05,5PM,6,1,0,610
2010-09-05,9PM,1,5,7,157
2010-09-06,2PM,8,6,9,869
2010-09-06,5PM,4,1,7,417
2010-09-06,9PM,3,5,0,350
2010-09-07,2PM,9,3,9,939
2010-09-07,5PM,4,1,3,413
2010-09-07,9PM,3,9,4,394
2010-09-08,2PM,1,2,1,121
2010-09-08,5PM,9,6,0,960
2010-09-08,9PM,5,1,8,518
2010-09-09,2PM,2,7,3,273
2010-09-09,5PM,7,0,9,709
2010-09-09,9PM,2,3,2,232
2010-09-10,2PM,9,9,1,991
2010-09-10,5PM,4,7,0,470
2010-09-10,9PM,3,2,4,324
2010-09-11,2PM,3,0,9,309
2010-09-11,5PM,5,5,1,551
2010-09-11,9PM,6,9,8,698
2010-09-12,2PM,1,4,4,144
2010-09-12,5PM,2,4,2,242
2010-09-12,9PM,4,0,6,406
2010-09-13,2PM,6,6,2,662
2010-09-13,5PM,4,2,0,420
2010-09-13,9PM,5,3,6,536
2010-09-14,2PM,2,3,1,231
2010-09-14,5PM,6,6,1,661
2010-09-14,9PM,5,6,8,568
2010-09-15,2PM,9,5,8,958
2010-09-15,5PM,0,6,1,061
2010-09-15,9PM,4,7,5,475
2010-09-16,2PM,7,6,4,764
2010-09-16,5PM,6,6,7,667
2010-09-16,9PM,9,6,6,966
2010-09-17,2PM,3,6,8,368
2010-09-17,5PM,5,8,4,584
2010-09-17,9PM,2,3,2,232
2010-09-18,2PM,8,5,5,855
2010-09-18,5PM,8,0,8,808
2010-09-18,9PM,8,8,7,887
2010-09-19,2PM,1,1,3,113
2010-09-19,5PM,1,5,3,153
2010-09-19,9PM,1,7,9,179
2010-09-20,2PM,9,5,6,956
2010-09-20,5PM,8,7,4,874
2010-09-20,9PM,4,7,4,474
2010-09-21,2PM,3,5,1,351
2010-09-21,5PM,7,1,7,717
2010-09-21,9PM,1,0,3,103
2010-09-22,2PM,4,6,0,460
2010-09-22,5PM,1,7,4,174
2010-09-22,9PM,1,4,2,142
2010-09-23,2PM,7,6,0,760
2010-09-23,5PM,8,4,2,842
2010-09-23,9PM,1,7,5,175
2010-09-24,2PM,0,5,7,057
2010-09-24,5PM,4,5,5,455
2010-09-24,9PM,1,1,0,110
2010-09-25,2PM,7,7,6,776
2010-09-25,5PM,3,4,0,340
2010-09-25,9PM,3,7,6,376
2010-09-26,2PM,0,2,2,022
2010-09-26,5PM,1,7,9,179
2010-09-26,9PM,3,9,9,399
2010-09-27,2PM,5,1,5,515
2010-09-27,5PM,9,9,6,996
2010-09-27,9PM,7,7,3,773
2010-09-28,2PM,8,2,1,821
2010-09-28,5PM,2,1,7,217
2010-09-28,9PM,7,0,5,705
2010-09-29,2PM,6,1,7,617
2010-09-29,5PM,6,6,4,664
2010-09-29,9PM,2,7,6,276
2010-09-30,2PM,4,3,7,437
2010-09-30,5PM,6,2,0,620
2010-09-30,9PM,9,1,9,919
2010-10-01,2PM,2,3,0,230
2010-10-01,5PM,9,9,2,992
2010-10-01,9PM,3,9,6,396
2010-10-02,2PM,2,9,1,291
2010-10-02,5PM,9,2,7,927
2010-10-02,9PM,7,1,6,716
2010-10-03,2PM,5,3,0,530
2010-10-03,5PM,0,1,4,014
2010-10-03,9PM,8,8,3,883
2010-10-04,2PM,6,4,6,646
2010-10-04,5PM,0,0,4,004
2010-10-04,9PM,6,7,1,671
2010-10-05,2PM,8,2,2,822
2010-10-05,5PM,0,9,4,094
2010-10-05,9PM,7,6,4,764
2010-10-06,2PM,7,4,9,749
2010-10-06,5PM,4,9,5,495
2010-10-06,9PM,3,8,0,380
2010-10-07,2PM,7,9,2,792
2010-10-07,5PM,3,8,0,380
2010-10-07,9PM,9,8,7,987
2010-10-08,2PM,0,5,5,055
2010-10-08,5PM,3,4,9,349
2010-10-08,9PM,1,3,9,139
2010-10-09,2PM,2,6,7,267
2010-10-09,5PM,7,9,7,797
2010-10-09,9PM,3,9,3,393
2010-10-10,2PM,7,6,6,766
2010-10-10,5PM,1,4,9,149
2010-10-10,9PM,4,8,6,486
2010-10-11,2PM,0,7,8,078
2010-10-11,5PM,8,6,3,863
2010-10-11,9PM,7,1,8,718
2010-10-12,2PM,2,2,2,222
2010-10-12,5PM,7,4,0,740
2010-10-12,9PM,4,4,5,445
2010-10-13,2PM,1,7,3,173
2010-10-13,5PM,8,0,8,808
2010-10-13,9PM,3,6,9,369
2010-10-14,2PM,1,6,7,167
2010-10-14,5PM,4,0,9,409
2010-10-14,9PM,2,8,7,287
2010-10-15,2PM,6,9,1,691
2010-10-15,5PM,8,9,5,895
2010-10-15,9PM,2,1,1,211
2010-10-16,2PM,9,2,3,923
2010-10-16,5PM,4,8,5,485
2010-10-16,9PM,9,8,8,988
2010-10-17,2PM,5,2,3,523
2010-10-17,5PM,0,6,2,062
2010-10-17,9PM,5,5,7,557
2010-10-18,2PM,6,6,2,662
2010-10-18,5PM,2,6,9,269
2010-10-18,9PM,4,2,8,428
2010-10-19,2PM,7,3,7,737
2010-10-19,5PM,5,0,7,507
2010-10-19,9PM,9,7,9,979
2010-10-20,2PM,7,8,2,782
2010-10-20,5PM,3,1,0,310
2010-10-20,9PM,8,2,9,829
2010-10-21,2PM,9,6,2,962
2010-10-21,5PM,4,4,0,440
2010-10-21,9PM,7,8,3,783
2010-10-22,2PM,0,1,9,019
2010-10-22,5PM,0,5,7,057
2010-10-22,9PM,0,7,6,076
2010-10-23,2PM,8,9,4,894
2010-10-23,5PM,4,7,4,474
2010-10-23,9PM,6,1,5,615
2010-10-24,2PM,7,6,8,768
2010-10-24,5PM,8,0,6,806
2010-10-24,9PM,8,6,5,865
2010-10-25,2PM,7,9,9,799
2010-10-25,5PM,8,4,7,847
2010-10-25,9PM,9,7,9,979
2010-10-26,2PM,6,1,3,613
2010-10-26,5PM,0,4,4,044
2010-10-26,9PM,0,1,8,018
2010-10-27,2PM,9,1,7,917
2010-10-27,5PM,4,2,1,421
2010-10-27,9PM,8,3,4,834
2010-10-28,2PM,7,8,0,780
2010-10-28,5PM,9,0,4,904
2010-10-28,9PM,1,3,2,132
2010-10-29,2PM,8,2,2,822
2010-10-29,5PM,0,6,3,063
2010-10-29,9PM,1,4,2,142
2010-10-30,2PM,9,0,9,909
2010-10-30,5PM,3,4,2,342
2010-10-30,9PM,4,0,8,408
2010-10-31,2PM,6,7,8,678
2010-10-31,5PM,0,9,4,094
2010-10-31,9PM,1,8,6,186
2010-11-01,2PM,0,2,3,023
2010-11-01,5PM,0,1,6,016
2010-11-01,9PM,1,9,3,193
2010-11-02,2PM,6,6,8,668
2010-11-02,5PM,8,3,9,839
2010-11-02,9PM,3,9,1,391
2010-11-03,2PM,9,3,1,931
2010-11-03,5PM,7,3,1,731
2010-11-03,9PM,1,1,0,110
2010-11-04,2PM,8,4,2,842
2010-11-04,5PM,5,3,9,539
2010-11-04,9PM,6,2,3,623
2010-11-05,2PM,0,9,0,090
2010-11-05,5PM,2,5,6,256
2010-11-05,9PM,4,5,7,457
2010-11-06,2PM,9,2,9,929
2010-11-06,5PM,7,8,7,787
2010-11-06,9PM,4,3,9,439
2010-11-07,2PM,9,0,5,905
2010-11-07,5PM,0,6,6,066
2010-11-07,9PM,5,2,3,523
2010-11-08,2PM,0,1,2,012
2010-11-08,5PM,5,8,8,588
2010-11-08,9PM,2,6,0,260
2010-11-09,2PM,1,2,6,126
2010-11-09,5PM,6,1,5,615
2010-11-09,9PM,9,6,7,967
2010-11-10,2PM,7,9,9,799
2010-11-10,5PM,1,6,1,161
2010-11-10,9PM,5,3,4,534
2010-11-11,2PM,2,9,7,297
2010-11-11,5PM,9,1,5,915
2010-11-11,9PM,9,2,0,920
2010-11-12,2PM,4,5,1,451
2010-11-12,5PM,9,7,4,974
2010-11-12,9PM,2,2,6,226
2010-11-13,2PM,1,5,1,151
2010-11-13,5PM,2,6,8,268
2010-11-13,9PM,2,4,6,246
2010-11-14,2PM,2,6,8,268
2010-11-14,5PM,1,6,6,166
2010-11-14,9PM,2,8,6,286
2010-11-15,2PM,1,0,8,108
2010-11-15,5PM,3,8,2,382
2010-11-15,9PM,4,5,7,457
2010-11-16,2PM,3,7,2,372
2010-11-16,5PM,4,3,8,438
2010-11-16,9PM,3,8,3,383
2010-11-17,2PM,1,3,1,131
2010-11-17,5PM,1,7,0,170
2010-11-17,9PM,6,3,4,634
2010-11-18,2PM,5,1,6,516
2010-11-18,5PM,4,4,7,447
2010-11-18,9PM,4,2,1,421
2010-11-19,2PM,1,1,5,115
2010-11-19,5PM,7,6,5,765
2010-11-19,9PM,5,2,3,523
2010-11-20,2PM,1,5,8,158
2010-11-20,5PM,6,4,9,649
2010-11-20,9PM,3,8,1,381
2010-11-21,2PM,5,3,9,539
2010-11-21,5PM,2,2,2,222
2010-11-21,9PM,0,9,7,097
2010-11-22,2PM,7,0,2,702
2010-11-22,5PM,1,7,0,170
2010-11-22,9PM,0,5,5,055
2010-11-23,2PM,7,4,4,744
2010-11-23,5PM,6,5,7,657
2010-11-23,9PM,4,2,5,425
2010-11-24,2PM,6,7,1,671
2010-11-24,5PM,2,8,5,285
2010-11-24,9PM,8,8,1,881
2010-11-25,2PM,1,7,4,174
2010-11-25,5PM,1,9,5,195
2010-11-25,9PM,2,1,4,214
2010-11-26,2PM,6,0,0,600
2010-11-26,5PM,7,7,6,776
2010-11-26,9PM,1,0,6,106
2010-11-27,2PM,1,3,8,138
2010-11-27,5PM,0,4,6,046
2010-11-27,9PM,6,0,6,606
2010-11-28,2PM,8,6,0,860
2010-11-28,5PM,5,1,1,511
2010-11-28,9PM,1,3,7,137
2010-11-29,2PM,2,5,4,254
2010-11-29,5PM,3,1,2,312
2010-11-29,9PM,3,0,2,302
2010-11-30,2PM,1,1,2,112
2010-11-30,5PM,8,0,1,801
2010-11-30,9PM,3,2,2,322
2010-12-01,2PM,1,2,4,124
2010-12-01,5PM,8,1,6,816
2010-12-01,9PM,5,4,4,544
2010-12-02,2PM,3,4,0,340
2010-12-02,5PM,5,7,9,579
2010-12-02,9PM,1,2,7,127
2010-12-03,2PM,2,1,1,211
2010-12-03,5PM,7,1,7,717
2010-12-03,9PM,3,8,7,387
2010-12-04,2PM,2,2,8,228
2010-12-04,5PM,1,5,8,158
2010-12-04,9PM,7,8,0,780
2010-12-05,2PM,2,7,3,273
2010-12-05,5PM,5,6,7,567
2010-12-05,9PM,0,0,2,002
2010-12-06,2PM,3,4,2,342
2010-12-06,5PM,1,6,6,166
2010-12-06,9PM,6,3,2,632
2010-12-07,2PM,7,9,4,794
2010-12-07,5PM,4,7,0,470
2010-12-07,9PM,8,5,9,859
2010-12-08,2PM,6,7,5,675
2010-12-08,5PM,6,8,8,688
2010-12-08,9PM,3,4,5,345
2010-12-09,2PM,1,6,2,162
2010-12-09,5PM,0,9,1,091
2010-12-09,9PM,1,5,8,158
2010-12-10,2PM,7,1,8,718
2010-12-10,5PM,1,1,9,119
2010-12-10,9PM,0,5,0,050
2010-12-11,2PM,7,0,0,700
2010-12-11,5PM,2,8,6,286
2010-12-11,9PM,5,9,6,596
2010-12-12,2PM,6,3,7,637
2010-12-12,5PM,8,0,6,806
2010-12-12,9PM,2,8,5,285
2010-12-13,2PM,7,1,9,719
2010-12-13,5PM,4,1,9,419
2010-12-13,9PM,3,8,4,384
2010-12-14,2PM,2,0,2,202
2010-12-14,5PM,1,9,4,194
2010-12-14,9PM,2,5,3,253
2010-12-15,2PM,4,2,7,427
2010-12-15,5PM,0,0,9,009
2010-12-15,9PM,6,8,6,686
2010-12-16,2PM,2,0,8,208
2010-12-16,5PM,8,2,7,827
2010-12-16,9PM,3,4,1,341
2010-12-17,2PM,1,1,1,111
2010-12-17,5PM,2,8,9,289
2010-12-17,9PM,5,7,2,572
2010-12-18,2PM,4,0,0,400
2010-12-18,5PM,1,4,1,141
2010-12-18,9PM,3,4,4,344
2010-12-19,2PM,5,7,2,572
2010-12-19,5PM,1,9,7,197
2010-12-19,9PM,0,4,6,046
2010-12-20,2PM,7,1,7,717
2010-12-20,5PM,5,8,8,588
2010-12-20,9PM,8,2,3,823
2010-12-21,2PM,0,5,7,057
2010-12-21,5PM,3,6,5,365
2010-12-21,9PM,9,3,3,933
2010-12-22,2PM,7,3,8,738
2010-12-22,5PM,3,9,5,395
2010-12-22,9PM,8,4,1,841
2010-12-23,2PM,5,1,9,519
2010-12-23,5PM,9,8,4,984
2010-12-23,9PM,6,4,5,645
2010-12-24,2PM,7,7,9,779
2010-12-24,5PM,9,6,2,962
2010-12-24,9PM,4,1,4,414
2010-12-26,2PM,0,5,1,051
2010-12-26,5PM,9,7,5,975
2010-12-26,9PM,2,0,2,202
2010-12-27,2PM,7,0,5,705
2010-12-27,5PM,0,3,6,036
2010-12-27,9PM,6,2,9,629
2010-12-28,2PM,9,5,8,958
2010-12-28,5PM,8,7,2,872
2010-12-28,9PM,7,5,6,756
2010-12-29,2PM,6,7,6,676
2010-12-29,5PM,6,6,2,662
2010-12-29,9PM,2,3,9,239
2010-12-30,2PM,0,1,5,015
2010-12-30,5PM,6,6,2,662
2010-12-30,9PM,7,6,7,767
2010-12-31,2PM,9,5,2,952
2010-12-31,5PM,4,4,4,444
2010-12-31,9PM,3,2,6,326
2011-01-02,11AM,7,2,3,723
2011-01-02,4PM,4,7,1,471
2011-01-02,9PM,8,0,4,804
2011-01-03,11AM,6,3,6,636
2011-01-03,4PM,6,7,1,671
2011-01-03,9PM,5,1,4,514
2011-01-04,11AM,4,6,2,462
2011-01-04,4PM,3,2,4,324
2011-01-04,9PM,4,5,2,452
2011-01-05,11AM,8,8,4,884
2011-01-05,4PM,4,4,9,449
2011-01-05,9PM,9,8,0,980
2011-01-06,11AM,9,6,9,969
2011-01-06,4PM,2,1,1,211
2011-01-06,9PM,6,3,6,636
2011-01-07,11AM,9,0,6,906
2011-01-07,4PM,1,7,6,176
2011-01-07,9PM,0,3,2,032
2011-01-08,11AM,3,4,3,343
2011-01-08,4PM,7,4,0,740
2011-01-08,9PM,3,8,8,388
2011-01-09,11AM,9,2,8,928
2011-01-09,4PM,7,0,3,703
2011-01-09,9PM,3,3,8,338
2011-01-10,11AM,6,0,5,605
2011-01-10,4PM,8,2,8,828
2011-01-10,9PM,9,4,7,947
2011-01-11,11AM,5,8,0,580
2011-01-11,4PM,7,3,9,739
2011-01-11,9PM,3,3,2,332
2011-01-12,11AM,9,5,1,951
2011-01-12,4PM,2,1,4,214
2011-01-12,9PM,5,2,5,525
2011-01-13,11AM,0,4,6,046
2011-01-13,4PM,7,2,4,724
2011-01-13,9PM,1,6,2,162
2011-01-14,11AM,8,0,1,801
2011-01-14,4PM,8,2,0,820
2011-01-14,9PM,9,3,8,938
2011-01-15,11AM,9,5,7,957
2011-01-15,4PM,7,0,5,705
2011-01-15,9PM,9,2,7,927
2011-01-16,11AM,1,9,3,193
2011-01-16,4PM,8,4,9,849
2011-01-16,9PM,8,4,0,840
2011-01-17,11AM,9,4,1,941
2011-01-17,4PM,8,8,4,884
2011-01-17,9PM,2,0,5,205
2011-01-18,11AM,0,7,0,070
2011-01-18,4PM,0,2,2,022
2011-01-18,9PM,6,7,4,674
2011-01-19,11AM,8,5,7,857
2011-01-19,4PM,9,9,3,993
2011-01-19,9PM,8,1,5,815
2011-01-20,11AM,9,3,2,932
2011-01-20,4PM,2,3,7,237
2011-01-20,9PM,1,4,8,148
2011-01-21,11AM,0,8,7,087
2011-01-21,4PM,7,2,0,720
2011-01-21,9PM,3,6,2,362
2011-01-22,11AM,9,2,6,926
2011-01-22,4PM,6,8,4,684
2011-01-22,9PM,2,8,3,283
2011-01-23,11AM,9,9,4,994
2011-01-23,4PM,6,0,0,600
2011-01-23,9PM,2,8,5,285
2011-01-24,11AM,0,2,1,021
2011-01-24,4PM,7,5,9,759
2011-01-24,9PM,6,0,4,604
2011-01-25,11AM,0,4,5,045
2011-01-25,4PM,8,6,3,863
2011-01-25,9PM,5,9,3,593
2011-01-26,11AM,0,1,7,017
2011-01-26,4PM,3,1,4,314
2011-01-26,9PM,0,9,7,097
2011-01-27,11AM,2,7,1,271
2011-01-27,4PM,2,2,3,223
2011-01-27,9PM,3,6,1,361
2011-01-28,11AM,3,2,3,323
2011-01-28,4PM,9,7,6,976
2011-01-28,9PM,4,6,9,469
2011-01-29,11AM,6,1,7,617
2011-01-29,4PM,6,8,7,687
2011-01-29,9PM,0,0,6,006
2011-01-30,11AM,4,6,0,460
2011-01-30,4PM,9,1,7,917
2011-01-30,9PM,4,8,0,480
2011-01-31,11AM,0,2,5,025
2011-01-31,4PM,5,8,2,582
2011-01-31,9PM,4,3,9,439
2011-02-01,11AM,8,5,0,850
2011-02-01,4PM,4,7,1,471
2011-02-01,9PM,1,7,1,171
2011-02-02,11AM,4,8,1,481
2011-02-02,4PM,5,7,5,575
2011-02-02,9PM,6,2,7,627
2011-02-03,11AM,1,5,8,158
2011-02-03,4PM,9,0,6,906
2011-02-03,9PM,8,8,8,888
2011-02-04,11AM,3,9,6,396
2011-02-04,4PM,6,7,6,676
2011-02-04,9PM,6,4,2,642
2011-02-05,11AM,8,7,2,872
2011-02-05,4PM,2,7,9,279
2011-02-05,9PM,7,8,4,784
2011-02-06,11AM,7,8,8,788
2011-02-06,4PM,3,5,4,354
2011-02-06,9PM,2,4,4,244
2011-02-07,11AM,4,2,5,425
2011-02-07,4PM,7,8,8,788
2011-02-07,9PM,5,0,3,503
2011-02-08,11AM,4,4,4,444
2011-02-08,4PM,2,7,5,275
2011-02-08,9PM,1,7,0,170
2011-02-09,11AM,4,7,5,475
2011-02-09,4PM,2,3,8,238
2011-02-09,9PM,1,9,3,193
2011-02-10,11AM,0,7,7,077
2011-02-10,4PM,8,7,1,871
2011-02-10,9PM,9,2,4,924
2011-02-11,11AM,9,3,7,937
2011-02-11,4PM,8,3,5,835
2011-02-11,9PM,4,4,9,449
2011-02-12,11AM,0,5,2,052
2011-02-12,4PM,3,4,0,340
2011-02-12,9PM,8,2,0,820
2011-02-13,11AM,3,9,7,397
2011-02-13,4PM,1,8,9,189
2011-02-13,9PM,6,6,8,668
2011-02-14,11AM,9,4,7,947
2011-02-14,4PM,4,4,9,449
2011-02-14,9PM,2,7,8,278
2011-02-15,11AM,0,5,4,054
2011-02-15,4PM,2,3,5,235
2011-02-15,9PM,2,1,5,215
2011-02-16,11AM,9,7,0,970
2011-02-16,4PM,0,2,7,027
2011-02-16,9PM,1,6,8,168
2011-02-17,11AM,8,5,5,855
2011-02-17,4PM,5,8,2,582
2011-02-17,9PM,9,7,2,972
2011-02-18,11AM,1,6,3,163
2011-02-18,4PM,5,1,8,518
2011-02-18,9PM,8,7,2,872
2011-02-19,11AM,1,4,6,146
2011-02-19,4PM,6,1,2,612
2011-02-19,9PM,5,3,4,534
2011-02-20,11AM,3,1,1,311
2011-02-20,4PM,2,9,1,291
2011-02-20,9PM,4,2,2,422
2011-02-21,11AM,6,8,9,689
2011-02-21,4PM,6,3,8,638
2011-02-21,9PM,7,5,2,752
2011-02-22,11AM,2,8,8,288
2011-02-22,4PM,4,2,7,427
2011-02-22,9PM,9,7,2,972
2011-02-23,11AM,5,4,6,546
2011-02-23,4PM,5,3,4,534
2011-02-23,9PM,0,9,4,094
2011-02-24,11AM,5,1,2,512
2011-02-24,4PM,9,8,1,981
2011-02-24,9PM,7,9,3,793
2011-02-25,11AM,5,8,6,586
2011-02-25,4PM,6,4,6,646
2011-02-25,9PM,0,1,4,014
2011-02-26,11AM,7,7,8,778
2011-02-26,4PM,4,5,7,457
2011-02-26,9PM,1,2,4,124
2011-02-27,11AM,9,5,6,956
2011-02-27,4PM,2,0,5,205
2011-02-27,9PM,3,8,2,382
2011-02-28,11AM,4,2,7,427
2011-02-28,4PM,5,9,5,595
2011-02-28,9PM,0,6,8,068
2011-03-01,11AM,9,4,3,943
2011-03-01,4PM,4,5,3,453
2011-03-01,9PM,7,9,4,794
2011-03-02,11AM,6,9,9,699
2011-03-02,4PM,8,3,7,837
2011-03-02,9PM,0,3,3,033
2011-03-03,11AM,3,4,1,341
2011-03-03,4PM,6,5,2,652
2011-03-03,9PM,4,9,7,497
2011-03-04,11AM,5,0,3,503
2011-03-04,4PM,5,1,8,518
2011-03-04,9PM,9,4,0,940
2011-03-05,11AM,1,0,1,101
2011-03-05,4PM,7,1,4,714
2011-03-05,9PM,8,6,9,869
2011-03-06,11AM,8,7,3,873
2011-03-06,4PM,2,8,6,286
2011-03-06,9PM,3,8,4,384
2011-03-07,11AM,4,9,0,490
2011-03-07,4PM,8,8,6,886
2011-03-07,9PM,6,4,1,641
2011-03-08,11AM,3,7,6,376
2011-03-08,4PM,8,8,6,886
2011-03-08,9PM,4,3,6,436
2011-03-09,11AM,5,8,2,582
2011-03-09,4PM,6,1,9,619
2011-03-09,9PM,1,5,9,159
2011-03-10,11AM,1,0,6,106
2011-03-10,4PM,7,7,4,774
2011-03-10,9PM,2,1,8,218
2011-03-11,11AM,6,1,1,611
2011-03-11,4PM,7,4,6,746
2011-03-11,9PM,2,2,7,227
2011-03-12,11AM,3,0,7,307
2011-03-12,4PM,8,2,4,824
2011-03-12,9PM,3,1,8,318
2011-03-13,11AM,3,7,6,376
2011-03-13,4PM,0,2,6,026
2011-03-13,9PM,2,1,7,217
2011-03-14,11AM,8,2,6,826
2011-03-14,4PM,1,2,5,125
2011-03-14,9PM,8,2,5,825
2011-03-15,11AM,0,0,7,007
2011-03-15,4PM,5,7,3,573
2011-03-15,9PM,5,5,4,554
2011-03-16,11AM,0,1,6,016
2011-03-16,4PM,1,4,8,148
2011-03-16,9PM,9,6,0,960
2011-03-17,11AM,4,3,7,437
2011-03-17,4PM,3,4,0,340
2011-03-17,9PM,3,4,1,341
2011-03-18,11AM,1,7,1,171
2011-03-18,4PM,6,0,1,601
2011-03-18,9PM,1,2,7,127
2011-03-19,11AM,9,7,6,976
2011-03-19,4PM,5,1,7,517
2011-03-19,9PM,6,6,1,661
2011-03-20,11AM,6,1,5,615
2011-03-20,4PM,9,5,5,955
2011-03-20,9PM,9,6,2,962
2011-03-21,11AM,8,9,2,892
2011-03-21,4PM,8,1,1,811
2011-03-21,9PM,1,6,4,164
2011-03-22,11AM,1,4,9,149
2011-03-22,4PM,6,4,8,648
2011-03-22,9PM,9,1,8,918
2011-03-23,11AM,7,1,5,715
2011-03-23,4PM,2,3,4,234
2011-03-23,9PM,6,1,7,617
2011-03-24,11AM,9,5,6,956
2011-03-24,4PM,2,9,9,299
2011-03-24,9PM,8,6,6,866
2011-03-25,11AM,2,1,7,217
2011-03-25,4PM,5,6,8,568
2011-03-25,9PM,4,3,0,430
2011-03-26,11AM,9,5,5,955
2011-03-26,4PM,2,9,2,292
2011-03-26,9PM,3,7,4,374
2011-03-27,11AM,3,5,9,359
2011-03-27,4PM,6,9,4,694
2011-03-27,9PM,9,2,4,924
2011-03-28,11AM,1,3,1,131
2011-03-28,4PM,9,2,0,920
2011-03-28,9PM,4,8,4,484
2011-03-29,11AM,1,0,9,109
2011-03-29,4PM,3,0,2,302
2011-03-29,9PM,5,3,0,530
2011-03-30,11AM,6,5,8,658
2011-03-30,4PM,8,7,3,873
2011-03-30,9PM,8,0,1,801
2011-03-31,11AM,6,2,0,620
2011-03-31,4PM,0,6,9,069
2011-03-31,9PM,0,2,2,022
2011-04-01,11AM,1,0,0,100
2011-04-01,4PM,2,6,6,266
2011-04-01,9PM,2,5,6,256
2011-04-02,11AM,6,8,6,686
2011-04-02,4PM,9,7,1,971
2011-04-02,9PM,8,9,8,898
2011-04-03,11AM,1,3,2,132
2011-04-03,4PM,7,1,1,711
2011-04-03,9PM,6,3,4,634
2011-04-04,11AM,1,7,4,174
2011-04-04,4PM,0,1,3,013
2011-04-04,9PM,2,2,7,227
2011-04-05,11AM,2,4,7,247
2011-04-05,4PM,4,0,8,408
2011-04-05,9PM,9,9,1,991
2011-04-06,11AM,4,6,3,463
2011-04-06,4PM,8,9,9,899
2011-04-06,9PM,4,1,2,412
2011-04-07,11AM,7,6,3,763
2011-04-07,4PM,4,5,2,452
2011-04-07,9PM,2,1,9,219
2011-04-08,11AM,9,1,6,916
2011-04-08,4PM,9,5,0,950
2011-04-08,9PM,0,6,5,065
2011-04-09,11AM,9,3,2,932
2011-04-09,4PM,4,5,5,455
2011-04-09,9PM,7,8,7,787
2011-04-10,11AM,2,6,4,264
2011-04-10,4PM,6,5,9,659
2011-04-10,9PM,1,3,5,135
2011-04-11,11AM,0,3,7,037
2011-04-11,4PM,6,1,0,610
2011-04-11,9PM,3,7,7,377
2011-04-12,11AM,5,4,9,549
2011-04-12,4PM,0,5,8,058
2011-04-12,9PM,7,1,7,717
2011-04-13,11AM,2,7,3,273
2011-04-13,4PM,0,5,2,052
2011-04-13,9PM,7,0,3,703
2011-04-14,11AM,0,7,5,075
2011-04-14,4PM,2,3,2,232
2011-04-14,9PM,1,8,6,186
2011-04-15,11AM,6,2,8,628
2011-04-15,4PM,3,4,4,344
2011-04-15,9PM,9,3,8,938
2011-04-16,11AM,7,0,8,708
2011-04-16,4PM,4,4,9,449
2011-04-16,9PM,8,6,0,860
2011-04-17,11AM,9,3,1,931
2011-04-17,4PM,1,7,8,178
2011-04-17,9PM,0,7,1,071
2011-04-18,11AM,2,9,6,296
2011-04-18,4PM,6,9,7,697
2011-04-18,9PM,3,8,3,383
2011-04-19,11AM,7,6,8,768
2011-04-19,4PM,9,8,9,989
2011-04-19,9PM,2,4,3,243
2011-04-20,11AM,1,6,4,164
2011-04-20,4PM,0,3,3,033
2011-04-20,9PM,7,5,6,756
2011-04-25,11AM,8,7,2,872
2011-04-25,4PM,4,0,2,402
2011-04-25,9PM,7,3,9,739
2011-04-26,11AM,3,7,2,372
2011-04-26,4PM,1,5,0,150
2011-04-26,9PM,3,9,7,397
2011-04-27,11AM,6,1,7,617
2011-04-27,4PM,1,7,7,177
2011-04-27,9PM,4,7,4,474
2011-04-28,11AM,3,3,8,338
2011-04-28,4PM,1,3,1,131
2011-04-28,9PM,3,8,6,386
2011-04-29,11AM,4,9,3,493
2011-04-29,4PM,1,7,6,176
2011-04-29,9PM,2,0,8,208
2011-04-30,11AM,6,8,2,682
2011-04-30,4PM,3,0,4,304
2011-04-30,9PM,5,8,8,588
2011-05-01,11AM,6,0,4,604
2011-05-01,4PM,9,9,6,996
2011-05-01,9PM,4,6,9,469
2011-05-02,11AM,5,1,0,510
2011-05-02,4PM,0,7,6,076
2011-05-02,9PM,3,8,7,387
2011-05-03,11AM,7,5,5,755
2011-05-03,4PM,8,9,5,895
2011-05-03,9PM,9,1,4,914
2011-05-04,11AM,3,2,5,325
2011-05-04,4PM,5,4,5,545
2011-05-04,9PM,2,7,8,278
2011-05-05,11AM,1,1,9,119
2011-05-05,4PM,9,0,3,903
2011-05-05,9PM,4,0,8,408
2011-05-06,11AM,2,3,1,231
2011-05-06,4PM,5,9,3,593
2011-05-06,9PM,6,2,7,627
2011-05-07,11AM,8,9,0,890
2011-05-07,4PM,0,1,0,010
2011-05-07,9PM,5,3,3,533
2011-05-08,11AM,4,4,6,446
2011-05-08,4PM,7,3,4,734
2011-05-08,9PM,0,6,7,067
2011-05-09,11AM,1,2,6,126
2011-05-09,4PM,8,7,4,874
2011-05-09,9PM,5,9,4,594
2011-05-10,11AM,0,5,5,055
2011-05-10,4PM,9,8,9,989
2011-05-10,9PM,6,1,8,618
2011-05-11,11AM,7,8,9,789
2011-05-11,4PM,2,4,6,246
2011-05-11,9PM,7,6,1,761
2011-05-12,11AM,9,2,8,928
2011-05-12,4PM,3,1,0,310
2011-05-12,9PM,5,7,4,574
2011-05-13,11AM,9,2,4,924
2011-05-13,4PM,1,0,0,100
2011-05-13,9PM,8,5,9,859
2011-05-14,11AM,7,2,6,726
2011-05-14,4PM,8,4,8,848
2011-05-14,9PM,9,8,8,988
2011-05-15,11AM,8,3,7,837
2011-05-15,4PM,8,4,0,840
2011-05-15,9PM,1,1,8,118
2011-05-16,11AM,0,4,8,048
2011-05-16,4PM,1,2,9,129
2011-05-16,9PM,1,9,3,193
2011-05-17,11AM,6,6,4,664
2011-05-17,4PM,1,9,4,194
2011-05-17,9PM,6,9,7,697
2011-05-18,11AM,6,9,5,695
2011-05-18,4PM,6,6,9,669
2011-05-18,9PM,9,5,4,954
2011-05-19,11AM,1,6,1,161
2011-05-19,4PM,1,2,5,125
2011-05-19,9PM,9,0,8,908
2011-05-20,11AM,7,8,4,784
2011-05-20,4PM,7,2,8,728
2011-05-20,9PM,9,3,3,933
2011-05-21,11AM,8,9,5,895
2011-05-21,4PM,4,7,7,477
2011-05-21,9PM,1,9,9,199
2011-05-22,11AM,7,6,4,764
2011-05-22,4PM,7,6,0,760
2011-05-22,9PM,4,9,7,497
2011-05-23,11AM,7,6,4,764
2011-05-23,4PM,3,8,2,382
2011-05-23,9PM,3,5,2,352
2011-05-24,11AM,2,2,7,227
2011-05-24,4PM,2,1,6,216
2011-05-24,9PM,9,5,8,958
2011-05-25,11AM,4,2,5,425
2011-05-25,4PM,8,7,9,879
2011-05-25,9PM,1,3,4,134
2011-05-26,11AM,4,4,1,441
2011-05-26,4PM,4,7,3,473
2011-05-26,9PM,5,5,6,556
2011-05-27,11AM,1,6,4,164
2011-05-27,4PM,5,3,4,534
2011-05-27,9PM,9,5,7,957
2011-05-28,11AM,8,6,3,863
2011-05-28,4PM,7,4,3,743
2011-05-28,9PM,3,9,7,397
2011-05-29,11AM,8,8,8,888
2011-05-29,4PM,7,3,5,735
2011-05-29,9PM,4,9,9,499
2011-05-30,11AM,0,8,9,089
2011-05-30,4PM,3,5,5,355
2011-05-30,9PM,6,1,8,618
2011-05-31,11AM,0,0,1,001
2011-05-31,4PM,1,9,3,193
2011-05-31,9PM,9,1,3,913
2011-06-01,11AM,2,2,8,228
2011-06-01,4PM,0,9,1,091
2011-06-01,9PM,4,8,3,483
2011-06-02,11AM,9,5,1,951
2011-06-02,4PM,6,7,1,671
2011-06-02,9PM,4,8,2,482
2011-06-03,11AM,0,3,5,035
2011-06-03,4PM,1,9,0,190
2011-06-03,9PM,5,4,5,545
2011-06-04,11AM,3,4,8,348
2011-06-04,4PM,5,3,7,537
2011-06-04,9PM,1,8,9,189
2011-06-05,11AM,5,2,0,520
2011-06-05,4PM,1,9,9,199
2011-06-05,9PM,3,1,1,311
2011-06-06,11AM,7,0,4,704
2011-06-06,4PM,3,3,8,338
2011-06-06,9PM,4,9,8,498
2011-06-07,11AM,0,5,9,059
2011-06-07,4PM,0,6,0,060
2011-06-07,9PM,3,9,1,391
2011-06-08,11AM,4,3,5,435
2011-06-08,4PM,7,9,2,792
2011-06-08,9PM,9,7,5,975
2011-06-09,11AM,1,9,0,190
2011-06-09,4PM,6,2,0,620
2011-06-09,9PM,2,6,0,260
2011-06-10,11AM,4,7,0,470
2011-06-10,4PM,8,5,8,858
2011-06-10,9PM,8,6,5,865
2011-06-11,11AM,6,6,0,660
2011-06-11,4PM,5,5,4,554
2011-06-11,9PM,7,3,6,736
2011-06-12,11AM,7,2,1,721
2011-06-12,4PM,9,0,1,901
2011-06-12,9PM,4,6,7,467
2011-06-13,11AM,0,2,3,023
2011-06-13,4PM,4,5,2,452
2011-06-13,9PM,0,0,8,008
2011-06-14,11AM,9,8,2,982
2011-06-14,4PM,5,2,1,521
2011-06-14,9PM,0,0,7,007
2011-06-15,11AM,9,8,6,986
2011-06-15,4PM,0,1,0,010
2011-06-15,9PM,3,8,4,384
2011-06-16,11AM,9,7,1,971
2011-06-16,4PM,1,3,7,137
2011-06-16,9PM,7,0,6,706
2011-06-17,11AM,3,5,0,350
2011-06-17,4PM,3,4,3,343
2011-06-17,9PM,7,5,8,758
2011-06-18,11AM,1,2,9,129
2011-06-18,4PM,6,4,5,645
2011-06-18,9PM,6,9,5,695
2011-06-19,11AM,1,6,0,160
2011-06-19,4PM,1,0,4,104
2011-06-19,9PM,8,2,7,827
2011-06-20,11AM,6,9,6,696
2011-06-20,4PM,4,4,4,444
2011-06-20,9PM,4,2,9,429
2011-06-21,11AM,4,2,7,427
2011-06-21,4PM,2,8,8,288
2011-06-21,9PM,9,9,0,990
2011-06-22,11AM,2,8,9,289
2011-06-22,4PM,8,2,0,820
2011-06-22,9PM,3,2,1,321
2011-06-23,11AM,4,5,7,457
2011-06-23,4PM,6,7,0,670
2011-06-23,9PM,6,3,5,635
2011-06-24,11AM,4,5,3,453
2011-06-24,4PM,6,7,4,674
2011-06-24,9PM,9,1,3,913
2011-06-25,11AM,4,2,2,422
2011-06-25,4PM,5,6,1,561
2011-06-25,9PM,1,1,1,111
2011-06-26,11AM,5,0,7,507
2011-06-26,4PM,3,9,9,399
2011-06-26,9PM,1,7,1,171
2011-06-27,11AM,5,3,7,537
2011-06-27,4PM,3,3,6,336
2011-06-27,9PM,7,9,6,796
2011-06-28,11AM,6,2,7,627
2011-06-28,4PM,9,0,2,902
2011-06-28,9PM,2,8,3,283
2011-06-29,11AM,0,8,7,087
2011-06-29,4PM,1,8,7,187
2011-06-29,9PM,2,4,5,245
2011-06-30,11AM,8,1,6,816
2011-06-30,4PM,6,2,4,624
2011-06-30,9PM,4,3,0,430
2011-07-01,11AM,1,6,0,160
2011-07-01,4PM,8,5,2,852
2011-07-01,9PM,0,2,1,021
2011-07-02,11AM,8,3,6,836
2011-07-02,4PM,6,6,1,661
2011-07-02,9PM,1,9,0,190
2011-07-03,11AM,7,3,0,730
2011-07-03,4PM,8,4,0,840
2011-07-03,9PM,8,3,1,831
2011-07-04,11AM,9,2,4,924
2011-07-04,4PM,8,0,3,803
2011-07-04,9PM,2,7,0,270
2011-07-05,11AM,5,4,2,542
2011-07-05,4PM,6,6,0,660
2011-07-05,9PM,3,9,3,393
2011-07-06,11AM,6,6,7,667
2011-07-06,4PM,5,6,5,565
2011-07-06,9PM,2,0,2,202
2011-07-07,11AM,2,2,6,226
2011-07-07,4PM,3,2,9,329
2011-07-07,9PM,5,6,8,568
2011-07-08,11AM,8,4,1,841
2011-07-08,4PM,0,5,6,056
2011-07-08,9PM,3,0,8,308
2011-07-09,11AM,6,6,1,661
2011-07-09,4PM,5,4,2,542
2011-07-09,9PM,1,3,3,133
2011-07-10,11AM,4,2,5,425
2011-07-10,4PM,4,7,5,475
2011-07-10,9PM,0,9,0,090
2011-07-11,11AM,4,3,9,439
2011-07-11,4PM,6,0,3,603
2011-07-11,9PM,0,4,0,040
2011-07-12,11AM,4,0,8,408
2011-07-12,4PM,3,6,9,369
2011-07-12,9PM,4,0,1,401
2011-07-13,11AM,2,5,1,251
2011-07-13,4PM,2,7,0,270
2011-07-13,9PM,9,8,3,983
2011-07-14,11AM,3,9,7,397
2011-07-14,4PM,8,3,3,833
2011-07-14,9PM,6,5,0,650
2011-07-15,11AM,4,6,6,466
2011-07-15,4PM,2,7,6,276
2011-07-15,9PM,0,4,7,047
2011-07-16,11AM,1,6,3,163
2011-07-16,4PM,5,4,2,542
2011-07-16,9PM,8,2,5,825
2011-07-17,11AM,7,2,4,724
2011-07-17,4PM,0,7,5,075
2011-07-17,9PM,0,3,8,038
2011-07-18,11AM,1,5,7,157
2011-07-18,4PM,6,7,6,676
2011-07-18,9PM,9,4,1,941
2011-07-19,11AM,1,4,1,141
2011-07-19,4PM,9,9,9,999
2011-07-19,9PM,9,8,5,985
2011-07-20,11AM,7,9,8,798
2011-07-20,4PM,1,8,1,181
2011-07-20,9PM,3,5,8,358
2011-07-21,11AM,7,2,8,728
2011-07-21,4PM,9,2,6,926
2011-07-21,9PM,5,2,9,529
2011-07-22,11AM,1,7,0,170
2011-07-22,4PM,9,1,7,917
2011-07-22,9PM,8,5,4,854
2011-07-23,11AM,3,1,7,317
2011-07-23,4PM,4,9,8,498
2011-07-23,9PM,2,9,2,292
2011-07-24,11AM,2,7,6,276
2011-07-24,4PM,6,9,8,698
2011-07-24,9PM,6,5,9,659
2011-07-25,11AM,8,4,1,841
2011-07-25,4PM,4,8,7,487
2011-07-25,9PM,1,3,1,131
2011-07-26,11AM,0,0,3,003
2011-07-26,4PM,2,7,7,277
2011-07-26,9PM,6,5,6,656
2011-07-27,11AM,8,9,9,899
2011-07-27,4PM,1,6,5,165
2011-07-27,9PM,7,3,3,733
2011-07-28,11AM,6,0,8,608
2011-07-28,4PM,8,8,9,889
2011-07-28,9PM,8,7,2,872
2011-07-29,11AM,6,6,9,669
2011-07-29,4PM,6,5,0,650
2011-07-29,9PM,4,5,6,456
2011-07-30,11AM,5,4,7,547
2011-07-30,4PM,6,9,9,699
2011-07-30,9PM,2,1,8,218
2011-07-31,11AM,7,8,9,789
2011-07-31,4PM,7,3,2,732
2011-07-31,9PM,4,5,6,456
2011-08-01,11AM,7,8,7,787
2011-08-01,4PM,7,2,2,722
2011-08-01,9PM,4,3,7,437
2011-08-02,11AM,5,9,2,592
2011-08-02,4PM,3,1,6,316
2011-08-02,9PM,7,4,5,745
2011-08-03,11AM,3,4,5,345
2011-08-03,4PM,5,4,7,547
2011-08-03,9PM,2,9,7,297
2011-08-04,11AM,9,0,5,905
2011-08-04,4PM,3,2,7,327
2011-08-04,9PM,6,8,0,680
2011-08-05,11AM,9,9,0,990
2011-08-05,4PM,8,1,8,818
2011-08-05,9PM,4,9,6,496
2011-08-06,11AM,6,2,9,629
2011-08-06,4PM,7,0,1,701
2011-08-06,9PM,5,3,9,539
2011-08-07,11AM,9,7,8,978
2011-08-07,4PM,6,6,2,662
2011-08-07,9PM,6,3,5,635
2011-08-08,11AM,9,3,8,938
2011-08-08,4PM,3,9,6,396
2011-08-08,9PM,5,4,2,542
2011-08-09,11AM,5,6,3,563
2011-08-09,4PM,5,1,7,517
2011-08-09,9PM,2,9,7,297
2011-08-10,11AM,2,8,1,281
2011-08-10,4PM,5,1,7,517
2011-08-10,9PM,0,8,5,085
2011-08-11,11AM,2,1,0,210
2011-08-11,4PM,0,7,3,073
2011-08-11,9PM,9,5,7,957
2011-08-12,11AM,3,6,0,360
2011-08-12,4PM,5,2,3,523
2011-08-12,9PM,7,1,9,719
2011-08-13,11AM,4,7,6,476
2011-08-13,4PM,4,4,8,448
2011-08-13,9PM,7,3,4,734
2011-08-14,11AM,7,2,8,728
2011-08-14,4PM,9,1,9,919
2011-08-14,9PM,0,8,9,089
2011-08-15,11AM,4,7,4,474
2011-08-15,4PM,5,2,5,525
2011-08-15,9PM,4,4,4,444
2011-08-16,11AM,5,6,0,560
2011-08-16,4PM,7,4,5,745
2011-08-16,9PM,5,3,7,537
2011-08-17,11AM,7,5,6,756
2011-08-17,4PM,3,5,2,352
2011-08-17,9PM,2,9,2,292
2011-08-18,11AM,6,4,6,646
2011-08-18,4PM,3,9,9,399
2011-08-18,9PM,0,5,7,057
2011-08-19,11AM,1,7,0,170
2011-08-19,4PM,3,9,3,393
2011-08-19,9PM,3,3,5,335
2011-08-20,11AM,5,4,3,543
2011-08-20,4PM,2,7,6,276
2011-08-20,9PM,0,3,7,037
2011-08-21,11AM,1,2,4,124
2011-08-21,4PM,0,4,2,042
2011-08-21,9PM,8,7,9,879
2011-08-22,11AM,1,6,7,167
2011-08-22,4PM,7,4,7,747
2011-08-22,9PM,5,5,8,558
2011-08-23,11AM,4,1,2,412
2011-08-23,4PM,4,4,1,441
2011-08-23,9PM,6,5,5,655
2011-08-24,11AM,0,0,6,006
2011-08-24,4PM,9,8,3,983
2011-08-24,9PM,9,1,8,918
2011-08-25,11AM,9,2,5,925
2011-08-25,4PM,0,0,6,006
2011-08-25,9PM,5,9,0,590
2011-08-26,11AM,1,9,5,195
2011-08-26,4PM,0,6,8,068
2011-08-26,9PM,2,4,3,243
2011-08-27,11AM,9,8,7,987
2011-08-27,4PM,0,4,2,042
2011-08-27,9PM,1,1,6,116
2011-08-28,11AM,5,9,9,599
2011-08-28,4PM,4,8,1,481
2011-08-28,9PM,3,2,2,322
2011-08-29,11AM,1,0,8,108
2011-08-29,4PM,0,0,9,009
2011-08-29,9PM,5,2,3,523
2011-08-30,11AM,9,3,7,937
2011-08-30,4PM,1,5,6,156
2011-08-30,9PM,5,9,8,598
2011-08-31,11AM,4,8,3,483
2011-08-31,4PM,3,2,1,321
2011-08-31,9PM,2,4,2,242
2011-09-01,11AM,3,1,9,319
2011-09-01,4PM,6,4,9,649
2011-09-01,9PM,1,7,4,174
2011-09-02,11AM,2,5,8,258
2011-09-02,4PM,6,2,1,621
2011-09-02,9PM,5,3,2,532
2011-09-03,11AM,4,4,1,441
2011-09-03,4PM,5,8,7,587
2011-09-03,9PM,0,8,3,083
2011-09-04,11AM,1,7,9,179
2011-09-04,4PM,5,4,9,549
2011-09-04,9PM,3,5,3,353
2011-09-05,11AM,5,8,3,583
2011-09-05,4PM,4,1,0,410
2011-09-05,9PM,7,7,1,771
2011-09-06,11AM,5,6,7,567
2011-09-06,4PM,0,3,6,036
2011-09-06,9PM,1,2,5,125
2011-09-07,11AM,3,9,1,391
2011-09-07,4PM,9,7,1,971
2011-09-07,9PM,0,1,4,014
2011-09-08,11AM,8,5,9,859
2011-09-08,4PM,5,9,6,596
2011-09-08,9PM,4,7,1,471
2011-09-09,11AM,3,9,1,391
2011-09-09,4PM,4,9,6,496
2011-09-09,9PM,9,5,4,954
2011-09-10,11AM,7,0,7,707
2011-09-10,4PM,4,0,6,406
2011-09-10,9PM,6,0,5,605
2011-09-11,11AM,6,8,1,681
2011-09-11,4PM,8,3,0,830
2011-09-11,9PM,7,0,7,707
2011-09-12,11AM,1,7,4,174
2011-09-12,4PM,8,5,5,855
2011-09-12,9PM,6,8,2,682
2011-09-13,11AM,4,0,0,400
2011-09-13,4PM,8,9,4,894
2011-09-13,9PM,8,9,6,896
2011-09-14,11AM,0,9,1,091
2011-09-14,4PM,2,9,2,292
2011-09-14,9PM,5,9,0,590
2011-09-15,11AM,8,9,5,895
2011-09-15,4PM,6,1,7,617
2011-09-15,9PM,3,1,7,317
2011-09-16,11AM,2,3,6,236
2011-09-16,4PM,9,8,4,984
2011-09-16,9PM,8,2,6,826
2011-09-17,11AM,6,1,3,613
2011-09-17,4PM,7,3,4,734
2011-09-17,9PM,1,0,3,103
2011-09-18,11AM,2,7,3,273
2011-09-18,4PM,7,1,3,713
2011-09-18,9PM,2,3,8,238
2011-09-19,11AM,6,7,8,678
2011-09-19,4PM,2,1,8,218
2011-09-19,9PM,4,5,1,451
2011-09-20,11AM,1,4,1,141
2011-09-20,4PM,1,5,7,157
2011-09-20,9PM,0,1,7,017
2011-09-21,11AM,2,8,3,283
2011-09-21,4PM,6,8,4,684
2011-09-21,9PM,6,7,6,676
2011-09-22,11AM,8,5,7,857
2011-09-22,4PM,7,3,2,732
2011-09-22,9PM,0,5,9,059
2011-09-23,11AM,0,9,9,099
2011-09-23,4PM,9,2,8,928
2011-09-23,9PM,5,7,8,578
2011-09-24,11AM,7,3,6,736
2011-09-24,4PM,4,5,5,455
2011-09-24,9PM,3,8,7,387
2011-09-25,11AM,3,8,0,380
2011-09-25,4PM,5,1,9,519
2011-09-25,9PM,2,6,2,262
2011-09-26,11AM,9,2,3,923
2011-09-26,4PM,4,2,7,427
2011-09-26,9PM,2,5,5,255
2011-09-27,11AM,4,4,2,442
2011-09-27,4PM,4,5,8,458
2011-09-27,9PM,0,9,6,096
2011-09-28,11AM,3,7,6,376
2011-09-28,4PM,0,1,7,017
2011-09-28,9PM,2,4,6,246
2011-09-29,11AM,0,4,5,045
2011-09-29,4PM,4,8,1,481
2011-09-29,9PM,3,8,4,384
2011-09-30,11AM,2,0,5,205
2011-09-30,4PM,6,5,8,658
2011-09-30,9PM,1,9,9,199
2011-10-01,11AM,7,0,8,708
2011-10-01,4PM,4,5,9,459
2011-10-01,9PM,9,7,9,979
2011-10-02,11AM,0,1,9,019
2011-10-02,4PM,9,3,1,931
2011-10-02,9PM,9,4,2,942
2011-10-03,11AM,9,9,5,995
2011-10-03,4PM,2,3,7,237
2011-10-03,9PM,4,8,1,481
2011-10-04,11AM,0,1,8,018
2011-10-04,4PM,4,7,4,474
2011-10-04,9PM,2,0,4,204
2011-10-05,11AM,3,4,7,347
2011-10-05,4PM,7,0,0,700
2011-10-05,9PM,1,1,9,119
2011-10-06,11AM,8,3,6,836
2011-10-06,4PM,5,0,8,508
2011-10-06,9PM,2,2,5,225
2011-10-07,11AM,7,7,5,775
2011-10-07,4PM,7,4,0,740
2011-10-07,9PM,3,7,4,374
2011-10-08,11AM,1,4,8,148
2011-10-08,4PM,9,7,9,979
2011-10-08,9PM,0,0,8,008
2011-10-09,11AM,2,7,6,276
2011-10-09,4PM,8,8,7,887
2011-10-09,9PM,5,0,7,507
2011-10-10,11AM,7,4,5,745
2011-10-10,4PM,5,0,1,501
2011-10-10,9PM,6,2,2,622
2011-10-11,11AM,7,7,6,776
2011-10-11,4PM,4,7,4,474
2011-10-11,9PM,8,9,8,898
2011-10-12,11AM,0,1,6,016
2011-10-12,4PM,0,4,8,048
2011-10-12,9PM,1,1,6,116
2011-10-13,11AM,2,7,7,277
2011-10-13,4PM,9,8,7,987
2011-10-13,9PM,6,6,1,661
2011-10-14,11AM,4,4,4,444
2011-10-14,4PM,2,0,5,205
2011-10-14,9PM,5,2,4,524
2011-10-15,11AM,9,0,2,902
2011-10-15,4PM,7,7,7,777
2011-10-15,9PM,3,4,6,346
2011-10-16,11AM,7,2,1,721
2011-10-16,4PM,0,0,3,003
2011-10-16,9PM,4,3,8,438
2011-10-17,11AM,6,3,2,632
2011-10-17,4PM,6,8,0,680
2011-10-17,9PM,4,7,7,477
2011-10-18,11AM,6,6,5,665
2011-10-18,4PM,4,5,0,450
2011-10-18,9PM,4,2,8,428
2011-10-19,11AM,5,5,4,554
2011-10-19,4PM,4,8,5,485
2011-10-19,9PM,0,6,9,069
2011-10-20,11AM,0,3,8,038
2011-10-20,4PM,3,9,7,397
2011-10-20,9PM,6,9,7,697
2011-10-21,11AM,3,6,7,367
2011-10-21,4PM,7,0,7,707
2011-10-21,9PM,3,2,6,326
2011-10-22,11AM,2,0,7,207
2011-10-22,4PM,6,4,8,648
2011-10-22,9PM,2,7,2,272
2011-10-23,11AM,1,4,1,141
2011-10-23,4PM,7,8,0,780
2011-10-23,9PM,3,9,9,399
2011-10-24,11AM,5,2,6,526
2011-10-24,4PM,3,7,5,375
2011-10-24,9PM,6,3,6,636
2011-10-25,11AM,1,6,6,166
2011-10-25,4PM,5,8,9,589
2011-10-25,9PM,7,4,0,740
2011-10-26,11AM,1,0,6,106
2011-10-26,4PM,7,3,3,733
2011-10-26,9PM,1,8,9,189
2011-10-27,11AM,3,1,3,313
2011-10-27,4PM,8,4,5,845
2011-10-27,9PM,2,7,4,274
2011-10-28,11AM,7,6,0,760
2011-10-28,4PM,6,9,1,691
2011-10-28,9PM,4,0,9,409
2011-10-29,11AM,0,9,1,091
2011-10-29,4PM,5,9,0,590
2011-10-29,9PM,0,7,5,075
2011-10-30,11AM,8,8,6,886
2011-10-30,4PM,7,3,4,734
2011-10-30,9PM,3,2,0,320
2011-10-31,11AM,6,4,1,641
2011-10-31,4PM,5,2,3,523
2011-10-31,9PM,7,4,4,744
2011-11-01,11AM,6,0,9,609
2011-11-01,4PM,0,6,8,068
2011-11-01,9PM,3,9,9,399
2011-11-02,11AM,5,8,4,584
2011-11-02,4PM,9,1,2,912
2011-11-02,9PM,2,1,6,216
2011-11-03,11AM,8,8,8,888
2011-11-03,4PM,1,4,5,145
2011-11-03,9PM,5,3,6,536
2011-11-04,11AM,0,1,7,017
2011-11-04,4PM,8,4,8,848
2011-11-04,9PM,9,2,7,927
2011-11-05,11AM,3,6,2,362
2011-11-05,4PM,3,0,5,305
2011-11-05,9PM,0,8,5,085
2011-11-06,11AM,4,2,0,420
2011-11-06,4PM,2,7,9,279
2011-11-06,9PM,3,3,4,334
2011-11-07,11AM,1,7,7,177
2011-11-07,4PM,6,2,5,625
2011-11-07,9PM,2,3,5,235
2011-11-08,11AM,7,6,2,762
2011-11-08,4PM,3,7,2,372
2011-11-08,9PM,2,9,0,290
2011-11-09,11AM,3,0,5,305
2011-11-09,4PM,4,5,5,455
2011-11-09,9PM,2,1,5,215
2011-11-10,11AM,6,4,1,641
2011-11-10,4PM,2,7,6,276
2011-11-10,9PM,2,8,5,285
2011-11-11,11AM,2,4,3,243
2011-11-11,4PM,0,2,4,024
2011-11-11,9PM,3,4,8,348
2011-11-12,11AM,5,6,5,565
2011-11-12,4PM,4,2,3,423
2011-11-12,9PM,8,6,0,860
2011-11-13,11AM,6,9,3,693
2011-11-13,4PM,3,4,6,346
2011-11-13,9PM,5,2,3,523
2011-11-14,11AM,3,5,3,353
2011-11-14,4PM,3,0,7,307
2011-11-14,9PM,1,7,6,176
2011-11-15,11AM,7,2,3,723
2011-11-15,4PM,2,9,9,299
2011-11-15,9PM,8,7,6,876
2011-11-16,11AM,9,9,1,991
2011-11-16,4PM,9,7,8,978
2011-11-16,9PM,1,5,7,157
2011-11-17,11AM,8,7,8,878
2011-11-17,4PM,5,5,8,558
2011-11-17,9PM,5,5,4,554
2011-11-18,11AM,4,2,4,424
2011-11-18,4PM,6,1,5,615
2011-11-18,9PM,4,8,1,481
2011-11-19,11AM,4,2,3,423
2011-11-19,4PM,4,2,5,425
2011-11-19,9PM,9,4,8,948
2011-11-20,11AM,5,3,3,533
2011-11-20,4PM,4,7,4,474
2011-11-20,9PM,3,3,9,339
2011-11-21,11AM,1,7,7,177
2011-11-21,4PM,0,5,6,056
2011-11-21,9PM,5,7,8,578
2011-11-22,11AM,3,0,8,308
2011-11-22,4PM,4,4,1,441
2011-11-22,9PM,4,0,4,404
2011-11-23,11AM,7,8,9,789
2011-11-23,4PM,2,1,6,216
2011-11-23,9PM,5,8,2,582
2011-11-24,11AM,5,0,3,503
2011-11-24,4PM,7,9,7,797
2011-11-24,9PM,3,2,7,327
2011-11-25,11AM,3,4,0,340
2011-11-25,4PM,6,4,7,647
2011-11-25,9PM,2,3,0,230
2011-11-26,11AM,6,0,0,600
2011-11-26,4PM,1,7,4,174
2011-11-26,9PM,7,2,7,727
2011-11-27,11AM,1,6,9,169
2011-11-27,4PM,2,0,6,206
2011-11-27,9PM,1,7,0,170
2011-11-28,11AM,9,0,4,904
2011-11-28,4PM,5,2,8,528
2011-11-28,9PM,0,6,2,062
2011-11-29,11AM,0,6,4,064
2011-11-29,4PM,7,7,0,770
2011-11-29,9PM,4,9,7,497
2011-11-30,11AM,6,2,6,626
2011-11-30,4PM,6,5,3,653
2011-11-30,9PM,8,6,7,867
2011-12-01,11AM,7,5,0,750
2011-12-01,4PM,8,0,3,803
2011-12-01,9PM,8,0,4,804
2011-12-02,11AM,5,3,9,539
2011-12-02,4PM,5,5,0,550
2011-12-02,9PM,7,0,5,705
2011-12-03,11AM,3,2,5,325
2011-12-03,4PM,2,2,9,229
2011-12-03,9PM,4,4,4,444
2011-12-04,11AM,4,8,1,481
2011-12-04,4PM,0,2,3,023
2011-12-04,9PM,9,9,0,990
2011-12-05,11AM,3,0,8,308
2011-12-05,4PM,7,7,1,771
2011-12-05,9PM,8,6,9,869
2011-12-06,11AM,9,9,0,990
2011-12-06,4PM,1,1,7,117
2011-12-06,9PM,4,7,9,479
2011-12-07,11AM,0,2,5,025
2011-12-07,4PM,9,1,1,911
2011-12-07,9PM,7,7,1,771
2011-12-08,11AM,5,9,5,595
2011-12-08,4PM,1,3,5,135
2011-12-08,9PM,8,5,2,852
2011-12-09,11AM,6,8,0,680
2011-12-09,4PM,9,3,5,935
2011-12-09,9PM,0,7,6,076
2011-12-10,11AM,0,3,8,038
2011-12-10,4PM,3,9,6,396
2011-12-10,9PM,8,4,2,842
2011-12-11,11AM,6,1,7,617
2011-12-11,4PM,7,9,8,798
2011-12-11,9PM,0,7,5,075
2011-12-12,11AM,0,9,3,093
2011-12-12,4PM,5,8,4,584
2011-12-12,9PM,4,8,1,481
2011-12-13,11AM,2,9,2,292
2011-12-13,4PM,4,3,1,431
2011-12-13,9PM,7,0,7,707
2011-12-14,11AM,2,9,0,290
2011-12-14,4PM,2,5,1,251
2011-12-14,9PM,6,2,6,626
2011-12-15,11AM,9,8,5,985
2011-12-15,4PM,7,8,0,780
2011-12-15,9PM,8,2,5,825
2011-12-16,11AM,5,1,0,510
2011-12-16,4PM,1,1,0,110
2011-12-16,9PM,1,2,1,121
2011-12-17,11AM,0,3,5,035
2011-12-17,4PM,7,1,6,716
2011-12-17,9PM,2,3,0,230
2011-12-18,11AM,4,7,9,479
2011-12-18,4PM,5,9,2,592
2011-12-18,9PM,2,8,9,289
2011-12-19,11AM,6,0,9,609
2011-12-19,4PM,9,8,0,980
2011-12-19,9PM,1,9,9,199
2011-12-20,11AM,5,0,2,502
2011-12-20,4PM,7,7,3,773
2011-12-20,9PM,5,6,0,560
2011-12-21,11AM,5,4,0,540
2011-12-21,4PM,3,0,3,303
2011-12-21,9PM,9,3,3,933
2011-12-22,11AM,9,8,3,983
2011-12-22,4PM,2,9,7,297
2011-12-22,9PM,1,3,2,132
2011-12-23,11AM,2,0,8,208
2011-12-23,4PM,4,0,9,409
2011-12-23,9PM,0,0,4,004
2011-12-24,11AM,4,7,8,478
2011-12-24,4PM,1,3,0,130
2011-12-24,9PM,0,5,8,058
2011-12-26,11AM,9,9,5,995
2011-12-26,4PM,5,2,1,521
2011-12-26,9PM,3,1,0,310
2011-12-27,11AM,6,4,8,648
2011-12-27,4PM,4,6,8,468
2011-12-27,9PM,9,2,0,920
2011-12-28,11AM,6,0,9,609
2011-12-28,4PM,7,4,9,749
2011-12-28,9PM,7,7,3,773
2011-12-29,11AM,1,2,5,125
2011-12-29,4PM,5,7,4,574
2011-12-29,9PM,5,3,8,538
2011-12-30,11AM,4,5,9,459
2011-12-30,4PM,3,3,4,334
2011-12-30,9PM,8,9,4,894
2011-12-31,11AM,3,9,6,396
2011-12-31,4PM,3,4,0,340
2011-12-31,9PM,0,9,2,092
2012-01-02,11AM,3,6,0,360
2012-01-02,4PM,3,9,3,393
2012-01-02,9PM,5,1,4,514
2012-01-03,11AM,1,7,6,176
2012-01-03,4PM,2,3,6,236
2012-01-03,9PM,0,7,7,077
2012-01-04,11AM,3,6,6,366
2012-01-04,4PM,6,8,6,686
2012-01-04,9PM,8,8,3,883
2012-01-05,11AM,1,5,6,156
2012-01-05,4PM,1,3,2,132
2012-01-05,9PM,2,5,9,259
2012-01-06,11AM,2,2,0,220
2012-01-06,4PM,1,7,1,171
2012-01-06,9PM,0,1,8,018
2012-01-07,11AM,4,9,9,499
2012-01-07,4PM,5,0,6,506
2012-01-07,9PM,1,0,0,100
2012-01-08,11AM,2,3,9,239
2012-01-08,4PM,2,8,4,284
2012-01-08,9PM,1,6,1,161
2012-01-09,11AM,6,7,4,674
2012-01-09,4PM,8,1,3,813
2012-01-09,9PM,2,6,0,260
2012-01-10,11AM,1,7,6,176
2012-01-10,4PM,3,1,4,314
2012-01-10,9PM,4,9,9,499
2012-01-11,11AM,5,2,9,529
2012-01-11,4PM,0,0,8,008
2012-01-11,9PM,2,0,3,203
2012-01-12,11AM,0,3,2,032
2012-01-12,4PM,2,6,6,266
2012-01-12,9PM,5,2,2,522
2012-01-13,11AM,4,8,2,482
2012-01-13,4PM,1,7,6,176
2012-01-13,9PM,9,2,1,921
2012-01-14,11AM,4,7,9,479
2012-01-14,4PM,6,3,2,632
2012-01-14,9PM,0,8,3,083
2012-01-15,11AM,0,4,3,043
2012-01-15,4PM,9,5,9,959
2012-01-15,9PM,4,9,8,498
2012-01-16,11AM,5,3,7,537
2012-01-16,4PM,7,4,6,746
2012-01-16,9PM,8,8,5,885
2012-01-17,11AM,3,8,9,389
2012-01-17,4PM,0,5,8,058
2012-01-17,9PM,6,6,3,663
2012-01-18,11AM,9,5,6,956
2012-01-18,4PM,7,9,1,791
2012-01-18,9PM,0,3,7,037
2012-01-19,11AM,2,3,4,234
2012-01-19,4PM,5,9,8,598
2012-01-19,9PM,1,8,1,181
2012-01-20,11AM,3,4,9,349
2012-01-20,4PM,8,4,4,844
2012-01-20,9PM,6,4,0,640
2012-01-21,11AM,2,3,1,231
2012-01-21,4PM,1,7,6,176
2012-01-21,9PM,7,8,3,783
2012-01-22,11AM,8,5,2,852
2012-01-22,4PM,2,0,4,204
2012-01-22,9PM,8,7,1,871
2012-01-23,11AM,0,5,4,054
2012-01-23,4PM,9,5,9,959
2012-01-23,9PM,3,2,3,323
2012-01-24,11AM,6,1,9,619
2012-01-24,4PM,3,7,8,378
2012-01-24,9PM,4,8,3,483
2012-01-25,11AM,7,8,3,783
2012-01-25,4PM,9,1,7,917
2012-01-25,9PM,5,3,5,535
2012-01-26,11AM,1,1,5,115
2012-01-26,4PM,1,8,2,182
2012-01-26,9PM,3,7,6,376
2012-01-27,11AM,5,0,1,501
2012-01-27,4PM,2,8,0,280
2012-01-27,9PM,4,8,2,482
2012-01-28,11AM,6,3,0,630
2012-01-28,4PM,4,4,8,448
2012-01-28,9PM,2,4,7,247
2012-01-29,11AM,0,2,3,023
2012-01-29,4PM,0,0,9,009
2012-01-29,9PM,0,5,3,053
2012-01-30,11AM,1,2,5,125
2012-01-30,4PM,4,7,0,470
2012-01-30,9PM,7,1,7,717
2012-01-31,11AM,2,5,4,254
2012-01-31,4PM,9,8,6,986
2012-01-31,9PM,7,0,6,706
2012-02-01,11AM,9,6,1,961
2012-02-01,4PM,6,8,6,686
2012-02-01,9PM,1,6,0,160
2012-02-02,11AM,4,5,1,451
2012-02-02,4PM,2,3,5,235
2012-02-02,9PM,2,7,2,272
2012-02-03,11AM,8,2,0,820
2012-02-03,4PM,8,8,5,885
2012-02-03,9PM,1,1,1,111
2012-02-04,11AM,9,1,6,916
2012-02-04,4PM,8,9,3,893
2012-02-04,9PM,2,4,6,246
2012-02-05,11AM,9,1,3,913
2012-02-05,4PM,0,3,0,030
2012-02-05,9PM,1,3,3,133
2012-02-06,11AM,1,4,5,145
2012-02-06,4PM,9,1,5,915
2012-02-06,9PM,9,2,3,923
2012-02-07,11AM,9,5,7,957
2012-02-07,4PM,0,6,5,065
2012-02-07,9PM,1,5,0,150
2012-02-08,11AM,6,8,0,680
2012-02-08,4PM,1,4,8,148
2012-02-08,9PM,2,4,8,248
2012-02-09,11AM,1,4,0,140
2012-02-09,4PM,8,6,2,862
2012-02-09,9PM,4,3,5,435
2012-02-10,11AM,0,7,8,078
2012-02-10,4PM,5,6,8,568
2012-02-10,9PM,0,1,9,019
2012-02-11,11AM,8,4,8,848
2012-02-11,4PM,0,5,9,059
2012-02-11,9PM,2,5,6,256
2012-02-12,11AM,1,6,6,166
2012-02-12,4PM,2,4,4,244
2012-02-12,9PM,8,5,2,852
2012-02-13,11AM,6,8,7,687
2012-02-13,4PM,1,7,3,173
2012-02-13,9PM,2,7,4,274
2012-02-14,11AM,9,4,4,944
2012-02-14,4PM,7,4,7,747
2012-02-14,9PM,0,5,8,058
2012-02-15,11AM,5,8,3,583
2012-02-15,4PM,4,0,4,404
2012-02-15,9PM,5,7,8,578
2012-02-16,11AM,1,3,3,133
2012-02-16,4PM,0,0,5,005
2012-02-16,9PM,2,8,2,282
2012-02-17,11AM,0,8,7,087
2012-02-17,4PM,6,5,1,651
2012-02-17,9PM,7,3,1,731
2012-02-18,11AM,8,4,5,845
2012-02-18,4PM,4,7,3,473
2012-02-18,9PM,1,9,0,190
2012-02-19,11AM,5,2,2,522
2012-02-19,4PM,4,6,8,468
2012-02-19,9PM,9,4,9,949
2012-02-20,11AM,4,5,2,452
2012-02-20,4PM,5,3,3,533
2012-02-20,9PM,7,4,1,741
2012-02-21,11AM,3,6,9,369
2012-02-21,4PM,8,5,0,850
2012-02-21,9PM,4,1,2,412
2012-02-22,11AM,2,6,4,264
2012-02-22,4PM,3,3,7,337
2012-02-22,9PM,1,6,1,161
2012-02-23,11AM,8,9,7,897
2012-02-23,4PM,9,1,5,915
2012-02-23,9PM,5,3,1,531
2012-02-24,11AM,3,2,8,328
2012-02-24,4PM,2,4,1,241
2012-02-24,9PM,9,8,7,987
2012-02-25,11AM,4,3,4,434
2012-02-25,4PM,1,3,2,132
2012-02-25,9PM,0,9,1,091
2012-02-26,11AM,3,3,2,332
2012-02-26,4PM,6,7,5,675
2012-02-26,9PM,7,4,2,742
2012-02-27,11AM,1,8,2,182
2012-02-27,4PM,7,5,9,759
2012-02-27,9PM,9,4,5,945
2012-02-28,11AM,2,2,8,228
2012-02-28,4PM,4,3,2,432
2012-02-28,9PM,6,7,6,676
2012-02-29,11AM,8,6,9,869
2012-02-29,4PM,4,8,3,483
2012-02-29,9PM,4,1,2,412
2012-03-01,11AM,1,3,5,135
2012-03-01,4PM,3,8,0,380
2012-03-01,9PM,5,1,8,518
2012-03-02,11AM,5,3,6,536
2012-03-02,4PM,7,8,3,783
2012-03-02,9PM,7,1,0,710
2012-03-03,11AM,9,5,9,959
2012-03-03,4PM,6,3,2,632
2012-03-03,9PM,8,3,7,837
2012-03-04,11AM,3,7,2,372
2012-03-04,4PM,2,1,4,214
2012-03-04,9PM,6,8,9,689
2012-03-05,11AM,0,1,1,011
2012-03-05,4PM,9,3,7,937
2012-03-05,9PM,5,8,1,581
2012-03-06,11AM,0,3,3,033
2012-03-06,4PM,7,7,8,778
2012-03-06,9PM,9,0,0,900
2012-03-07,11AM,3,5,2,352
2012-03-07,4PM,4,3,7,437
2012-03-07,9PM,8,3,3,833
2012-03-08,11AM,8,8,6,886
2012-03-08,4PM,3,1,1,311
2012-03-08,9PM,7,2,3,723
2012-03-09,11AM,8,3,1,831
2012-03-09,4PM,1,5,8,158
2012-03-09,9PM,6,2,5,625
2012-03-10,11AM,4,2,2,422
2012-03-10,4PM,4,1,2,412
2012-03-10,9PM,1,0,2,102
2012-03-11,11AM,6,0,7,607
2012-03-11,4PM,0,6,8,068
2012-03-11,9PM,9,7,5,975
2012-03-12,11AM,6,6,4,664
2012-03-12,4PM,4,9,2,492
2012-03-12,9PM,9,7,0,970
2012-03-13,11AM,5,8,7,587
2012-03-13,4PM,5,5,4,554
2012-03-13,9PM,3,6,9,369
2012-03-14,11AM,4,8,8,488
2012-03-14,4PM,0,7,2,072
2012-03-14,9PM,1,9,1,191
2012-03-15,11AM,6,0,1,601
2012-03-15,4PM,1,6,2,162
2012-03-15,9PM,6,1,4,614
2012-03-16,11AM,3,5,4,354
2012-03-16,4PM,3,1,0,310
2012-03-16,9PM,7,3,6,736
2012-03-17,11AM,1,1,9,119
2012-03-17,4PM,8,8,0,880
2012-03-17,9PM,6,6,3,663
2012-03-18,11AM,0,6,1,061
2012-03-18,4PM,5,0,0,500
2012-03-18,9PM,5,3,7,537
2012-03-19,11AM,0,2,0,020
2012-03-19,4PM,4,3,4,434
2012-03-19,9PM,2,8,4,284
2012-03-20,11AM,9,2,9,929
2012-03-20,4PM,6,4,2,642
2012-03-20,9PM,9,5,4,954
2012-03-21,11AM,8,7,9,879
2012-03-21,4PM,8,0,0,800
2012-03-21,9PM,6,5,8,658
2012-03-22,11AM,7,7,6,776
2012-03-22,4PM,4,8,0,480
2012-03-22,9PM,7,7,2,772
2012-03-23,11AM,3,7,4,374
2012-03-23,4PM,5,2,5,525
2012-03-23,9PM,3,3,2,332
2012-03-24,11AM,2,4,1,241
2012-03-24,4PM,1,2,9,129
2012-03-24,9PM,9,2,9,929
2012-03-25,11AM,8,1,7,817
2012-03-25,4PM,6,4,6,646
2012-03-25,9PM,7,4,7,747
2012-03-26,11AM,6,4,6,646
2012-03-26,4PM,1,8,6,186
2012-03-26,9PM,3,7,5,375
2012-03-27,11AM,6,9,7,697
2012-03-27,4PM,0,7,7,077
2012-03-27,9PM,9,1,1,911
2012-03-28,11AM,4,7,3,473
2012-03-28,4PM,3,5,2,352
2012-03-28,9PM,1,5,5,155
2012-03-29,11AM,1,3,5,135
2012-03-29,4PM,5,8,8,588
2012-03-29,9PM,5,8,0,580
2012-03-30,11AM,4,8,6,486
2012-03-30,4PM,8,6,9,869
2012-03-30,9PM,5,0,4,504
2012-03-31,11AM,4,5,0,450
2012-03-31,4PM,5,3,3,533
2012-03-31,9PM,4,7,3,473
2012-04-01,11AM,2,3,3,233
2012-04-01,4PM,4,6,6,466
2012-04-01,9PM,0,4,9,049
2012-04-02,11AM,1,6,2,162
2012-04-02,4PM,7,6,2,762
2012-04-02,9PM,5,8,5,585
2012-04-03,11AM,5,3,7,537
2012-04-03,4PM,2,5,3,253
2012-04-03,9PM,8,0,5,805
2012-04-04,11AM,8,8,6,886
2012-04-04,4PM,7,9,2,792
2012-04-04,9PM,3,3,6,336
2012-04-09,11AM,3,0,5,305
2012-04-09,4PM,0,8,1,081
2012-04-09,9PM,5,9,6,596
2012-04-10,11AM,9,1,8,918
2012-04-10,4PM,7,6,8,768
2012-04-10,9PM,9,3,0,930
2012-04-11,11AM,6,2,7,627
2012-04-11,4PM,1,2,9,129
2012-04-11,9PM,1,4,9,149
2012-04-12,11AM,7,0,5,705
2012-04-12,4PM,7,6,5,765
2012-04-12,9PM,0,4,8,048
2012-04-13,11AM,0,0,8,008
2012-04-13,4PM,9,8,4,984
2012-04-13,9PM,7,7,7,777
2012-04-14,11AM,3,2,0,320
2012-04-14,4PM,5,1,3,513
2012-04-14,9PM,5,3,3,533
2012-04-15,11AM,9,1,7,917
2012-04-15,4PM,4,9,0,490
2012-04-15,9PM,3,6,3,363
2012-04-16,11AM,0,0,2,002
2012-04-16,4PM,9,6,1,961
2012-04-16,9PM,4,1,7,417
2012-04-17,11AM,1,7,8,178
2012-04-17,4PM,4,5,4,454
2012-04-17,9PM,9,1,0,910
2012-04-18,11AM,7,0,3,703
2012-04-18,4PM,3,5,8,358
2012-04-18,9PM,2,6,4,264
2012-04-19,11AM,0,8,4,084
2012-04-19,4PM,5,9,7,597
2012-04-19,9PM,9,7,5,975
2012-04-20,11AM,3,8,6,386
2012-04-20,4PM,8,0,0,800
2012-04-20,9PM,5,8,6,586
2012-04-21,11AM,4,3,3,433
2012-04-21,4PM,3,3,4,334
2012-04-21,9PM,1,6,9,169
2012-04-22,11AM,9,2,7,927
2012-04-22,4PM,7,8,2,782
2012-04-22,9PM,4,1,3,413
2012-04-23,11AM,5,5,9,559
2012-04-23,4PM,9,3,4,934
2012-04-23,9PM,6,5,1,651
2012-04-24,11AM,3,5,6,356
2012-04-24,4PM,5,3,5,535
2012-04-24,9PM,3,7,2,372
2012-04-25,11AM,0,8,3,083
2012-04-25,4PM,2,0,8,208
2012-04-25,9PM,8,6,2,862
2012-04-26,11AM,0,9,8,098
2012-04-26,4PM,9,8,9,989
2012-04-26,9PM,2,3,1,231
2012-04-27,11AM,4,4,5,445
2012-04-27,4PM,5,0,3,503
2012-04-27,9PM,9,7,6,976
2012-04-28,11AM,5,2,3,523
2012-04-28,4PM,6,4,5,645
2012-04-28,9PM,0,4,8,048
2012-05-01,11AM,9,8,2,982
2012-05-01,4PM,9,6,4,964
2012-05-01,9PM,9,7,5,975
2012-05-02,11AM,6,8,3,683
2012-05-02,4PM,8,6,7,867
2012-05-02,9PM,9,1,4,914
2012-05-03,11AM,7,1,6,716
2012-05-03,4PM,9,2,8,928
2012-05-03,9PM,7,4,5,745
2012-05-04,11AM,8,8,2,882
2012-05-04,4PM,0,5,3,053
2012-05-04,9PM,8,6,0,860
2012-05-05,11AM,8,2,5,825
2012-05-05,4PM,1,3,6,136
2012-05-05,9PM,9,8,3,983
2012-05-06,11AM,3,0,8,308
2012-05-06,4PM,2,5,0,250
2012-05-06,9PM,0,9,1,091
2012-05-07,11AM,9,2,1,921
2012-05-07,4PM,3,8,8,388
2012-05-07,9PM,4,9,3,493
2012-05-08,11AM,0,5,6,056
2012-05-08,4PM,3,8,3,383
2012-05-08,9PM,6,4,0,640
2012-05-09,11AM,8,9,6,896
2012-05-09,4PM,0,1,9,019
2012-05-09,9PM,9,1,2,912
2012-05-10,11AM,0,5,0,050
2012-05-10,4PM,2,1,4,214
2012-05-10,9PM,1,8,9,189
2012-05-11,11AM,4,4,7,447
2012-05-11,4PM,5,1,2,512
2012-05-11,9PM,3,1,8,318
2012-05-12,11AM,6,1,5,615
2012-05-12,4PM,8,8,2,882
2012-05-12,9PM,8,8,9,889
2012-05-13,11AM,6,8,4,684
2012-05-13,4PM,6,6,7,667
2012-05-13,9PM,4,4,8,448
2012-05-14,11AM,3,2,3,323
2012-05-14,4PM,4,8,6,486
2012-05-14,9PM,9,0,0,900
2012-05-15,11AM,6,5,7,657
2012-05-15,4PM,8,4,9,849
2012-05-15,9PM,8,9,0,890
2012-05-16,11AM,1,7,0,170
2012-05-16,4PM,1,3,5,135
2012-05-16,9PM,1,1,1,111
2012-05-17,11AM,1,6,0,160
2012-05-17,4PM,1,1,3,113
2012-05-17,9PM,0,5,5,055
2012-05-18,11AM,4,6,3,463
2012-05-18,4PM,6,5,9,659
2012-05-18,9PM,3,8,8,388
2012-05-19,11AM,8,6,0,860
2012-05-19,4PM,4,1,0,410
2012-05-19,9PM,7,9,8,798
2012-05-20,11AM,9,7,3,973
2012-05-20,4PM,5,2,9,529
2012-05-20,9PM,5,2,3,523
2012-05-21,11AM,9,2,5,925
2012-05-21,4PM,6,4,4,644
2012-05-21,9PM,7,0,9,709
2012-05-22,11AM,3,9,6,396
2012-05-22,4PM,5,0,7,507
2012-05-22,9PM,6,6,9,669
2012-05-23,11AM,7,0,3,703
2012-05-23,4PM,3,9,4,394
2012-05-23,9PM,9,5,6,956
2012-05-24,11AM,0,2,7,027
2012-05-24,4PM,9,9,7,997
2012-05-24,9PM,4,6,5,465
2012-05-25,11AM,7,8,6,786
2012-05-25,4PM,0,2,7,027
2012-05-25,9PM,0,4,0,040
2012-05-26,11AM,3,7,2,372
2012-05-26,4PM,9,6,3,963
2012-05-26,9PM,2,5,6,256
2012-05-27,11AM,7,9,9,799
2012-05-27,4PM,2,3,1,231
2012-05-27,9PM,9,9,0,990
2012-05-28,11AM,7,3,4,734
2012-05-28,4PM,1,1,3,113
2012-05-28,9PM,2,5,4,254
2012-05-29,11AM,3,8,7,387
2012-05-29,4PM,3,4,6,346
2012-05-29,9PM,6,2,6,626
2012-05-30,11AM,8,4,4,844
2012-05-30,4PM,1,0,8,108
2012-05-30,9PM,0,3,5,035
2012-05-31,11AM,4,6,1,461
2012-05-31,4PM,6,1,0,610
2012-05-31,9PM,7,5,7,757
2012-06-01,11AM,5,7,3,573
2012-06-01,4PM,0,0,9,009
2012-06-01,9PM,6,9,6,696
2012-06-02,11AM,8,9,6,896
2012-06-02,4PM,5,7,1,571
2012-06-02,9PM,1,8,6,186
2012-06-03,11AM,5,8,8,588
2012-06-03,4PM,4,2,6,426
2012-06-03,9PM,1,6,4,164
2012-06-04,11AM,6,2,5,625
2012-06-04,4PM,1,9,3,193
2012-06-04,9PM,0,4,9,049
2012-06-05,11AM,5,8,5,585
2012-06-05,4PM,6,2,6,626
2012-06-05,9PM,5,1,4,514
2012-06-06,11AM,3,7,4,374
2012-06-06,4PM,1,7,7,177
2012-06-06,9PM,6,9,1,691
2012-06-07,11AM,3,7,4,374
2012-06-07,4PM,3,6,6,366
2012-06-07,9PM,9,9,0,990
2012-06-08,11AM,0,1,5,015
2012-06-08,4PM,1,9,2,192
2012-06-08,9PM,5,7,3,573
2012-06-09,11AM,2,0,0,200
2012-06-09,4PM,5,9,0,590
2012-06-09,9PM,0,7,1,071
2012-06-10,11AM,9,6,7,967
2012-06-10,4PM,0,0,6,006
2012-06-10,9PM,3,8,3,383
2012-06-11,11AM,8,8,1,881
2012-06-11,4PM,4,4,1,441
2012-06-11,9PM,0,1,3,013
2012-06-12,11AM,8,3,1,831
2012-06-12,4PM,3,6,7,367
2012-06-12,9PM,7,6,9,769
2012-06-13,11AM,5,9,3,593
2012-06-13,4PM,5,1,7,517
2012-06-13,9PM,1,1,9,119
2012-06-14,11AM,4,8,2,482
2012-06-14,4PM,4,4,7,447
2012-06-14,9PM,7,8,8,788
2012-06-15,11AM,6,2,1,621
2012-06-15,4PM,5,4,1,541
2012-06-15,9PM,0,5,8,058
2012-06-16,11AM,8,4,1,841
2012-06-16,4PM,4,8,1,481
2012-06-16,9PM,8,1,7,817
2012-06-17,11AM,0,3,0,030
2012-06-17,4PM,0,3,7,037
2012-06-17,9PM,2,4,2,242
2012-06-18,11AM,9,9,5,995
2012-06-18,4PM,7,5,8,758
2012-06-18,9PM,5,8,6,586
2012-06-19,11AM,3,6,9,369
2012-06-19,4PM,5,1,1,511
2012-06-19,9PM,5,2,7,527
2012-06-20,11AM,9,3,2,932
2012-06-20,4PM,9,2,5,925
2012-06-20,9PM,5,1,7,517
2012-06-21,11AM,6,1,5,615
2012-06-21,4PM,2,3,4,234
2012-06-21,9PM,7,9,6,796
2012-06-22,11AM,3,6,8,368
2012-06-22,4PM,4,8,2,482
2012-06-22,9PM,2,6,3,263
2012-06-23,11AM,8,6,4,864
2012-06-23,4PM,7,3,3,733
2012-06-23,9PM,4,0,0,400
2012-06-24,11AM,0,1,4,014
2012-06-24,4PM,0,9,4,094
2012-06-24,9PM,8,6,7,867
2012-06-25,11AM,1,8,6,186
2012-06-25,4PM,0,8,2,082
2012-06-25,9PM,4,4,8,448
2012-06-26,11AM,0,3,9,039
2012-06-26,4PM,8,7,5,875
2012-06-26,9PM,3,5,6,356
2012-06-27,11AM,8,5,6,856
2012-06-27,4PM,8,3,5,835
2012-06-27,9PM,7,2,4,724
2012-06-28,11AM,6,8,6,686
2012-06-28,4PM,9,3,3,933
2012-06-28,9PM,1,7,3,173
2012-06-29,11AM,1,8,1,181
2012-06-29,4PM,5,4,3,543
2012-06-29,9PM,3,8,6,386
2012-06-30,11AM,7,0,7,707
2012-06-30,4PM,2,5,0,250
2012-06-30,9PM,3,6,7,367
2012-07-01,11AM,7,6,5,765
2012-07-01,4PM,9,6,5,965
2012-07-01,9PM,1,9,9,199
2012-07-02,11AM,7,6,5,765
2012-07-02,4PM,6,1,6,616
2012-07-02,9PM,8,4,9,849
2012-07-03,11AM,1,3,6,136
2012-07-03,4PM,5,8,6,586
2012-07-03,9PM,7,9,7,797
2012-07-04,11AM,9,9,8,998
2012-07-04,4PM,5,6,2,562
2012-07-04,9PM,4,7,9,479
2012-07-05,11AM,5,2,3,523
2012-07-05,4PM,9,0,5,905
2012-07-05,9PM,4,2,3,423
2012-07-06,11AM,9,7,3,973
2012-07-06,4PM,3,4,6,346
2012-07-06,9PM,1,8,5,185
2012-07-07,11AM,1,6,6,166
2012-07-07,4PM,3,5,2,352
2012-07-07,9PM,3,7,7,377
2012-07-08,11AM,4,8,9,489
2012-07-08,4PM,1,4,6,146
2012-07-08,9PM,7,2,8,728
2012-07-09,11AM,0,2,2,022
2012-07-09,4PM,2,0,4,204
2012-07-09,9PM,1,5,6,156
2012-07-10,11AM,5,4,8,548
2012-07-10,4PM,3,7,6,376
2012-07-10,9PM,3,1,8,318
2012-07-11,11AM,8,3,4,834
2012-07-11,4PM,2,4,9,249
2012-07-11,9PM,2,5,8,258
2012-07-12,11AM,0,9,8,098
2012-07-12,4PM,8,8,8,888
2012-07-12,9PM,3,6,3,363
2012-07-13,11AM,4,4,4,444
2012-07-13,4PM,6,9,3,693
2012-07-13,9PM,3,1,8,318
2012-07-14,11AM,2,6,0,260
2012-07-14,4PM,7,0,5,705
2012-07-14,9PM,3,9,0,390
2012-07-15,11AM,0,2,9,029
2012-07-15,4PM,3,7,6,376
2012-07-15,9PM,9,7,5,975
2012-07-16,11AM,1,4,2,142
2012-07-16,4PM,1,7,2,172
2012-07-16,9PM,9,2,1,921
2012-07-17,11AM,8,1,1,811
2012-07-17,4PM,8,7,1,871
2012-07-17,9PM,2,2,3,223
2012-07-18,11AM,1,7,1,171
2012-07-18,4PM,1,2,3,123
2012-07-18,9PM,2,8,9,289
2012-07-19,11AM,7,5,8,758
2012-07-19,4PM,8,5,3,853
2012-07-19,9PM,6,8,7,687
2012-07-20,11AM,0,5,8,058
2012-07-20,4PM,4,8,2,482
2012-07-20,9PM,6,4,6,646
2012-07-21,11AM,3,9,2,392
2012-07-21,4PM,0,7,7,077
2012-07-21,9PM,1,1,4,114
2012-07-22,11AM,6,6,3,663
2012-07-22,4PM,6,0,8,608
2012-07-22,9PM,4,3,4,434
2012-07-23,11AM,1,3,2,132
2012-07-23,4PM,5,1,4,514
2012-07-23,9PM,1,6,6,166
2012-07-24,11AM,9,5,2,952
2012-07-24,4PM,9,2,1,921
2012-07-24,9PM,9,4,6,946
2012-07-25,11AM,0,8,0,080
2012-07-25,4PM,2,5,3,253
2012-07-25,9PM,2,1,5,215
2012-07-26,11AM,9,1,6,916
2012-07-26,4PM,0,9,5,095
2012-07-26,9PM,6,3,8,638
2012-07-27,11AM,3,3,2,332
2012-07-27,4PM,8,8,1,881
2012-07-27,9PM,2,3,4,234
2012-07-28,11AM,4,8,8,488
2012-07-28,4PM,8,9,2,892
2012-07-28,9PM,2,6,5,265
2012-07-29,11AM,9,7,2,972
2012-07-29,4PM,8,6,0,860
2012-07-29,9PM,7,8,7,787
2012-07-30,11AM,2,2,0,220
2012-07-30,4PM,0,9,1,091
2012-07-30,9PM,2,1,9,219
2012-07-31,11AM,6,7,2,672
2012-07-31,4PM,4,5,5,455
2012-07-31,9PM,1,8,7,187
2012-08-01,11AM,2,9,4,294
2012-08-01,4PM,4,6,9,469
2012-08-01,9PM,1,2,1,121
2012-08-02,11AM,8,0,7,807
2012-08-02,4PM,7,8,8,788
2012-08-02,9PM,4,7,0,470
2012-08-03,11AM,0,9,7,097
2012-08-03,4PM,5,4,7,547
2012-08-03,9PM,1,7,1,171
2012-08-04,11AM,7,0,6,706
2012-08-04,4PM,7,6,3,763
2012-08-04,9PM,7,6,1,761
2012-08-05,11AM,7,4,2,742
2012-08-05,4PM,6,4,0,640
2012-08-05,9PM,2,7,5,275
2012-08-06,11AM,9,7,5,975
2012-08-06,4PM,0,4,1,041
2012-08-06,9PM,1,9,9,199
2012-08-07,11AM,0,4,8,048
2012-08-07,4PM,9,3,1,931
2012-08-07,9PM,2,2,1,221
2012-08-08,11AM,7,7,2,772
2012-08-08,4PM,9,6,5,965
2012-08-08,9PM,0,3,9,039
2012-08-09,11AM,6,0,7,607
2012-08-09,4PM,3,5,9,359
2012-08-09,9PM,5,6,0,560
2012-08-10,11AM,8,3,0,830
2012-08-10,4PM,8,1,1,811
2012-08-10,9PM,0,8,6,086
2012-08-11,11AM,4,1,6,416
2012-08-11,4PM,5,6,4,564
2012-08-11,9PM,5,2,8,528
2012-08-12,11AM,6,0,8,608
2012-08-12,4PM,0,2,4,024
2012-08-12,9PM,1,6,9,169
2012-08-13,11AM,9,3,9,939
2012-08-13,4PM,3,2,2,322
2012-08-13,9PM,4,3,7,437
2012-08-14,11AM,7,3,5,735
2012-08-14,4PM,2,2,2,222
2012-08-14,9PM,1,2,7,127
2012-08-15,11AM,7,1,5,715
2012-08-15,4PM,2,9,1,291
2012-08-15,9PM,2,4,2,242
2012-08-16,11AM,4,7,9,479
2012-08-16,4PM,7,2,0,720
2012-08-16,9PM,5,5,3,553
2012-08-17,11AM,1,1,5,115
2012-08-17,4PM,6,2,6,626
2012-08-17,9PM,0,7,4,074
2012-08-18,11AM,5,8,8,588
2012-08-18,4PM,7,8,3,783
2012-08-18,9PM,3,0,2,302
2012-08-19,11AM,0,0,9,009
2012-08-19,4PM,9,8,7,987
2012-08-19,9PM,7,2,4,724
2012-08-20,11AM,6,3,3,633
2012-08-20,4PM,3,5,6,356
2012-08-20,9PM,5,8,3,583
2012-08-21,11AM,6,5,5,655
2012-08-21,4PM,1,6,1,161
2012-08-21,9PM,5,1,6,516
2012-08-22,11AM,5,2,5,525
2012-08-22,4PM,2,2,0,220
2012-08-22,9PM,1,0,2,102
2012-08-23,11AM,5,9,0,590
2012-08-23,4PM,2,6,2,262
2012-08-23,9PM,5,3,9,539
2012-08-24,11AM,0,4,7,047
2012-08-24,4PM,1,4,3,143
2012-08-24,9PM,0,6,9,069
2012-08-25,11AM,3,2,2,322
2012-08-25,4PM,1,4,6,146
2012-08-25,9PM,4,5,0,450
2012-08-26,11AM,6,4,3,643
2012-08-26,4PM,3,8,2,382
2012-08-26,9PM,9,6,7,967
2012-08-27,11AM,3,0,9,309
2012-08-27,4PM,5,3,3,533
2012-08-27,9PM,7,3,0,730
2012-08-28,11AM,1,7,9,179
2012-08-28,4PM,4,7,2,472
2012-08-28,9PM,2,3,9,239
2012-08-29,11AM,4,4,9,449
2012-08-29,4PM,1,7,1,171
2012-08-29,9PM,6,2,8,628
2012-08-30,11AM,6,8,8,688
2012-08-30,4PM,2,3,0,230
2012-08-30,9PM,5,0,8,508
2012-08-31,11AM,1,9,7,197
2012-08-31,4PM,5,4,0,540
2012-08-31,9PM,5,2,7,527
2012-09-01,11AM,5,4,2,542
2012-09-01,4PM,7,7,5,775
2012-09-01,9PM,5,0,9,509
2012-09-02,11AM,7,8,6,786
2012-09-02,4PM,5,6,9,569
2012-09-02,9PM,2,2,6,226
2012-09-03,11AM,8,7,9,879
2012-09-03,4PM,3,4,1,341
2012-09-03,9PM,6,8,0,680
2012-09-04,11AM,8,1,1,811
2012-09-04,4PM,8,9,7,897
2012-09-04,9PM,6,9,8,698
2012-09-05,11AM,8,7,7,877
2012-09-05,4PM,4,3,3,433
2012-09-05,9PM,2,6,1,261
2012-09-06,11AM,9,7,9,979
2012-09-06,4PM,3,9,6,396
2012-09-06,9PM,1,1,1,111
2012-09-07,11AM,5,4,8,548
2012-09-07,4PM,3,8,2,382
2012-09-07,9PM,5,3,2,532
2012-09-08,11AM,2,0,3,203
2012-09-08,4PM,2,9,2,292
2012-09-08,9PM,5,2,6,526
2012-09-09,11AM,7,7,0,770
2012-09-09,4PM,7,4,9,749
2012-09-09,9PM,4,3,8,438
2012-09-10,11AM,5,1,9,519
2012-09-10,4PM,5,1,0,510
2012-09-10,9PM,5,7,7,577
2012-09-11,11AM,0,2,4,024
2012-09-11,4PM,6,4,1,641
2012-09-11,9PM,2,6,8,268
2012-09-12,11AM,0,3,3,033
2012-09-12,4PM,5,6,9,569
2012-09-12,9PM,4,7,5,475
2012-09-13,11AM,6,0,7,607
2012-09-13,4PM,6,4,6,646
2012-09-13,9PM,2,4,2,242
2012-09-14,11AM,8,3,3,833
2012-09-14,4PM,5,7,0,570
2012-09-14,9PM,8,1,2,812
2012-09-15,11AM,8,5,8,858
2012-09-15,4PM,6,8,0,680
2012-09-15,9PM,4,3,8,438
2012-09-16,11AM,0,7,1,071
2012-09-16,4PM,9,8,4,984
2012-09-16,9PM,9,4,1,941
2012-09-17,11AM,2,3,1,231
2012-09-17,4PM,1,1,3,113
2012-09-17,9PM,9,4,9,949
2012-09-18,11AM,8,6,6,866
2012-09-18,4PM,2,7,4,274
2012-09-18,9PM,0,6,1,061
2012-09-19,11AM,1,2,2,122
2012-09-19,4PM,4,3,2,432
2012-09-19,9PM,2,0,9,209
2012-09-20,11AM,4,6,5,465
2012-09-20,4PM,4,1,4,414
2012-09-20,9PM,8,6,1,861
2012-09-21,11AM,3,3,7,337
2012-09-21,4PM,2,5,7,257
2012-09-21,9PM,1,2,6,126
2012-09-22,11AM,5,9,5,595
2012-09-22,4PM,2,4,1,241
2012-09-22,9PM,2,3,5,235
2012-09-23,11AM,1,8,5,185
2012-09-23,4PM,9,7,2,972
2012-09-23,9PM,2,0,8,208
2012-09-24,11AM,8,1,4,814
2012-09-24,4PM,6,8,1,681
2012-09-24,9PM,7,1,3,713
2012-09-25,11AM,9,5,5,955
2012-09-25,4PM,0,9,1,091
2012-09-25,9PM,5,5,2,552
2012-09-26,11AM,9,3,5,935
2012-09-26,4PM,3,2,4,324
2012-09-26,9PM,4,9,9,499
2012-09-27,11AM,5,1,9,519
2012-09-27,4PM,1,0,9,109
2012-09-27,9PM,0,7,5,075
2012-09-28,11AM,6,6,5,665
2012-09-28,4PM,5,7,5,575
2012-09-28,9PM,9,5,8,958
2012-09-29,11AM,1,7,5,175
2012-09-29,4PM,6,3,6,636
2012-09-29,9PM,6,6,6,666
2012-09-30,11AM,8,7,6,876
2012-09-30,4PM,2,6,2,262
2012-09-30,9PM,6,3,4,634
2012-10-01,11AM,7,5,6,756
2012-10-01,4PM,6,5,9,659
2012-10-01,9PM,1,9,7,197
2012-10-02,11AM,8,1,7,817
2012-10-02,4PM,0,4,5,045
2012-10-02,9PM,2,6,5,265
2012-10-03,11AM,1,1,9,119
2012-10-03,4PM,2,0,4,204
2012-10-03,9PM,0,5,4,054
2012-10-04,11AM,9,9,7,997
2012-10-04,4PM,8,4,1,841
2012-10-04,9PM,9,7,7,977
2012-10-05,11AM,7,4,0,740
2012-10-05,4PM,8,4,7,847
2012-10-05,9PM,1,8,5,185
2012-10-06,11AM,8,0,5,805
2012-10-06,4PM,9,0,3,903
2012-10-06,9PM,1,6,3,163
2012-10-07,11AM,8,4,7,847
2012-10-07,4PM,5,3,6,536
2012-10-07,9PM,6,9,7,697
2012-10-08,11AM,4,1,1,411
2012-10-08,4PM,7,4,2,742
2012-10-08,9PM,6,1,1,611
2012-10-09,11AM,4,1,4,414
2012-10-09,4PM,9,5,2,952
2012-10-09,9PM,3,8,3,383
2012-10-10,11AM,1,6,0,160
2012-10-10,4PM,7,8,0,780
2012-10-10,9PM,5,3,9,539
2012-10-11,11AM,4,2,2,422
2012-10-11,4PM,9,6,2,962
2012-10-11,9PM,8,8,8,888
2012-10-12,11AM,9,5,9,959
2012-10-12,4PM,3,7,1,371
2012-10-12,9PM,8,4,6,846
2012-10-13,11AM,1,4,0,140
2012-10-13,4PM,4,9,2,492
2012-10-13,9PM,6,5,3,653
2012-10-14,11AM,5,0,4,504
2012-10-14,4PM,8,5,1,851
2012-10-14,9PM,9,5,6,956
2012-10-15,11AM,3,9,7,397
2012-10-15,4PM,0,2,2,022
2012-10-15,9PM,3,9,1,391
2012-10-16,11AM,9,7,6,976
2012-10-16,4PM,8,6,0,860
2012-10-16,9PM,8,6,4,864
2012-10-17,11AM,5,4,1,541
2012-10-17,4PM,1,5,4,154
2012-10-17,9PM,1,4,4,144
2012-10-18,11AM,5,0,7,507
2012-10-18,4PM,1,9,2,192
2012-10-18,9PM,8,4,7,847
2012-10-19,11AM,7,5,6,756
2012-10-19,4PM,2,7,2,272
2012-10-19,9PM,0,4,4,044
2012-10-20,11AM,4,7,2,472
2012-10-20,4PM,4,0,7,407
2012-10-20,9PM,7,7,9,779
2012-10-21,11AM,1,2,5,125
2012-10-21,4PM,6,0,9,609
2012-10-21,9PM,1,8,5,185
2012-10-22,11AM,9,5,8,958
2012-10-22,4PM,2,6,5,265
2012-10-22,9PM,5,9,1,591
2012-10-23,11AM,7,2,2,722
2012-10-23,4PM,8,0,7,807
2012-10-23,9PM,3,5,3,353
2012-10-24,11AM,5,8,9,589
2012-10-24,4PM,2,7,2,272
2012-10-24,9PM,0,5,1,051
2012-10-25,11AM,4,3,8,438
2012-10-25,4PM,4,2,1,421
2012-10-25,9PM,6,3,7,637
2012-10-26,11AM,1,1,8,118
2012-10-26,4PM,5,5,7,557
2012-10-26,9PM,0,5,7,057
2012-10-27,11AM,6,7,0,670
2012-10-27,4PM,1,9,9,199
2012-10-27,9PM,2,0,9,209
2012-10-28,11AM,2,2,9,229
2012-10-28,4PM,7,8,2,782
2012-10-28,9PM,8,2,5,825
2012-10-29,11AM,8,5,5,855
2012-10-29,4PM,8,9,9,899
2012-10-29,9PM,7,1,0,710
2012-10-30,11AM,0,0,1,001
2012-10-30,4PM,9,0,4,904
2012-10-30,9PM,8,0,9,809
2012-10-31,11AM,5,0,3,503
2012-10-31,4PM,5,3,8,538
2012-10-31,9PM,2,2,0,220
2012-11-01,11AM,7,3,7,737
2012-11-01,4PM,4,2,7,427
2012-11-01,9PM,5,6,2,562
2012-11-02,11AM,0,1,9,019
2012-11-02,4PM,0,8,9,089
2012-11-02,9PM,6,3,0,630
2012-11-03,11AM,2,4,4,244
2012-11-03,4PM,0,7,1,071
2012-11-03,9PM,1,1,7,117
2012-11-04,11AM,8,2,4,824
2012-11-04,4PM,3,8,3,383
2012-11-04,9PM,3,8,9,389
2012-11-05,11AM,9,6,4,964
2012-11-05,4PM,9,7,0,970
2012-11-05,9PM,3,6,8,368
2012-11-06,11AM,7,9,4,794
2012-11-06,4PM,3,0,7,307
2012-11-06,9PM,4,6,6,466
2012-11-07,11AM,8,9,2,892
2012-11-07,4PM,4,8,2,482
2012-11-07,9PM,8,5,3,853
2012-11-08,11AM,2,6,4,264
2012-11-08,4PM,9,6,7,967
2012-11-08,9PM,5,4,9,549
2012-11-09,11AM,9,0,4,904
2012-11-09,4PM,3,6,2,362
2012-11-09,9PM,4,7,5,475
2012-11-10,11AM,3,8,8,388
2012-11-10,4PM,2,8,7,287
2012-11-10,9PM,1,8,6,186
2012-11-11,11AM,8,0,0,800
2012-11-11,4PM,7,9,5,795
2012-11-11,9PM,5,0,6,506
2012-11-12,11AM,7,9,7,797
2012-11-12,4PM,9,2,1,921
2012-11-12,9PM,6,8,1,681
2012-11-13,11AM,8,4,4,844
2012-11-13,4PM,1,4,7,147
2012-11-13,9PM,6,2,1,621
2012-11-14,11AM,8,3,3,833
2012-11-14,4PM,4,7,5,475
2012-11-14,9PM,5,5,7,557
2012-11-15,11AM,9,0,8,908
2012-11-15,4PM,7,3,9,739
2012-11-15,9PM,0,3,7,037
2012-11-16,11AM,4,7,9,479
2012-11-16,4PM,3,1,1,311
2012-11-16,9PM,7,3,1,731
2012-11-17,11AM,3,6,6,366
2012-11-17,4PM,6,1,2,612
2012-11-17,9PM,5,7,1,571
2012-11-18,11AM,4,3,0,430
2012-11-18,4PM,2,1,0,210
2012-11-18,9PM,3,2,8,328
2012-11-19,11AM,2,8,3,283
2012-11-19,4PM,6,5,8,658
2012-11-19,9PM,2,0,4,204
2012-11-20,11AM,5,7,8,578
2012-11-20,4PM,6,7,1,671
2012-11-20,9PM,7,2,0,720
2012-11-21,11AM,4,0,5,405
2012-11-21,4PM,8,5,8,858
2012-11-21,9PM,6,8,0,680
2012-11-22,11AM,2,4,1,241
2012-11-22,4PM,1,6,2,162
2012-11-22,9PM,3,7,9,379
2012-11-23,11AM,4,0,3,403
2012-11-23,4PM,7,8,7,787
2012-11-23,9PM,5,9,4,594
2012-11-24,11AM,4,6,2,462
2012-11-24,4PM,4,1,5,415
2012-11-24,9PM,4,5,6,456
2012-11-25,11AM,3,6,8,368
2012-11-25,4PM,1,1,4,114
2012-11-25,9PM,1,5,2,152
2012-11-26,11AM,1,2,1,121
2012-11-26,4PM,9,5,6,956
2012-11-26,9PM,9,8,4,984
2012-11-27,11AM,8,5,3,853
2012-11-27,4PM,7,7,7,777
2012-11-27,9PM,5,9,4,594
2012-11-28,11AM,3,1,0,310
2012-11-28,4PM,1,0,5,105
2012-11-28,9PM,5,3,8,538
2012-11-29,11AM,5,5,3,553
2012-11-29,4PM,4,9,1,491
2012-11-29,9PM,1,9,9,199
2012-11-30,11AM,8,0,4,804
2012-11-30,4PM,7,7,9,779
2012-11-30,9PM,1,0,4,104
2012-12-01,11AM,7,7,5,775
2012-12-01,4PM,1,2,1,121
2012-12-01,9PM,4,9,2,492
2012-12-02,11AM,1,7,1,171
2012-12-02,4PM,0,0,4,004
2012-12-02,9PM,5,0,9,509
2012-12-03,11AM,1,9,5,195
2012-12-03,4PM,7,6,0,760
2012-12-03,9PM,2,7,1,271
2012-12-04,11AM,8,8,2,882
2012-12-04,4PM,0,5,2,052
2012-12-04,9PM,8,4,5,845
2012-12-05,11AM,8,7,1,871
2012-12-05,4PM,6,7,9,679
2012-12-05,9PM,5,7,5,575
2012-12-06,11AM,5,4,1,541
2012-12-06,4PM,3,9,2,392
2012-12-06,9PM,2,5,2,252
2012-12-07,11AM,6,0,2,602
2012-12-07,4PM,5,6,9,569
2012-12-07,9PM,7,0,7,707
2012-12-08,11AM,6,3,4,634
2012-12-08,4PM,9,5,2,952
2012-12-08,9PM,9,0,4,904
2012-12-09,11AM,9,2,4,924
2012-12-09,4PM,0,1,8,018
2012-12-09,9PM,3,4,2,342
2012-12-10,11AM,0,2,2,022
2012-12-10,4PM,9,8,3,983
2012-12-10,9PM,4,8,6,486
2012-12-11,11AM,9,7,8,978
2012-12-11,4PM,8,6,4,864
2012-12-11,9PM,5,9,9,599
2012-12-12,11AM,4,1,4,414
2012-12-12,4PM,3,2,9,329
2012-12-12,9PM,5,8,4,584
2012-12-13,11AM,8,9,0,890
2012-12-13,4PM,0,2,2,022
2012-12-13,9PM,9,4,0,940
2012-12-14,11AM,4,1,1,411
2012-12-14,4PM,2,0,7,207
2012-12-14,9PM,3,7,7,377
2012-12-15,11AM,6,3,9,639
2012-12-15,4PM,7,4,4,744
2012-12-15,9PM,4,3,5,435
2012-12-16,11AM,3,6,3,363
2012-12-16,4PM,2,6,8,268
2012-12-16,9PM,2,7,2,272
2012-12-17,11AM,6,5,1,651
2012-12-17,4PM,0,5,3,053
2012-12-17,9PM,7,8,1,781
2012-12-18,11AM,0,7,8,078
2012-12-18,4PM,9,6,7,967
2012-12-18,9PM,9,6,1,961
2012-12-19,11AM,4,9,0,490
2012-12-19,4PM,1,6,2,162
2012-12-19,9PM,7,7,0,770
2012-12-20,11AM,1,7,9,179
2012-12-20,4PM,9,6,5,965
2012-12-20,9PM,2,1,8,218
2012-12-21,11AM,9,2,5,925
2012-12-21,4PM,2,5,1,251
2012-12-21,9PM,7,9,5,795
2012-12-22,11AM,7,4,1,741
2012-12-22,4PM,3,3,0,330
2012-12-22,9PM,5,1,0,510
2012-12-23,11AM,0,5,3,053
2012-12-23,4PM,5,8,4,584
2012-12-23,9PM,3,6,7,367
2012-12-24,11AM,8,0,4,804
2012-12-24,4PM,4,7,0,470
2012-12-24,9PM,6,2,9,629
2012-12-26,11AM,2,6,8,268
2012-12-26,4PM,9,5,8,958
2012-12-26,9PM,2,3,8,238
2012-12-27,11AM,4,6,4,464
2012-12-27,4PM,9,2,3,923
2012-12-27,9PM,2,4,1,241
2012-12-28,11AM,8,4,5,845
2012-12-28,4PM,3,8,6,386
2012-12-28,9PM,6,2,5,625
2012-12-29,11AM,6,7,7,677
2012-12-29,4PM,9,1,9,919
2012-12-29,9PM,8,3,6,836
2012-12-30,11AM,0,9,6,096
2012-12-30,4PM,3,1,2,312
2012-12-30,9PM,3,3,0,330
2012-12-31,11AM,5,4,9,549
2012-12-31,4PM,7,6,6,766
2012-12-31,9PM,1,6,0,160
